{
    "1": {
        "cmph": 0.40724182090144867, 
        "cmps": 0.020170749851618895
    }, 
    "2": {
        "cmph": 0.3962000187721434, 
        "cmps": 0.029821038085930427
    }, 
    "3": {
        "cmph": 0.4729568926769359, 
        "cmps": 0.10167923530304558
    }, 
    "4": {
        "cmph": 0.3234881475876303, 
        "cmps": 0.006871094287886655
    }, 
    "5": {
        "cmph": 0.3127121714150487, 
        "cmps": 0.01834425623031447
    }, 
    "6": {
        "cmph": 0.3099894335399985, 
        "cmps": 0.033104992382061785
    }, 
    "7": {
        "cmph": 0.28855745452489295, 
        "cmps": 0.04279650129833542
    }, 
    "8": {
        "cmph": 0.3210370787322696, 
        "cmps": 0.002623499423449061
    }, 
    "9": {
        "cmph": 0.42437410107155543, 
        "cmps": 0.008399641575021126
    }, 
    "10": {
        "cmph": 0.40893067023929147, 
        "cmps": 0.04704772655359744
    }, 
    "11": {
        "cmph": 0.46265542668561965, 
        "cmps": 0.04513754811546315
    }, 
    "12": {
        "cmph": 0.7064930940604882, 
        "cmps": 0.02764281300974167
    }, 
    "13": {
        "cmph": 0.7849440257496499, 
        "cmps": 0.09335246611026549
    }, 
    "14": {
        "cmph": 0.7684438181432139, 
        "cmps": 0.10248940562817435
    }, 
    "15": {
        "cmph": 0.6688950055467149, 
        "cmps": 0.03731067515073036
    }, 
    "16": {
        "cmph": 0.6569192947414589, 
        "cmps": 0.06586965755783147
    }, 
    "17": {
        "cmph": 0.8213298560512062, 
        "cmps": 0.10466570783680111
    }, 
    "18": {
        "cmph": 0.9581801728524533, 
        "cmps": 0.12542153028102365
    }, 
    "19": {
        "cmph": 0.9041629796820184, 
        "cmps": 0.16329315127547267
    }, 
    "20": {
        "cmph": 0.9063643148950302, 
        "cmps": 0.21071788800277677
    }, 
    "21": {
        "cmph": 0.7097121719195238, 
        "cmps": 0.2527531055524461
    }, 
    "22": {
        "cmph": 0.7949110173559929, 
        "cmps": 0.24421539692475178
    }, 
    "23": {
        "cmph": 0.9290647606346958, 
        "cmps": 0.23372591612302593
    }, 
    "24": {
        "cmph": 0.9366417543401417, 
        "cmps": 0.2404312391261689
    }, 
    "25": {
        "cmph": 0.9101099185898704, 
        "cmps": 0.2268345166624747
    }, 
    "26": {
        "cmph": 0.8958799992251825, 
        "cmps": 0.19646221443955747
    }, 
    "27": {
        "cmph": 0.8747846272244622, 
        "cmps": 0.19130334427276494
    }, 
    "28": {
        "cmph": 0.8638131727707338, 
        "cmps": 0.16304938329438742
    }, 
    "29": {
        "cmph": 0.7303224024638373, 
        "cmps": 0.14235673377273494
    }, 
    "30": {
        "cmph": 0.8026499885701247, 
        "cmps": 0.08420861607593416
    }, 
    "31": {
        "cmph": 0.6455827955771687, 
        "cmps": 0.007078069813059345
    }, 
    "32": {
        "cmph": 0.6054268576932131, 
        "cmps": 0.0034497419442435064
    }, 
    "final": {
        "OverThreshold": 21, 
        "Ratio": 65, 
        "Frame": 32
    }
}