{
    "1": {
        "cmph": 0.011921559278388925,
        "cmps": 0.05164968174845761
    },
    "2": {
        "cmph": 0.011463346920299744,
        "cmps": 0.05032807195348183
    },
    "3": {
        "cmph": 0.0110231705837012,
        "cmps": 0.05398247622240633
    },
    "4": {
        "cmph": 0.010581837676866894,
        "cmps": 0.04906817236067555
    },
    "5": {
        "cmph": 0.009426289321032769,
        "cmps": 0.04026214600241031
    },
    "6": {
        "cmph": 0.010665781791165282,
        "cmps": 0.039808819104984954
    },
    "7": {
        "cmph": 0.010505155657927092,
        "cmps": 0.036850573887374734
    },
    "8": {
        "cmph": 0.004418998158664582,
        "cmps": 0.04209719196491009
    },
    "9": {
        "cmph": 0.006155041719508794,
        "cmps": 0.04143419061202406
    },
    "10": {
        "cmph": 0.011155044447640745,
        "cmps": 0.04671487714483858
    },
    "11": {
        "cmph": 0.011451388240028601,
        "cmps": 0.044388180855934635
    },
    "12": {
        "cmph": 0.011014030592255804,
        "cmps": 0.04977011927111567
    },
    "13": {
        "cmph": 0.004060549213416797,
        "cmps": 0.05117542551259863
    },
    "14": {
        "cmph": 0.0022218791071090993,
        "cmps": 0.050448078854818675
    },
    "15": {
        "cmph": 0.0020046607582251885,
        "cmps": 0.05150118102779764
    },
    "16": {
        "cmph": 0.004642592768374383,
        "cmps": 0.053083064910013605
    },
    "17": {
        "cmph": 0.0020359827410880945,
        "cmps": 0.05685939338800558
    },
    "18": {
        "cmph": 0.009773679510605341,
        "cmps": 0.05979592554565348
    },
    "19": {
        "cmph": 0.005400108012964134,
        "cmps": 0.050482069012576083
    },
    "20": {
        "cmph": 0.000669699083252103,
        "cmps": 0.05494371640282166
    },
    "21": {
        "cmph": 0.0011900516555787375,
        "cmps": 0.05160565314389231
    },
    "22": {
        "cmph": 0.006995925680400992,
        "cmps": 0.051265714123148814
    },
    "23": {
        "cmph": 0.010017994787079178,
        "cmps": 0.056409706942170956
    },
    "24": {
        "cmph": 0.0023878244216564808,
        "cmps": 0.07626807858997825
    },
    "25": {
        "cmph": 0.00458503132319594,
        "cmps": 0.08559864213673275
    },
    "26": {
        "cmph": 0.004267360800273307,
        "cmps": 0.09967346074233249
    },
    "27": {
        "cmph": 0.015155162636774099,
        "cmps": 0.09218954714117626
    },
    "28": {
        "cmph": 0.01339927611255671,
        "cmps": 0.06879231323024654
    },
    "29": {
        "cmph": 0.013397970803491189,
        "cmps": 0.06837550950483695
    },
    "30": {
        "cmph": 0.01926935455841503,
        "cmps": 0.07915586721706219
    },
    "31": {
        "cmph": 1.0,
        "cmps": 0.07329470893679944
    },
    "32": {
        "cmph": 0.023099612610279183,
        "cmps": 0.08395784313055153
    },
    "33": {
        "cmph": 0.010220493556197535,
        "cmps": 0.08341268156417772
    },
    "34": {
        "cmph": 0.019931263528387862,
        "cmps": 0.08414408940988276
    },
    "35": {
        "cmph": 0.031748253895810444,
        "cmps": 0.0862613629192374
    },
    "36": {
        "cmph": 1.0,
        "cmps": 0.06983344191837058
    },
    "37": {
        "cmph": 1.0,
        "cmps": 0.06746253121321953
    },
    "38": {
        "cmph": 1.0,
        "cmps": 0.070369091574123
    },
    "39": {
        "cmph": 1.0,
        "cmps": 0.07167006949642227
    },
    "40": {
        "cmph": 1.0,
        "cmps": 0.06545255502171453
    },
    "41": {
        "cmph": 1.0,
        "cmps": 0.06758854915524105
    },
    "42": {
        "cmph": 1.0,
        "cmps": 0.069301795636296
    },
    "43": {
        "cmph": 1.0,
        "cmps": 0.07648183726808172
    },
    "44": {
        "cmph": 1.0,
        "cmps": 0.07983056339997271
    },
    "45": {
        "cmph": 1.0,
        "cmps": 0.07646666301980982
    },
    "46": {
        "cmph": 1.0,
        "cmps": 0.07212686144969578
    },
    "47": {
        "cmph": 1.0,
        "cmps": 0.06972835084294886
    },
    "final": {
        "OverThreshold": 13,
        "Ratio": 27,
        "Frame": 47
    }
}