{
    "1": {
        "cmph": 0.6340216831351845,
        "cmps": 0.6656690553610152
    },
    "2": {
        "cmph": 0.5454185145961459,
        "cmps": 0.6816135912011417
    },
    "3": {
        "cmph": 0.6093396610381455,
        "cmps": 0.7063032973659218
    },
    "4": {
        "cmph": 0.6815487898774982,
        "cmps": 0.3759677655527482
    },
    "5": {
        "cmph": 0.6418573652827307,
        "cmps": 0.29902719018686164
    },
    "6": {
        "cmph": 0.7030021163396071,
        "cmps": 0.20623809272032673
    },
    "7": {
        "cmph": 0.7066272315601878,
        "cmps": 0.20497660700364684
    },
    "8": {
        "cmph": 0.7058570581111349,
        "cmps": 0.2234972101662086
    },
    "9": {
        "cmph": 0.7667966659279342,
        "cmps": 0.36141302991694685
    },
    "10": {
        "cmph": 0.6932224710186738,
        "cmps": 0.4644663523916057
    },
    "11": {
        "cmph": 0.7684889999515664,
        "cmps": 0.6118890454137925
    },
    "12": {
        "cmph": 0.6530884495526402,
        "cmps": 0.45940836465268614
    },
    "13": {
        "cmph": 0.7085286841495909,
        "cmps": 0.5176859290770567
    },
    "14": {
        "cmph": 0.7960401923493703,
        "cmps": 0.4863565531375725
    },
    "15": {
        "cmph": 0.8565177815931508,
        "cmps": 0.4951955275844914
    },
    "16": {
        "cmph": 0.874384327089687,
        "cmps": 0.44727805369804163
    },
    "17": {
        "cmph": 0.9141197520395347,
        "cmps": 0.3658399411589409
    },
    "18": {
        "cmph": 0.898426472692194,
        "cmps": 0.4469665639065593
    },
    "19": {
        "cmph": 0.8699264931980896,
        "cmps": 0.47583563637141685
    },
    "20": {
        "cmph": 0.8199090154343339,
        "cmps": 0.5326680402054226
    },
    "21": {
        "cmph": 0.7491551543203324,
        "cmps": 0.6973909533232042
    },
    "final": {
        "OverThreshold": 21,
        "Ratio": 100,
        "Frame": 21
    }
}