{
    "1": {
        "cmph": 0.5336652136817279,
        "cmps": 0.2801737091326532
    },
    "2": {
        "cmph": 0.7765705573201569,
        "cmps": 0.42042846203129075
    },
    "3": {
        "cmph": 0.7634565579603211,
        "cmps": 0.5275176175295698
    },
    "4": {
        "cmph": 0.6818045443375603,
        "cmps": 0.5753041800921169
    },
    "5": {
        "cmph": 0.7014545077505699,
        "cmps": 0.5633478257463511
    },
    "6": {
        "cmph": 0.75641514142538,
        "cmps": 0.5415442451317034
    },
    "7": {
        "cmph": 0.7108325579375675,
        "cmps": 0.6031664084470516
    },
    "8": {
        "cmph": 0.797598022077765,
        "cmps": 0.59373834420563
    },
    "9": {
        "cmph": 0.7753516128416809,
        "cmps": 0.661232601367285
    },
    "10": {
        "cmph": 0.7356020751540204,
        "cmps": 0.626646797064911
    },
    "11": {
        "cmph": 0.7192875618590029,
        "cmps": 0.7111467011747338
    },
    "12": {
        "cmph": 0.7036774727081953,
        "cmps": 0.7243603011923622
    },
    "13": {
        "cmph": 0.7050242348892631,
        "cmps": 0.6956370714286776
    },
    "14": {
        "cmph": 0.661079045681562,
        "cmps": 0.7460068609437621
    },
    "15": {
        "cmph": 0.554253202438607,
        "cmps": 0.7895890819054859
    },
    "16": {
        "cmph": 0.5007178356173526,
        "cmps": 0.8087790796723954
    },
    "17": {
        "cmph": 0.5575937907853731,
        "cmps": 0.7375604917210877
    },
    "18": {
        "cmph": 0.438174971597093,
        "cmps": 0.7276933750619857
    },
    "19": {
        "cmph": 0.26273892595247605,
        "cmps": 0.7252375674339472
    },
    "20": {
        "cmph": 0.28516431826457267,
        "cmps": 0.7663608442940815
    },
    "21": {
        "cmph": 0.27255399622165943,
        "cmps": 0.8638828519962377
    },
    "22": {
        "cmph": 0.2820059806263649,
        "cmps": 0.8277222657982405
    },
    "23": {
        "cmph": 0.3296368028117989,
        "cmps": 0.8825054268928999
    },
    "24": {
        "cmph": 0.23389831435320627,
        "cmps": 0.8620389588271832
    },
    "25": {
        "cmph": 0.2389503337866014,
        "cmps": 0.8390335927956862
    },
    "26": {
        "cmph": 0.15214407196067906,
        "cmps": 0.7962229058117775
    },
    "27": {
        "cmph": 0.10715127088528333,
        "cmps": 0.8307110979591203
    },
    "28": {
        "cmph": 0.06832843396575498,
        "cmps": 0.8038899821260471
    },
    "29": {
        "cmph": 0.026561534577681963,
        "cmps": 0.8665089384162944
    },
    "30": {
        "cmph": 0.03144032502828473,
        "cmps": 0.8448472167591785
    },
    "31": {
        "cmph": 0.013953210749411022,
        "cmps": 0.7871572197643601
    },
    "32": {
        "cmph": 0.01239469653117119,
        "cmps": 0.7363052295693039
    },
    "33": {
        "cmph": 0.003227861839593913,
        "cmps": 0.7930133105129187
    },
    "34": {
        "cmph": 0.0015926360731558886,
        "cmps": 0.715272597736053
    },
    "35": {
        "cmph": 0.006592607641923965,
        "cmps": 0.6773716580082054
    },
    "36": {
        "cmph": 0.003322625625647599,
        "cmps": 0.6690064618294379
    },
    "37": {
        "cmph": 0.001838531617245742,
        "cmps": 0.6232009817390662
    },
    "38": {
        "cmph": 0.00850448036962028,
        "cmps": 0.4346703725913145
    },
    "39": {
        "cmph": 0.0047469667266530945,
        "cmps": 0.45083853173420013
    },
    "40": {
        "cmph": 0.008805013446349817,
        "cmps": 0.49371417875524615
    },
    "41": {
        "cmph": 0.010105031305336295,
        "cmps": 0.41199779680115167
    },
    "42": {
        "cmph": 0.011715325231243265,
        "cmps": 0.28347175168091465
    },
    "final": {
        "OverThreshold": 18,
        "Ratio": 42,
        "Frame": 42
    }
}