{
    "1": {
        "cmph": 0.3942366833653407,
        "cmps": 0.43383517585597875
    },
    "2": {
        "cmph": 0.4350255811214696,
        "cmps": 0.6680098722709119
    },
    "3": {
        "cmph": 0.3604648506984005,
        "cmps": 0.6489766419659552
    },
    "4": {
        "cmph": 0.20355065427874897,
        "cmps": 0.7278752795061415
    },
    "5": {
        "cmph": 0.24300472894446246,
        "cmps": 0.5821222010116717
    },
    "6": {
        "cmph": 0.1660970033669382,
        "cmps": 0.6377171807643112
    },
    "7": {
        "cmph": 0.1557473889721966,
        "cmps": 0.7132651392103823
    },
    "8": {
        "cmph": 0.04178609494635692,
        "cmps": 0.7249038746902705
    },
    "9": {
        "cmph": 0.373157696083124,
        "cmps": 0.5063592929055938
    },
    "10": {
        "cmph": 0.311865636411005,
        "cmps": 0.5363243927407614
    },
    "11": {
        "cmph": 0.3865651522160959,
        "cmps": 0.37748719657116925
    },
    "12": {
        "cmph": 0.21724663078489936,
        "cmps": 0.5226687071547139
    },
    "13": {
        "cmph": 0.1556482190899042,
        "cmps": 0.5392586248641843
    },
    "14": {
        "cmph": 0.18147892856023318,
        "cmps": 0.3993987185838033
    },
    "15": {
        "cmph": 0.18148521587790484,
        "cmps": 0.2960185587993748
    },
    "16": {
        "cmph": 0.17012870473461225,
        "cmps": 0.2679556874193516
    },
    "17": {
        "cmph": 0.1568870291956024,
        "cmps": 0.2243322072339805
    },
    "18": {
        "cmph": 0.11714893613148043,
        "cmps": 0.2236515206000063
    },
    "19": {
        "cmph": 0.018232833917643285,
        "cmps": 0.19394762545781857
    },
    "20": {
        "cmph": 0.03524059533000331,
        "cmps": 0.06695726674322515
    },
    "21": {
        "cmph": 0.03384484060223892,
        "cmps": 0.07022927669932373
    },
    "22": {
        "cmph": 0.03541710457760888,
        "cmps": 0.07807809197408795
    },
    "final": {
        "OverThreshold": 5,
        "Ratio": 22,
        "Frame": 22
    }
}