{
    "1": {
        "cmph": 0.03965698251233799,
        "cmps": 0.1393669172676398
    },
    "2": {
        "cmph": 0.0324265712145354,
        "cmps": 0.12069272366051421
    },
    "3": {
        "cmph": 0.028422778437097427,
        "cmps": 0.12971709601064707
    },
    "4": {
        "cmph": 0.018296204207693536,
        "cmps": 0.11788537005957657
    },
    "5": {
        "cmph": 0.023436645973719205,
        "cmps": 0.12145093274204148
    },
    "6": {
        "cmph": 0.022863954547731217,
        "cmps": 0.1245253249763248
    },
    "7": {
        "cmph": 0.018998697058489035,
        "cmps": 0.11153161105666919
    },
    "8": {
        "cmph": 0.023388873778236195,
        "cmps": 0.10530950537250938
    },
    "9": {
        "cmph": 0.02372524968996766,
        "cmps": 0.10165576401568104
    },
    "10": {
        "cmph": 0.023554208451582292,
        "cmps": 0.11914482242628875
    },
    "11": {
        "cmph": 0.02408801102611399,
        "cmps": 0.11055615935389389
    },
    "12": {
        "cmph": 0.019543174493610923,
        "cmps": 0.09966163894578875
    },
    "13": {
        "cmph": 0.01736182820911434,
        "cmps": 0.09439982817145438
    },
    "14": {
        "cmph": 0.019653196392308923,
        "cmps": 0.10294204887549309
    },
    "15": {
        "cmph": 0.018172918275395605,
        "cmps": 0.09520918765959556
    },
    "16": {
        "cmph": 0.018632936096940864,
        "cmps": 0.0882228009875619
    },
    "17": {
        "cmph": 0.019492642943660956,
        "cmps": 0.08396875283918857
    },
    "18": {
        "cmph": 0.02205028178762158,
        "cmps": 0.10148703784011992
    },
    "19": {
        "cmph": 0.022715613006756966,
        "cmps": 0.0930312475693962
    },
    "20": {
        "cmph": 0.2181451447248802,
        "cmps": 0.10408150333089967
    },
    "21": {
        "cmph": 0.22166426549698087,
        "cmps": 0.10728404970183314
    },
    "22": {
        "cmph": 0.2481711655654908,
        "cmps": 0.10499325993597529
    },
    "final": {
        "OverThreshold": 2,
        "Ratio": 11,
        "Frame": 22
    }
}