{
    "1": {
        "cmph": 0.015035431342460897,
        "cmps": 0.09446454687259682
    },
    "2": {
        "cmph": 0.014621649646194303,
        "cmps": 0.09963476676378906
    },
    "3": {
        "cmph": 0.01386957671213175,
        "cmps": 0.10711289524214437
    },
    "4": {
        "cmph": 0.013598429516259955,
        "cmps": 0.09676214453390766
    },
    "5": {
        "cmph": 0.014459088043657373,
        "cmps": 0.09277427634783254
    },
    "6": {
        "cmph": 0.013700276232131265,
        "cmps": 0.08788021327804559
    },
    "7": {
        "cmph": 0.01444322314771331,
        "cmps": 0.09410890066904447
    },
    "8": {
        "cmph": 0.013901511398358143,
        "cmps": 0.08963494088384183
    },
    "9": {
        "cmph": 0.013993833410602551,
        "cmps": 0.09002797972306575
    },
    "10": {
        "cmph": 0.013916940703584875,
        "cmps": 0.09560971387509011
    },
    "11": {
        "cmph": 0.013667584814781714,
        "cmps": 0.09798626837294021
    },
    "12": {
        "cmph": 0.013868364330132199,
        "cmps": 0.10018739764369117
    },
    "13": {
        "cmph": 0.013191809881564896,
        "cmps": 0.09831099865764187
    },
    "14": {
        "cmph": 0.01302688528778883,
        "cmps": 0.10981166126935674
    },
    "15": {
        "cmph": 0.012959443530940775,
        "cmps": 0.11219064115501357
    },
    "16": {
        "cmph": 0.013111684444939436,
        "cmps": 0.1076504554603617
    },
    "17": {
        "cmph": 0.013488118471202152,
        "cmps": 0.11174709559242214
    },
    "18": {
        "cmph": 0.013134177655120637,
        "cmps": 0.11782092147563199
    },
    "19": {
        "cmph": 0.0133279208489589,
        "cmps": 0.10426157836294643
    },
    "20": {
        "cmph": 0.013878579514921857,
        "cmps": 0.11156236628794154
    },
    "21": {
        "cmph": 0.013072070684380327,
        "cmps": 0.10811057915500549
    },
    "22": {
        "cmph": 0.013091220713075823,
        "cmps": 0.10477727007540641
    },
    "23": {
        "cmph": 0.013221598332398358,
        "cmps": 0.10949784672555075
    },
    "24": {
        "cmph": 0.013227196995280365,
        "cmps": 0.10920555038524683
    },
    "25": {
        "cmph": 0.013107377305650508,
        "cmps": 0.09027309170077687
    },
    "26": {
        "cmph": 0.013291570224770207,
        "cmps": 0.09347979476605037
    },
    "27": {
        "cmph": 0.012638735018558004,
        "cmps": 0.08756094589722489
    },
    "28": {
        "cmph": 0.012180415606545815,
        "cmps": 0.08980412794551833
    },
    "29": {
        "cmph": 0.01315013898430443,
        "cmps": 0.09147301507774382
    },
    "30": {
        "cmph": 0.013365058441739635,
        "cmps": 0.08730260990714384
    },
    "31": {
        "cmph": 0.014526189999437198,
        "cmps": 0.08072442092567648
    },
    "32": {
        "cmph": 0.015759664871020082,
        "cmps": 0.09612739791133214
    },
    "33": {
        "cmph": 0.016025832849756883,
        "cmps": 0.08848640951374151
    },
    "34": {
        "cmph": 0.01957399856685279,
        "cmps": 0.08109361294454252
    },
    "final": {
        "OverThreshold": 0,
        "Ratio": 0,
        "Frame": 34
    }
}