{
    "1": {
        "cmph": 1.0,
        "cmps": 0.016204299075575978
    },
    "2": {
        "cmph": 1.0,
        "cmps": 0.027774044260013838
    },
    "3": {
        "cmph": 1.0,
        "cmps": 0.029003467691962367
    },
    "4": {
        "cmph": 0.011076116260035079,
        "cmps": 0.02623971438967308
    },
    "5": {
        "cmph": 0.013477167914936106,
        "cmps": 0.015465996656694686
    },
    "6": {
        "cmph": 1.0,
        "cmps": 0.016779425646423828
    },
    "7": {
        "cmph": 0.027745793703354185,
        "cmps": 0.0009937773947902998
    },
    "8": {
        "cmph": 0.02255987179111281,
        "cmps": 0.016575588046300896
    },
    "9": {
        "cmph": 0.02852818282622369,
        "cmps": 0.03893743403910815
    },
    "10": {
        "cmph": 0.01594172638848937,
        "cmps": 0.05130265576065172
    },
    "11": {
        "cmph": 0.032161832929986596,
        "cmps": 0.018539490584460683
    },
    "12": {
        "cmph": 0.029457935482612375,
        "cmps": 0.0010786010881740232
    },
    "13": {
        "cmph": 0.03391091974732966,
        "cmps": 0.010936066449273328
    },
    "14": {
        "cmph": 0.025542062108517446,
        "cmps": 0.017695579411177983
    },
    "15": {
        "cmph": 0.014930507625850483,
        "cmps": 0.014117499189473144
    },
    "16": {
        "cmph": 0.018946604250860127,
        "cmps": 0.01932379016258094
    },
    "17": {
        "cmph": 1.0,
        "cmps": 0.01536665099520378
    },
    "18": {
        "cmph": 0.023566981074850713,
        "cmps": 0.004173057545644071
    },
    "19": {
        "cmph": 0.018392908709596364,
        "cmps": 0.012118585608852286
    },
    "20": {
        "cmph": 1.0,
        "cmps": 0.0021636354334157743
    },
    "21": {
        "cmph": 0.01652260869559849,
        "cmps": 0.030924913347269604
    },
    "22": {
        "cmph": 0.022853755891312375,
        "cmps": 0.043433153824782196
    },
    "23": {
        "cmph": 0.022637520627996576,
        "cmps": 0.04280045302511621
    },
    "24": {
        "cmph": 0.023807498520968286,
        "cmps": 0.07388806715534892
    },
    "25": {
        "cmph": 0.030945495730155596,
        "cmps": 0.024183010428415582
    },
    "26": {
        "cmph": 0.028899716636794685,
        "cmps": 0.03471869614052561
    },
    "27": {
        "cmph": 0.037044105846885333,
        "cmps": 0.03270969424072371
    },
    "28": {
        "cmph": 0.018520094702579034,
        "cmps": 0.09486024325738919
    },
    "29": {
        "cmph": 0.025501635203521954,
        "cmps": 0.058775005478015244
    },
    "30": {
        "cmph": 0.026317710021835947,
        "cmps": 0.04885386336130962
    },
    "31": {
        "cmph": 0.11127530872202203,
        "cmps": 0.029071327831659353
    },
    "32": {
        "cmph": 0.03366459840210387,
        "cmps": 0.008862100312338056
    },
    "33": {
        "cmph": 0.020206113042826802,
        "cmps": 0.0018795061041791984
    },
    "34": {
        "cmph": 0.020594841731322876,
        "cmps": 0.01618085897569573
    },
    "final": {
        "OverThreshold": 3,
        "Ratio": 11,
        "Frame": 34
    }
}