{
    "1": {
        "cmph": 0.01339563989903168,
        "cmps": 0.05302792967871471
    },
    "2": {
        "cmph": 0.012871350584135055,
        "cmps": 0.04436108651419047
    },
    "3": {
        "cmph": 0.012531894459800174,
        "cmps": 0.04343458487712774
    },
    "4": {
        "cmph": 0.013600317773840801,
        "cmps": 0.04589913062201811
    },
    "5": {
        "cmph": 0.012354220897382834,
        "cmps": 0.043510317955140806
    },
    "6": {
        "cmph": 0.011960025378410533,
        "cmps": 0.04086780928912347
    },
    "7": {
        "cmph": 0.011977887316563785,
        "cmps": 0.0395248435632015
    },
    "8": {
        "cmph": 0.01215104303509115,
        "cmps": 0.039830659865597466
    },
    "9": {
        "cmph": 0.013236681780119369,
        "cmps": 0.04341963227671056
    },
    "10": {
        "cmph": 0.012655295049667118,
        "cmps": 0.0422284580626849
    },
    "11": {
        "cmph": 0.012440734209199666,
        "cmps": 0.041643878457302407
    },
    "12": {
        "cmph": 0.012615110520424343,
        "cmps": 0.041196117042017914
    },
    "13": {
        "cmph": 0.014506318030618985,
        "cmps": 0.04276560404507432
    },
    "14": {
        "cmph": 0.013072711913674664,
        "cmps": 0.04289985535567285
    },
    "15": {
        "cmph": 0.014139844382187941,
        "cmps": 0.04796856565846497
    },
    "16": {
        "cmph": 0.016289736846635587,
        "cmps": 0.05742805163863982
    },
    "17": {
        "cmph": 0.017081554855348097,
        "cmps": 0.06483657439190561
    },
    "18": {
        "cmph": 0.01755143736459921,
        "cmps": 0.06624371335488075
    },
    "19": {
        "cmph": 0.014720416245270328,
        "cmps": 0.06791571030356998
    },
    "20": {
        "cmph": 0.017703459528325746,
        "cmps": 0.08100332040098071
    },
    "21": {
        "cmph": 0.020954115491035662,
        "cmps": 0.08493366497437373
    },
    "22": {
        "cmph": 0.011789272462445613,
        "cmps": 0.08481635282187742
    },
    "23": {
        "cmph": 0.02081064648658552,
        "cmps": 0.06702706838114678
    },
    "24": {
        "cmph": 0.02039979100222051,
        "cmps": 0.06479311277689062
    },
    "25": {
        "cmph": 0.01764953874672722,
        "cmps": 0.05966735050097729
    },
    "26": {
        "cmph": 0.02073656175706229,
        "cmps": 0.05690110908375361
    },
    "27": {
        "cmph": 0.021109817377563168,
        "cmps": 0.06370970290104262
    },
    "28": {
        "cmph": 0.019343481154443253,
        "cmps": 0.06361327023045459
    },
    "29": {
        "cmph": 0.0203938069159283,
        "cmps": 0.0583024084917922
    },
    "30": {
        "cmph": 0.019783117932402,
        "cmps": 0.05771468930564453
    },
    "31": {
        "cmph": 0.020824292351802172,
        "cmps": 0.050364386189912076
    },
    "32": {
        "cmph": 0.022317704054514144,
        "cmps": 0.053371778091343275
    },
    "33": {
        "cmph": 0.017816037646585337,
        "cmps": 0.03556908895560201
    },
    "34": {
        "cmph": 0.019081186994988526,
        "cmps": 0.04172771479029105
    },
    "final": {
        "OverThreshold": 0,
        "Ratio": 0,
        "Frame": 34
    }
}