{
    "1": {
        "cmph": 0.021071587943158637,
        "cmps": 0.09120614875870614
    },
    "2": {
        "cmph": 0.019599151282628395,
        "cmps": 0.08507287006375205
    },
    "3": {
        "cmph": 0.018379076890710503,
        "cmps": 0.0836777322728955
    },
    "4": {
        "cmph": 0.018274156229416878,
        "cmps": 0.07842397875598824
    },
    "5": {
        "cmph": 0.018499822567679496,
        "cmps": 0.08239316348751437
    },
    "6": {
        "cmph": 0.019690554992226286,
        "cmps": 0.08410160732547747
    },
    "7": {
        "cmph": 0.020203480669356205,
        "cmps": 0.09035398438789323
    },
    "8": {
        "cmph": 0.020556650576213545,
        "cmps": 0.09053753671888733
    },
    "9": {
        "cmph": 0.02040348764048617,
        "cmps": 0.08745655138702671
    },
    "10": {
        "cmph": 0.021755759292976743,
        "cmps": 0.09599574693519995
    },
    "11": {
        "cmph": 0.021146370882955064,
        "cmps": 0.09979100013027221
    },
    "12": {
        "cmph": 0.020470717366273056,
        "cmps": 0.09623125618973453
    },
    "13": {
        "cmph": 0.02036046048338377,
        "cmps": 0.10025408747379208
    },
    "14": {
        "cmph": 0.02108909832686676,
        "cmps": 0.10818297490777383
    },
    "15": {
        "cmph": 0.020985830645375042,
        "cmps": 0.10514786947740251
    },
    "16": {
        "cmph": 0.02071066844237248,
        "cmps": 0.09932959086455093
    },
    "17": {
        "cmph": 0.019720220448369,
        "cmps": 0.11002344886212723
    },
    "18": {
        "cmph": 0.018691746298995907,
        "cmps": 0.11346405859884867
    },
    "19": {
        "cmph": 0.018743642037839646,
        "cmps": 0.1009054967679312
    },
    "20": {
        "cmph": 0.01909872855256016,
        "cmps": 0.10496343677484843
    },
    "21": {
        "cmph": 0.018886689508378025,
        "cmps": 0.10559619503677677
    },
    "22": {
        "cmph": 0.018857697615904473,
        "cmps": 0.10313433973949217
    },
    "23": {
        "cmph": 0.018725735049351228,
        "cmps": 0.10316955634842712
    },
    "24": {
        "cmph": 0.019362195201729843,
        "cmps": 0.1069134709225626
    },
    "25": {
        "cmph": 0.020229469306417627,
        "cmps": 0.09677189179053947
    },
    "26": {
        "cmph": 0.020929423765394868,
        "cmps": 0.09350958391862174
    },
    "27": {
        "cmph": 0.020640808080545074,
        "cmps": 0.09402851320593153
    },
    "28": {
        "cmph": 0.019696360496638535,
        "cmps": 0.10030279953812586
    },
    "29": {
        "cmph": 0.020414295808639835,
        "cmps": 0.09710290989829169
    },
    "30": {
        "cmph": 0.02099679748893805,
        "cmps": 0.0885607338864422
    },
    "31": {
        "cmph": 0.021261996815905276,
        "cmps": 0.07788614019601317
    },
    "32": {
        "cmph": 0.021629308495178974,
        "cmps": 0.09141190430485016
    },
    "33": {
        "cmph": 0.022259974668043712,
        "cmps": 0.08303550388508153
    },
    "34": {
        "cmph": 0.020048712590401762,
        "cmps": 0.0727927985455326
    },
    "final": {
        "OverThreshold": 0,
        "Ratio": 0,
        "Frame": 34
    }
}