{
    "1": {
        "cmph": 0.016722825641739297,
        "cmps": 0.04763333003589917
    },
    "2": {
        "cmph": 0.01615575137251838,
        "cmps": 0.049207449532159706
    },
    "3": {
        "cmph": 0.015464032660754395,
        "cmps": 0.05110221746607125
    },
    "4": {
        "cmph": 0.015693434288354315,
        "cmps": 0.0441339498622405
    },
    "5": {
        "cmph": 0.016596329816707084,
        "cmps": 0.04654169263850647
    },
    "6": {
        "cmph": 0.016626749873726657,
        "cmps": 0.045432628931124916
    },
    "7": {
        "cmph": 0.01691058385590582,
        "cmps": 0.04486992858029804
    },
    "8": {
        "cmph": 0.01679522420017609,
        "cmps": 0.044335728999589784
    },
    "9": {
        "cmph": 0.016872412975519367,
        "cmps": 0.043135736041458976
    },
    "10": {
        "cmph": 0.016590941000932568,
        "cmps": 0.0456513872301606
    },
    "11": {
        "cmph": 0.01581085629206442,
        "cmps": 0.04491728873721177
    },
    "12": {
        "cmph": 0.0156338417895,
        "cmps": 0.04634902250637562
    },
    "13": {
        "cmph": 0.01611402336653376,
        "cmps": 0.04912539306671969
    },
    "14": {
        "cmph": 0.014744535163914623,
        "cmps": 0.04800174428840763
    },
    "15": {
        "cmph": 0.01635681778048996,
        "cmps": 0.05204907300490989
    },
    "16": {
        "cmph": 0.015201985764299085,
        "cmps": 0.04795299849962832
    },
    "17": {
        "cmph": 0.016175107104418548,
        "cmps": 0.05268477624602814
    },
    "18": {
        "cmph": 0.015194038500940886,
        "cmps": 0.05043745922278999
    },
    "19": {
        "cmph": 0.01685549434591575,
        "cmps": 0.05019919044505341
    },
    "20": {
        "cmph": 0.017127657172396865,
        "cmps": 0.05097844857717755
    },
    "21": {
        "cmph": 0.016534542115266962,
        "cmps": 0.05346028353303321
    },
    "22": {
        "cmph": 0.017377935816393877,
        "cmps": 0.05237262491789952
    },
    "23": {
        "cmph": 0.01666206365861075,
        "cmps": 0.054473751946641405
    },
    "24": {
        "cmph": 0.013996642873267795,
        "cmps": 0.04800337560120211
    },
    "25": {
        "cmph": 0.014260246448045346,
        "cmps": 0.0409492376163749
    },
    "26": {
        "cmph": 0.014625939672417418,
        "cmps": 0.039466973865399865
    },
    "27": {
        "cmph": 0.015111224426475453,
        "cmps": 0.04433647114322288
    },
    "28": {
        "cmph": 0.014482156460146355,
        "cmps": 0.04089524818475585
    },
    "29": {
        "cmph": 0.01394141227506807,
        "cmps": 0.036296577903283576
    },
    "30": {
        "cmph": 0.014158922571989476,
        "cmps": 0.03636823285540665
    },
    "31": {
        "cmph": 0.013816258166056567,
        "cmps": 0.03731176947239288
    },
    "32": {
        "cmph": 0.013125503642143885,
        "cmps": 0.03919805532059921
    },
    "33": {
        "cmph": 0.014205548016306822,
        "cmps": 0.03636161000889425
    },
    "34": {
        "cmph": 0.01323186115483989,
        "cmps": 0.03773781622640794
    },
    "final": {
        "OverThreshold": 0,
        "Ratio": 0,
        "Frame": 34
    }
}