{
    "1": {
        "cmph": 0.014572935196086682,
        "cmps": 0.08349805912693824
    },
    "2": {
        "cmph": 0.013826344098409082,
        "cmps": 0.08305074078897015
    },
    "3": {
        "cmph": 0.013810410265537814,
        "cmps": 0.08409874449237142
    },
    "4": {
        "cmph": 0.013833874834764687,
        "cmps": 0.0830424983633929
    },
    "5": {
        "cmph": 0.015630279379944094,
        "cmps": 0.08909482196958532
    },
    "6": {
        "cmph": 0.015544641571903868,
        "cmps": 0.0909666515539925
    },
    "7": {
        "cmph": 0.016402290495994624,
        "cmps": 0.09874926642442318
    },
    "8": {
        "cmph": 0.017263709417258313,
        "cmps": 0.1035908500741536
    },
    "9": {
        "cmph": 0.021054124747569927,
        "cmps": 0.105749067407545
    },
    "10": {
        "cmph": 0.020330075663350895,
        "cmps": 0.10937906260886338
    },
    "11": {
        "cmph": 0.019262938655822747,
        "cmps": 0.11396184722045712
    },
    "12": {
        "cmph": 0.01928018980663552,
        "cmps": 0.11047896613229143
    },
    "13": {
        "cmph": 0.018763405185213248,
        "cmps": 0.12093185639454421
    },
    "14": {
        "cmph": 0.019474144648675907,
        "cmps": 0.13025623192949196
    },
    "15": {
        "cmph": 0.018731026353957715,
        "cmps": 0.12400110979091555
    },
    "16": {
        "cmph": 0.018498595435597946,
        "cmps": 0.11818071506741416
    },
    "17": {
        "cmph": 0.017629637860959405,
        "cmps": 0.12124617344404741
    },
    "18": {
        "cmph": 0.01725657262269312,
        "cmps": 0.12376403373459947
    },
    "19": {
        "cmph": 0.017457206282064635,
        "cmps": 0.11451577924257317
    },
    "20": {
        "cmph": 0.018195535734429658,
        "cmps": 0.12010225501285143
    },
    "21": {
        "cmph": 0.018487510764788793,
        "cmps": 0.12409817848002201
    },
    "22": {
        "cmph": 0.018229374949593136,
        "cmps": 0.11824121634907707
    },
    "23": {
        "cmph": 0.01831046516084544,
        "cmps": 0.12496642150788724
    },
    "24": {
        "cmph": 0.019088898888805366,
        "cmps": 0.1342459223332068
    },
    "25": {
        "cmph": 0.019706145817501828,
        "cmps": 0.12042506627719524
    },
    "26": {
        "cmph": 0.020285402049818126,
        "cmps": 0.12104422795913429
    },
    "27": {
        "cmph": 0.019760646114648454,
        "cmps": 0.1172456836509914
    },
    "28": {
        "cmph": 0.019481634745343444,
        "cmps": 0.12639611325787892
    },
    "29": {
        "cmph": 0.01988739186425656,
        "cmps": 0.1258941896495064
    },
    "30": {
        "cmph": 0.019774185793609345,
        "cmps": 0.12782935373927504
    },
    "31": {
        "cmph": 0.019125098067467487,
        "cmps": 0.10694965153893082
    },
    "32": {
        "cmph": 0.01967453686872492,
        "cmps": 0.11485905271153832
    },
    "33": {
        "cmph": 0.021259664163407997,
        "cmps": 0.10813491049185393
    },
    "34": {
        "cmph": 0.019263208628646257,
        "cmps": 0.10705829603183031
    },
    "final": {
        "OverThreshold": 0,
        "Ratio": 0,
        "Frame": 34
    }
}