{
    "1": {
        "cmph": 0.03176689129093907,
        "cmps": 0.13512616332150384
    },
    "2": {
        "cmph": 0.027835111119661048,
        "cmps": 0.14180873204711533
    },
    "3": {
        "cmph": 0.0280478404676442,
        "cmps": 0.1523282877864114
    },
    "4": {
        "cmph": 0.02760093596885893,
        "cmps": 0.13793617554962276
    },
    "5": {
        "cmph": 0.028573389213229574,
        "cmps": 0.1274242981145437
    },
    "6": {
        "cmph": 0.024211723322892658,
        "cmps": 0.10283096814256935
    },
    "7": {
        "cmph": 0.020236396546870258,
        "cmps": 0.10798307175530548
    },
    "8": {
        "cmph": 0.02224174481063323,
        "cmps": 0.12365648060594703
    },
    "9": {
        "cmph": 0.02037965222762594,
        "cmps": 0.12567075879690603
    },
    "10": {
        "cmph": 0.02254588585688441,
        "cmps": 0.1326772328806229
    },
    "11": {
        "cmph": 0.018960963643411988,
        "cmps": 0.14101349475311217
    },
    "12": {
        "cmph": 0.019292335485764173,
        "cmps": 0.1489202862265858
    },
    "13": {
        "cmph": 0.018092538429856135,
        "cmps": 0.13803517007807964
    },
    "14": {
        "cmph": 0.019894451309431675,
        "cmps": 0.13880819309155826
    },
    "15": {
        "cmph": 0.019092375818388484,
        "cmps": 0.11255502452138438
    },
    "16": {
        "cmph": 0.018154236564789438,
        "cmps": 0.10541735039911912
    },
    "17": {
        "cmph": 0.022573012905083283,
        "cmps": 0.10707161550893322
    },
    "18": {
        "cmph": 0.02359447395174522,
        "cmps": 0.13401172170598696
    },
    "19": {
        "cmph": 0.02681296794597236,
        "cmps": 0.14261797998359801
    },
    "20": {
        "cmph": 0.025827742016592027,
        "cmps": 0.14126549224265206
    },
    "21": {
        "cmph": 0.026052625233710273,
        "cmps": 0.1479950720108757
    },
    "22": {
        "cmph": 0.025808143627114755,
        "cmps": 0.14161574614189323
    },
    "23": {
        "cmph": 0.02471636769370169,
        "cmps": 0.12885297672395188
    },
    "24": {
        "cmph": 0.024881999103866514,
        "cmps": 0.12356659063666144
    },
    "25": {
        "cmph": 0.021261019843749306,
        "cmps": 0.1036001353500568
    },
    "26": {
        "cmph": 0.018598056195045766,
        "cmps": 0.10579761238044699
    },
    "27": {
        "cmph": 0.019969632263799768,
        "cmps": 0.11252638374557693
    },
    "28": {
        "cmph": 0.017817995607489086,
        "cmps": 0.1155461482595215
    },
    "29": {
        "cmph": 0.01938834299014328,
        "cmps": 0.12575334788262588
    },
    "30": {
        "cmph": 0.01793035049649597,
        "cmps": 0.12564705740811224
    },
    "31": {
        "cmph": 0.01950428666338687,
        "cmps": 0.11069087720864547
    },
    "32": {
        "cmph": 0.020584066806187098,
        "cmps": 0.11141031682490188
    },
    "final": {
        "OverThreshold": 0,
        "Ratio": 0,
        "Frame": 32
    }
}