{
    "1": {
        "cmph": 0.0212816983476578,
        "cmps": 0.07479782702812472
    },
    "2": {
        "cmph": 0.02074590925841232,
        "cmps": 0.07352010360117357
    },
    "3": {
        "cmph": 0.02100394234514663,
        "cmps": 0.07606839336844524
    },
    "4": {
        "cmph": 0.023755407075344445,
        "cmps": 0.06386140912688858
    },
    "5": {
        "cmph": 0.029857992278717244,
        "cmps": 0.08418504631473994
    },
    "6": {
        "cmph": 0.03334141568177803,
        "cmps": 0.09009416483860834
    },
    "7": {
        "cmph": 0.02921031623653867,
        "cmps": 0.09103309114782539
    },
    "8": {
        "cmph": 0.03380413401761035,
        "cmps": 0.099983094942958
    },
    "9": {
        "cmph": 0.033262912476150396,
        "cmps": 0.10199240399256705
    },
    "10": {
        "cmph": 0.03368191199423435,
        "cmps": 0.10937482213711806
    },
    "11": {
        "cmph": 0.0327886096433205,
        "cmps": 0.1123354861649889
    },
    "12": {
        "cmph": 0.034940384075135625,
        "cmps": 0.13701231349870074
    },
    "13": {
        "cmph": 0.037137663231147644,
        "cmps": 0.1637461077977456
    },
    "14": {
        "cmph": 0.03978735152108159,
        "cmps": 0.1760285610515105
    },
    "15": {
        "cmph": 0.04500099239122018,
        "cmps": 0.1710802927757472
    },
    "16": {
        "cmph": 0.04205656928626657,
        "cmps": 0.16205750923586948
    },
    "17": {
        "cmph": 0.05141021675443163,
        "cmps": 0.1742606698987707
    },
    "18": {
        "cmph": 0.04810461225615439,
        "cmps": 0.18068184772558119
    },
    "19": {
        "cmph": 0.047326356968371515,
        "cmps": 0.168572269544668
    },
    "20": {
        "cmph": 0.03916327176010159,
        "cmps": 0.17568998927167426
    },
    "21": {
        "cmph": 0.03843530445802005,
        "cmps": 0.17174503569287303
    },
    "22": {
        "cmph": 0.03388637087173861,
        "cmps": 0.13955433471718656
    },
    "23": {
        "cmph": 0.03171245065095931,
        "cmps": 0.12414857493559794
    },
    "24": {
        "cmph": 0.030180143630386812,
        "cmps": 0.14246742171135668
    },
    "25": {
        "cmph": 0.02620943270535137,
        "cmps": 0.11683384909965289
    },
    "26": {
        "cmph": 0.02960645631200759,
        "cmps": 0.11344549245340953
    },
    "27": {
        "cmph": 0.026661677215148127,
        "cmps": 0.11298059432703357
    },
    "28": {
        "cmph": 0.028679033217683943,
        "cmps": 0.12312141395238269
    },
    "29": {
        "cmph": 0.029139924995743003,
        "cmps": 0.10710160899508447
    },
    "30": {
        "cmph": 0.02985678701429199,
        "cmps": 0.11117182470620265
    },
    "31": {
        "cmph": 0.031939200722217835,
        "cmps": 0.09009467998873126
    },
    "32": {
        "cmph": 0.034641345193430484,
        "cmps": 0.10809246453482674
    },
    "33": {
        "cmph": 0.034491958924532766,
        "cmps": 0.09831733933497079
    },
    "final": {
        "OverThreshold": 0,
        "Ratio": 0,
        "Frame": 33
    }
}