{
    "1": {
        "cmph": 0.02713690645097275,
        "cmps": 0.08504230478997317
    },
    "2": {
        "cmph": 0.025622062705797293,
        "cmps": 0.08322295340122395
    },
    "3": {
        "cmph": 0.024199388627783737,
        "cmps": 0.08724898085886948
    },
    "4": {
        "cmph": 0.028690355397332945,
        "cmps": 0.07981980166597498
    },
    "5": {
        "cmph": 0.029055317134917,
        "cmps": 0.09403527992274974
    },
    "6": {
        "cmph": 0.029978444034661416,
        "cmps": 0.08927865527294712
    },
    "7": {
        "cmph": 0.03071295557197961,
        "cmps": 0.09440310541875671
    },
    "8": {
        "cmph": 0.031425656715854,
        "cmps": 0.10581386286863265
    },
    "9": {
        "cmph": 0.033581560966391096,
        "cmps": 0.10890877600072196
    },
    "10": {
        "cmph": 0.03212173450675166,
        "cmps": 0.10774375135286864
    },
    "11": {
        "cmph": 0.030012115824706143,
        "cmps": 0.11400474022644251
    },
    "12": {
        "cmph": 0.02868333248139448,
        "cmps": 0.11329247697276881
    },
    "13": {
        "cmph": 0.026484638236687792,
        "cmps": 0.1080311781244421
    },
    "14": {
        "cmph": 0.02713541681867218,
        "cmps": 0.1222781044434712
    },
    "15": {
        "cmph": 0.029154745430689657,
        "cmps": 0.1268593598613764
    },
    "16": {
        "cmph": 0.029764615977427994,
        "cmps": 0.12242510363782533
    },
    "17": {
        "cmph": 0.029771183916848035,
        "cmps": 0.13930917464911352
    },
    "18": {
        "cmph": 0.028022798129040443,
        "cmps": 0.14251950644116337
    },
    "19": {
        "cmph": 0.03143356330363018,
        "cmps": 0.13811792865058592
    },
    "20": {
        "cmph": 0.02983067845401941,
        "cmps": 0.14119700018609382
    },
    "21": {
        "cmph": 0.02812472216573304,
        "cmps": 0.15242181377445704
    },
    "22": {
        "cmph": 0.028354663068322496,
        "cmps": 0.13021103759069946
    },
    "23": {
        "cmph": 0.02708458936382326,
        "cmps": 0.13298380987510805
    },
    "24": {
        "cmph": 0.026454207039019722,
        "cmps": 0.09899317252999273
    },
    "25": {
        "cmph": 0.02568380788334501,
        "cmps": 0.08143452390541116
    },
    "26": {
        "cmph": 0.025328321366501337,
        "cmps": 0.06701210695765723
    },
    "27": {
        "cmph": 0.027470753958315254,
        "cmps": 0.08033457513039374
    },
    "28": {
        "cmph": 0.026688177388631724,
        "cmps": 0.08611585314511666
    },
    "29": {
        "cmph": 0.026299483273950326,
        "cmps": 0.08040645167484024
    },
    "30": {
        "cmph": 0.026983092171712457,
        "cmps": 0.08620699231860196
    },
    "31": {
        "cmph": 0.02508289094411945,
        "cmps": 0.07559124314813484
    },
    "32": {
        "cmph": 0.02663164539202713,
        "cmps": 0.09767154734672231
    },
    "33": {
        "cmph": 0.02931169751375567,
        "cmps": 0.07714313248773329
    },
    "34": {
        "cmph": 0.029093552816083525,
        "cmps": 0.07573992494228438
    },
    "final": {
        "OverThreshold": 0,
        "Ratio": 0,
        "Frame": 34
    }
}