{
    "1": {
        "cmph": 0.02242181532105236,
        "cmps": 0.08083778561026275
    },
    "2": {
        "cmph": 0.021793014682403956,
        "cmps": 0.07857755627707595
    },
    "3": {
        "cmph": 0.023085349031802847,
        "cmps": 0.0853169976142639
    },
    "4": {
        "cmph": 0.018475821419729258,
        "cmps": 0.07599217272799384
    },
    "5": {
        "cmph": 0.019874764563481587,
        "cmps": 0.07679444408795712
    },
    "6": {
        "cmph": 0.020255013699320368,
        "cmps": 0.07167334140648694
    },
    "7": {
        "cmph": 0.020010198041692715,
        "cmps": 0.06711432201464497
    },
    "8": {
        "cmph": 0.02153213869652376,
        "cmps": 0.07307253310520494
    },
    "9": {
        "cmph": 0.023043914406642815,
        "cmps": 0.07308251887555348
    },
    "10": {
        "cmph": 0.023478107192222427,
        "cmps": 0.06713502734451453
    },
    "11": {
        "cmph": 0.02324633198476333,
        "cmps": 0.0667853726603882
    },
    "12": {
        "cmph": 0.02261081449987053,
        "cmps": 0.06851365057516282
    },
    "13": {
        "cmph": 0.02467616378751754,
        "cmps": 0.07033691788661367
    },
    "14": {
        "cmph": 0.02459603311456613,
        "cmps": 0.07775003126756747
    },
    "15": {
        "cmph": 0.024163245076341714,
        "cmps": 0.08402098844983036
    },
    "16": {
        "cmph": 0.02301564421024003,
        "cmps": 0.07670107932467621
    },
    "17": {
        "cmph": 0.022551933731782003,
        "cmps": 0.08001235425989502
    },
    "18": {
        "cmph": 0.020368734137433432,
        "cmps": 0.0847308099149778
    },
    "19": {
        "cmph": 0.01972333512804773,
        "cmps": 0.0748580427520462
    },
    "20": {
        "cmph": 0.02070850901816837,
        "cmps": 0.08215814433288136
    },
    "21": {
        "cmph": 0.020667424266891606,
        "cmps": 0.0911090129190902
    },
    "22": {
        "cmph": 0.020971714242672055,
        "cmps": 0.0869873461449075
    },
    "23": {
        "cmph": 0.021510056012661784,
        "cmps": 0.08944837039038746
    },
    "24": {
        "cmph": 0.021927249844366864,
        "cmps": 0.09580618875429814
    },
    "25": {
        "cmph": 0.021674621666881826,
        "cmps": 0.07798499803193008
    },
    "26": {
        "cmph": 0.021957788139079108,
        "cmps": 0.07729079460448088
    },
    "27": {
        "cmph": 0.020351815351436514,
        "cmps": 0.08340253248656546
    },
    "28": {
        "cmph": 0.01808842482021164,
        "cmps": 0.08928884919999265
    },
    "29": {
        "cmph": 0.018044209023108555,
        "cmps": 0.08181309649567646
    },
    "30": {
        "cmph": 0.01835862245256018,
        "cmps": 0.07701320660877813
    },
    "31": {
        "cmph": 0.016892001363758638,
        "cmps": 0.06794920394342094
    },
    "32": {
        "cmph": 0.016610588043706232,
        "cmps": 0.07439413695807488
    },
    "33": {
        "cmph": 0.01629288775933094,
        "cmps": 0.0726458926057262
    },
    "34": {
        "cmph": 0.014527401691025357,
        "cmps": 0.0748949168103165
    },
    "final": {
        "OverThreshold": 0,
        "Ratio": 0,
        "Frame": 34
    }
}