{
    "1": {
        "cmph": 0.03010426301927722,
        "cmps": 0.10311234759023911
    },
    "2": {
        "cmph": 0.029133316357898387,
        "cmps": 0.10580849607584045
    },
    "3": {
        "cmph": 0.026386014499269302,
        "cmps": 0.10802398130066641
    },
    "4": {
        "cmph": 0.023093068489847917,
        "cmps": 0.10120566233175807
    },
    "5": {
        "cmph": 0.023821346849093008,
        "cmps": 0.11695966162511291
    },
    "6": {
        "cmph": 0.021468072338915387,
        "cmps": 0.11347666878499188
    },
    "7": {
        "cmph": 0.02332410011856599,
        "cmps": 0.12172776085487769
    },
    "8": {
        "cmph": 0.02532409414900706,
        "cmps": 0.12951984284173762
    },
    "9": {
        "cmph": 0.025406290614721244,
        "cmps": 0.1330486970719978
    },
    "10": {
        "cmph": 0.02464887756748795,
        "cmps": 0.13410009797776914
    },
    "11": {
        "cmph": 0.024464707228952345,
        "cmps": 0.1380625961556611
    },
    "12": {
        "cmph": 0.023254647738202693,
        "cmps": 0.13453471643504541
    },
    "13": {
        "cmph": 0.02237222689330216,
        "cmps": 0.12981954797776116
    },
    "14": {
        "cmph": 0.023925299388758287,
        "cmps": 0.13951895184617225
    },
    "15": {
        "cmph": 0.023088266987040224,
        "cmps": 0.13539484289236733
    },
    "16": {
        "cmph": 0.023388299666635762,
        "cmps": 0.12801855503763868
    },
    "17": {
        "cmph": 0.02254791843107771,
        "cmps": 0.1318186164179905
    },
    "18": {
        "cmph": 0.02820102875633948,
        "cmps": 0.13708239366987465
    },
    "19": {
        "cmph": 0.03138827113022012,
        "cmps": 0.1355959843362832
    },
    "20": {
        "cmph": 0.03152240565639381,
        "cmps": 0.13131098563231894
    },
    "final": {
        "OverThreshold": 0,
        "Ratio": 0,
        "Frame": 20
    }
}