{
    "1": {
        "cmph": 0.020560913989282538,
        "cmps": 0.08709246250211983
    },
    "2": {
        "cmph": 0.022133126164186834,
        "cmps": 0.08511001795997386
    },
    "3": {
        "cmph": 0.021346001049665185,
        "cmps": 0.0929283124583562
    },
    "4": {
        "cmph": 0.019386596794522832,
        "cmps": 0.0758171832524158
    },
    "5": {
        "cmph": 0.019769523817343673,
        "cmps": 0.07516811218441678
    },
    "6": {
        "cmph": 0.01978291921915152,
        "cmps": 0.0723608888996166
    },
    "7": {
        "cmph": 0.02029465199906301,
        "cmps": 0.0731754838760569
    },
    "8": {
        "cmph": 0.020207224047691118,
        "cmps": 0.07374887365753595
    },
    "9": {
        "cmph": 0.02178495479255156,
        "cmps": 0.08000261428853044
    },
    "10": {
        "cmph": 0.022440515365082566,
        "cmps": 0.0868641043006869
    },
    "11": {
        "cmph": 0.020093236237122388,
        "cmps": 0.08281898937798537
    },
    "12": {
        "cmph": 0.019409798922463677,
        "cmps": 0.08046991992867347
    },
    "final": {
        "OverThreshold": 0,
        "Ratio": 0,
        "Frame": 12
    }
}