{
    "1": {
        "cmph": 0.017608887396908284,
        "cmps": 0.04263809394325056
    },
    "2": {
        "cmph": 0.017922076177755958,
        "cmps": 0.04405104998786132
    },
    "3": {
        "cmph": 0.01747652404504108,
        "cmps": 0.053672511861588806
    },
    "4": {
        "cmph": 0.0166983067439362,
        "cmps": 0.051954640148559245
    },
    "5": {
        "cmph": 0.016220895308986447,
        "cmps": 0.05581757067041838
    },
    "6": {
        "cmph": 0.01744739346940951,
        "cmps": 0.056968681874674666
    },
    "7": {
        "cmph": 0.0175264074206478,
        "cmps": 0.05021034634376594
    },
    "8": {
        "cmph": 0.01684841671305168,
        "cmps": 0.050779332312178294
    },
    "9": {
        "cmph": 0.017669586108957087,
        "cmps": 0.05644476327696652
    },
    "10": {
        "cmph": 0.01536306757198677,
        "cmps": 0.05818184956951477
    },
    "11": {
        "cmph": 0.017106336422392555,
        "cmps": 0.06739776072857899
    },
    "12": {
        "cmph": 0.018586833120625403,
        "cmps": 0.06828624000386209
    },
    "13": {
        "cmph": 0.01868766586033971,
        "cmps": 0.06630309239380727
    },
    "14": {
        "cmph": 0.01805144923991155,
        "cmps": 0.06021652051835118
    },
    "15": {
        "cmph": 0.018928119661939476,
        "cmps": 0.05994059641658455
    },
    "16": {
        "cmph": 0.017838586329577674,
        "cmps": 0.054841850837430116
    },
    "17": {
        "cmph": 0.01584908768182811,
        "cmps": 0.06779172434990183
    },
    "18": {
        "cmph": 0.01618898213630807,
        "cmps": 0.07354624793697492
    },
    "19": {
        "cmph": 0.01660860865671355,
        "cmps": 0.06637928379073617
    },
    "20": {
        "cmph": 0.018209304177982794,
        "cmps": 0.0717122503923721
    },
    "21": {
        "cmph": 0.018043424306012787,
        "cmps": 0.07613079397062997
    },
    "final": {
        "OverThreshold": 0,
        "Ratio": 0,
        "Frame": 21
    }
}