{
    "1": {
        "cmph": 0.4108714148001038,
        "cmps": 0.06969101170922014
    },
    "2": {
        "cmph": 0.6262106198753037,
        "cmps": 0.21106930570537596
    },
    "3": {
        "cmph": 0.5708709633366591,
        "cmps": 0.26951995478432444
    },
    "4": {
        "cmph": 0.6610837126096655,
        "cmps": 0.3342554584670684
    },
    "5": {
        "cmph": 0.8678756405072486,
        "cmps": 0.35840222836083335
    },
    "6": {
        "cmph": 0.8190893770342812,
        "cmps": 0.2548292907202532
    },
    "7": {
        "cmph": 0.755795384352105,
        "cmps": 0.3069732857360812
    },
    "final": {
        "OverThreshold": 7,
        "Ratio": 100,
        "Frame": 7
    }
}