{
    "1": {
        "cmph": 1.0,
        "cmps": 0.03437439241400431
    },
    "2": {
        "cmph": 1.0,
        "cmps": 0.037932179061493806
    },
    "3": {
        "cmph": 1.0,
        "cmps": 0.03654525290056501
    },
    "4": {
        "cmph": 0.009228273604955204,
        "cmps": 0.04221636392961484
    },
    "5": {
        "cmph": 0.013622131624541928,
        "cmps": 0.04338670322674365
    },
    "6": {
        "cmph": 1.0,
        "cmps": 0.029954005031039257
    },
    "7": {
        "cmph": 0.02537468255502672,
        "cmps": 0.024224323639194398
    },
    "8": {
        "cmph": 0.015142941143669283,
        "cmps": 0.03240734404629059
    },
    "9": {
        "cmph": 0.025685746754337418,
        "cmps": 0.05102948900629416
    },
    "10": {
        "cmph": 0.014127956370174924,
        "cmps": 0.07195004940580077
    },
    "11": {
        "cmph": 0.03214431913485951,
        "cmps": 0.06480267511791096
    },
    "12": {
        "cmph": 0.023900890238177173,
        "cmps": 0.06483566019183508
    },
    "13": {
        "cmph": 0.02440886173745598,
        "cmps": 0.06620257599533816
    },
    "14": {
        "cmph": 0.020749745501017842,
        "cmps": 0.07257191656008899
    },
    "15": {
        "cmph": 0.01175405955804493,
        "cmps": 0.07307950667320387
    },
    "16": {
        "cmph": 0.015414492541978584,
        "cmps": 0.07497945596206088
    },
    "17": {
        "cmph": 1.0,
        "cmps": 0.053013880468333614
    },
    "18": {
        "cmph": 0.022202943261767232,
        "cmps": 0.06359210175491616
    },
    "19": {
        "cmph": 0.017074011390512688,
        "cmps": 0.06966539029555585
    },
    "20": {
        "cmph": 1.0,
        "cmps": 0.07071477402342267
    },
    "21": {
        "cmph": 0.025803921096019825,
        "cmps": 0.07164504039418625
    },
    "22": {
        "cmph": 0.09732046169909277,
        "cmps": 0.06995155994210546
    },
    "final": {
        "OverThreshold": 3,
        "Ratio": 13,
        "Frame": 22
    }
}