{
    "1": {
        "cmph": 1.0,
        "cmps": 0.03795889967032837
    },
    "2": {
        "cmph": 1.0,
        "cmps": 0.06244819680046112
    },
    "3": {
        "cmph": 1.0,
        "cmps": 0.04751475132387043
    },
    "4": {
        "cmph": 0.003659940468056049,
        "cmps": 0.06384879934855339
    },
    "5": {
        "cmph": 0.008308685138699805,
        "cmps": 0.04734385519145722
    },
    "6": {
        "cmph": 1.0,
        "cmps": 0.03372347001180377
    },
    "7": {
        "cmph": 0.040241380750599735,
        "cmps": 0.03249046126180688
    },
    "final": {
        "OverThreshold": 1,
        "Ratio": 14,
        "Frame": 7
    }
}