{
    "1": {
        "cmph": 1.0,
        "cmps": 0.01819599497210501
    },
    "2": {
        "cmph": 1.0,
        "cmps": 0.022761245878365886
    },
    "3": {
        "cmph": 1.0,
        "cmps": 0.022533360602590514
    },
    "4": {
        "cmph": 0.010421944615089152,
        "cmps": 0.023138068616286485
    },
    "5": {
        "cmph": 0.013694929424135954,
        "cmps": 0.02555094563264401
    },
    "6": {
        "cmph": 1.0,
        "cmps": 0.016804485496230384
    },
    "7": {
        "cmph": 0.02684182038428745,
        "cmps": 0.01458252137401942
    },
    "8": {
        "cmph": 0.02078160668692419,
        "cmps": 0.020280932521216197
    },
    "9": {
        "cmph": 0.02619629290414854,
        "cmps": 0.03726954075283126
    },
    "10": {
        "cmph": 0.015267373519061411,
        "cmps": 0.04486813802836808
    },
    "11": {
        "cmph": 0.032322812467591965,
        "cmps": 0.04043234040510397
    },
    "12": {
        "cmph": 0.03030241393757181,
        "cmps": 0.046250018236851854
    },
    "13": {
        "cmph": 0.03461706145638964,
        "cmps": 0.04962982285737336
    },
    "14": {
        "cmph": 0.027084669162573894,
        "cmps": 0.053649257366214335
    },
    "15": {
        "cmph": 0.0152618350208617,
        "cmps": 0.06260129715603308
    },
    "16": {
        "cmph": 0.020022109673989583,
        "cmps": 0.0688541008176221
    },
    "17": {
        "cmph": 1.0,
        "cmps": 0.05383329617774384
    },
    "18": {
        "cmph": 0.023521109983834124,
        "cmps": 0.04801344726348285
    },
    "19": {
        "cmph": 0.01647261499583131,
        "cmps": 0.04471483698844525
    },
    "20": {
        "cmph": 1.0,
        "cmps": 0.0461995540379083
    },
    "21": {
        "cmph": 0.014737260530105318,
        "cmps": 0.041963377652764505
    },
    "22": {
        "cmph": 0.02152943804247592,
        "cmps": 0.04504465259684202
    },
    "23": {
        "cmph": 0.02078076493210516,
        "cmps": 0.04976491541372085
    },
    "24": {
        "cmph": 0.022911563957119345,
        "cmps": 0.04538174803106832
    },
    "25": {
        "cmph": 0.026852721328915537,
        "cmps": 0.0423232423957749
    },
    "26": {
        "cmph": 0.02575201520900266,
        "cmps": 0.04871297154318927
    },
    "27": {
        "cmph": 0.03078851218161222,
        "cmps": 0.051190249868020544
    },
    "28": {
        "cmph": 0.016826496727688833,
        "cmps": 0.045349366972221486
    },
    "29": {
        "cmph": 0.024221563200043338,
        "cmps": 0.04952384109003137
    },
    "30": {
        "cmph": 0.02335061275982249,
        "cmps": 0.045002095005760016
    },
    "31": {
        "cmph": 0.02906381249343541,
        "cmps": 0.04333730875030147
    },
    "32": {
        "cmph": 0.03014972576984643,
        "cmps": 0.03908065872292003
    },
    "33": {
        "cmph": 0.01916196572496288,
        "cmps": 0.03876200770882618
    },
    "34": {
        "cmph": 0.022173978978490036,
        "cmps": 0.03935511370604891
    },
    "35": {
        "cmph": 0.016303053730163726,
        "cmps": 0.04653265450408637
    },
    "final": {
        "OverThreshold": 6,
        "Ratio": 17,
        "Frame": 35
    }
}