{
    "1": {
        "cmph": 1.0,
        "cmps": 0.027122760454607975
    },
    "2": {
        "cmph": 1.0,
        "cmps": 0.030374808102863946
    },
    "3": {
        "cmph": 1.0,
        "cmps": 0.02920862412978304
    },
    "4": {
        "cmph": 0.013586641222349096,
        "cmps": 0.031099902265763264
    },
    "5": {
        "cmph": 0.017864874008578807,
        "cmps": 0.0313081987877984
    },
    "6": {
        "cmph": 1.0,
        "cmps": 0.020531449596422228
    },
    "7": {
        "cmph": 0.01813902890528876,
        "cmps": 0.018977103017956423
    },
    "8": {
        "cmph": 0.01818640958930082,
        "cmps": 0.025673586370276093
    },
    "9": {
        "cmph": 0.02154554774572211,
        "cmps": 0.041365369450889526
    },
    "10": {
        "cmph": 0.012102204953900544,
        "cmps": 0.05228173450839609
    },
    "11": {
        "cmph": 0.025397944778122055,
        "cmps": 0.049985997041268486
    },
    "12": {
        "cmph": 0.02484213176900428,
        "cmps": 0.057298647560612176
    },
    "13": {
        "cmph": 0.02936566904373087,
        "cmps": 0.06617449928648281
    },
    "14": {
        "cmph": 0.022036199700541624,
        "cmps": 0.0711713177996349
    },
    "15": {
        "cmph": 0.01347699548911687,
        "cmps": 0.07521100453004516
    },
    "16": {
        "cmph": 0.016593201816877852,
        "cmps": 0.07763963495636363
    },
    "17": {
        "cmph": 1.0,
        "cmps": 0.06159116946492505
    },
    "18": {
        "cmph": 0.020669242221656354,
        "cmps": 0.06574675816495744
    },
    "19": {
        "cmph": 0.015911718626595118,
        "cmps": 0.06737983726120343
    },
    "20": {
        "cmph": 1.0,
        "cmps": 0.06719555231096551
    },
    "21": {
        "cmph": 0.014412340823593196,
        "cmps": 0.07037806982066017
    },
    "22": {
        "cmph": 0.020150910963744325,
        "cmps": 0.0714440904386724
    },
    "23": {
        "cmph": 0.019452754366562724,
        "cmps": 0.06756343377221877
    },
    "24": {
        "cmph": 0.019363582445568312,
        "cmps": 0.061448096013175586
    },
    "25": {
        "cmph": 0.026558260697904235,
        "cmps": 0.0651197609550513
    },
    "26": {
        "cmph": 0.02340713184350242,
        "cmps": 0.06480961761294794
    },
    "27": {
        "cmph": 0.029711770808850388,
        "cmps": 0.06692716006257031
    },
    "28": {
        "cmph": 0.01592654316426889,
        "cmps": 0.0655244163508537
    },
    "29": {
        "cmph": 0.021259567680445332,
        "cmps": 0.05762657590213777
    },
    "30": {
        "cmph": 0.022391622193250416,
        "cmps": 0.056301721019907755
    },
    "31": {
        "cmph": 0.02544589514365513,
        "cmps": 0.054557424434101845
    },
    "32": {
        "cmph": 0.02706925477830861,
        "cmps": 0.04976674701440267
    },
    "33": {
        "cmph": 0.01677225575209688,
        "cmps": 0.04686151140183896
    },
    "34": {
        "cmph": 0.018501539389072518,
        "cmps": 0.04561221924905436
    },
    "35": {
        "cmph": 0.012699498506558325,
        "cmps": 0.051939664668859915
    },
    "final": {
        "OverThreshold": 3,
        "Ratio": 8,
        "Frame": 35
    }
}