{
    "1": {
        "cmph": 1.0,
        "cmps": 0.0136186139755131
    },
    "2": {
        "cmph": 1.0,
        "cmps": 0.01609041377480101
    },
    "3": {
        "cmph": 1.0,
        "cmps": 0.018213158677579475
    },
    "4": {
        "cmph": 0.9938741342402309,
        "cmps": 0.016900250867516998
    },
    "5": {
        "cmph": 0.976131776594751,
        "cmps": 0.008427517797467402
    },
    "6": {
        "cmph": 1.0,
        "cmps": 0.009151106381351384
    },
    "7": {
        "cmph": 0.13821435698277337,
        "cmps": 0.0005645481119319189
    },
    "8": {
        "cmph": 0.011387762168805894,
        "cmps": 0.01296092931567118
    },
    "9": {
        "cmph": 0.01297302326092947,
        "cmps": 0.020785362311820436
    },
    "10": {
        "cmph": 0.007699647182228391,
        "cmps": 0.02948937541256828
    },
    "11": {
        "cmph": 0.28622918753668075,
        "cmps": 0.027238610159548867
    },
    "12": {
        "cmph": 0.18112438237849193,
        "cmps": 0.035343581796106506
    },
    "13": {
        "cmph": 0.01174492072471845,
        "cmps": 0.038886593018132874
    },
    "14": {
        "cmph": 0.008021576740613146,
        "cmps": 0.04123729598451016
    },
    "15": {
        "cmph": 0.00846564537141542,
        "cmps": 0.04458147366532261
    },
    "16": {
        "cmph": 0.004691194788732167,
        "cmps": 0.04710640162324599
    },
    "17": {
        "cmph": 1.0,
        "cmps": 0.03888511868086884
    },
    "18": {
        "cmph": 0.18605926183409463,
        "cmps": 0.044068548802243764
    },
    "19": {
        "cmph": 0.0047870524875785764,
        "cmps": 0.041296226884526534
    },
    "20": {
        "cmph": 1.0,
        "cmps": 0.04301742472224043
    },
    "21": {
        "cmph": 0.017544928069086297,
        "cmps": 0.042533826291011406
    },
    "22": {
        "cmph": 0.009466109275302672,
        "cmps": 0.041032935551418244
    },
    "23": {
        "cmph": 0.006179699496790095,
        "cmps": 0.0438758529110807
    },
    "24": {
        "cmph": 0.1710288288650124,
        "cmps": 0.05412483332157682
    },
    "25": {
        "cmph": 0.1732582184990854,
        "cmps": 0.061688409443096975
    },
    "26": {
        "cmph": 0.008682226359993633,
        "cmps": 0.07145018029920926
    },
    "27": {
        "cmph": 0.18558991125616603,
        "cmps": 0.0713276654296867
    },
    "28": {
        "cmph": 0.012760875074161463,
        "cmps": 0.05063679798419455
    },
    "29": {
        "cmph": 0.016736808709976025,
        "cmps": 0.04804160630051943
    },
    "30": {
        "cmph": 0.024152506392628836,
        "cmps": 0.05575687354378263
    },
    "31": {
        "cmph": 1.0,
        "cmps": 0.052534091767842905
    },
    "32": {
        "cmph": 0.03645413065480166,
        "cmps": 0.05238213881665153
    },
    "33": {
        "cmph": 0.00973077607542256,
        "cmps": 0.049278975499471106
    },
    "34": {
        "cmph": 0.021449154984286303,
        "cmps": 0.05552614777152898
    },
    "35": {
        "cmph": 0.02184155948076728,
        "cmps": 0.06404447075426405
    },
    "final": {
        "OverThreshold": 3,
        "Ratio": 10,
        "Frame": 35
    }
}