{
    "1": {
        "cmph": 1.0,
        "cmps": 0.012819432049959936
    },
    "2": {
        "cmph": 1.0,
        "cmps": 0.01546565253726416
    },
    "3": {
        "cmph": 1.0,
        "cmps": 0.01571238190608523
    },
    "4": {
        "cmph": 0.007915483658267271,
        "cmps": 0.01629152992950477
    },
    "5": {
        "cmph": 0.009646320104890718,
        "cmps": 0.016709149576597828
    },
    "6": {
        "cmph": 1.0,
        "cmps": 0.010928613885047015
    },
    "7": {
        "cmph": 0.01927372918759658,
        "cmps": 0.009905500269269446
    },
    "8": {
        "cmph": 0.01516599107029867,
        "cmps": 0.013677141310040617
    },
    "9": {
        "cmph": 0.018266637126564962,
        "cmps": 0.021555073733404977
    },
    "10": {
        "cmph": 0.009951346532537615,
        "cmps": 0.024813205457437953
    },
    "11": {
        "cmph": 0.11186824810969323,
        "cmps": 0.0269594839344238
    },
    "12": {
        "cmph": 0.019119858789268095,
        "cmps": 0.028003231088760364
    },
    "13": {
        "cmph": 0.022654582435124887,
        "cmps": 0.030732709605910322
    },
    "14": {
        "cmph": 0.015567205765153065,
        "cmps": 0.033537737065056625
    },
    "15": {
        "cmph": 0.010579424144127011,
        "cmps": 0.035865516634914774
    },
    "16": {
        "cmph": 0.6314663711417452,
        "cmps": 0.03927725430630869
    },
    "17": {
        "cmph": 1.0,
        "cmps": 0.028066032773370574
    },
    "18": {
        "cmph": 0.015299231910173482,
        "cmps": 0.02725493831523715
    },
    "19": {
        "cmph": 0.012669299409585897,
        "cmps": 0.031740548384453275
    },
    "20": {
        "cmph": 1.0,
        "cmps": 0.030920752480351022
    },
    "21": {
        "cmph": 0.011244070201283781,
        "cmps": 0.034334557875997845
    },
    "22": {
        "cmph": 0.016651037630079833,
        "cmps": 0.033022134900637184
    },
    "23": {
        "cmph": 0.01576097389673822,
        "cmps": 0.03217368266530222
    },
    "24": {
        "cmph": 0.013577661664371616,
        "cmps": 0.024542668374058586
    },
    "25": {
        "cmph": 0.018026932745494453,
        "cmps": 0.025009667635259265
    },
    "26": {
        "cmph": 0.01610138155376148,
        "cmps": 0.026433230652920903
    },
    "27": {
        "cmph": 0.022032009198178333,
        "cmps": 0.02682069540790848
    },
    "28": {
        "cmph": 0.011189200367447083,
        "cmps": 0.024058618526436128
    },
    "29": {
        "cmph": 0.013629315751345988,
        "cmps": 0.020384398972916284
    },
    "30": {
        "cmph": 0.015503632662452988,
        "cmps": 0.02152364392225792
    },
    "31": {
        "cmph": 0.01759044089538054,
        "cmps": 0.01868276665826332
    },
    "32": {
        "cmph": 0.017885159958692217,
        "cmps": 0.02019302707025859
    },
    "33": {
        "cmph": 0.011360716046616709,
        "cmps": 0.016700354149766023
    },
    "34": {
        "cmph": 0.012414583108644248,
        "cmps": 0.021714798298408045
    },
    "35": {
        "cmph": 0.008534603271789454,
        "cmps": 0.02527516229958283
    },
    "final": {
        "OverThreshold": 20,
        "Ratio": 66,
        "Frame": 35
    }
}