{
    "1": {
        "cmph": 1.0,
        "cmps": 0.02012821374505281
    },
    "2": {
        "cmph": 1.0,
        "cmps": 0.02310642804170693
    },
    "3": {
        "cmph": 1.0,
        "cmps": 0.023388058471057568
    },
    "4": {
        "cmph": 0.011981796530024784,
        "cmps": 0.02357369012695565
    },
    "5": {
        "cmph": 0.017354424405323653,
        "cmps": 0.030223665089094732
    },
    "6": {
        "cmph": 1.0,
        "cmps": 0.02167174482263778
    },
    "7": {
        "cmph": 0.033292270061419764,
        "cmps": 0.0200964953011571
    },
    "8": {
        "cmph": 0.030524939026707543,
        "cmps": 0.030356296869346412
    },
    "9": {
        "cmph": 0.03601153864928004,
        "cmps": 0.04966733000779627
    },
    "10": {
        "cmph": 0.020202614071993915,
        "cmps": 0.06322207950263894
    },
    "11": {
        "cmph": 0.043754859262585544,
        "cmps": 0.06444010053657286
    },
    "12": {
        "cmph": 0.042731352827688474,
        "cmps": 0.08609595177864474
    },
    "13": {
        "cmph": 0.052211557224452414,
        "cmps": 0.11007565614668703
    },
    "14": {
        "cmph": 0.042007284807119696,
        "cmps": 0.12073263236756343
    },
    "15": {
        "cmph": 0.029106186288950016,
        "cmps": 0.1272252165007018
    },
    "16": {
        "cmph": 0.034792191108882486,
        "cmps": 0.13349909727398704
    },
    "17": {
        "cmph": 1.0,
        "cmps": 0.10665586328198404
    },
    "18": {
        "cmph": 0.04843765657236586,
        "cmps": 0.10614368134559266
    },
    "19": {
        "cmph": 0.03557248301901793,
        "cmps": 0.11896362311185879
    },
    "20": {
        "cmph": 1.0,
        "cmps": 0.11630871903237035
    },
    "21": {
        "cmph": 0.026137358901197196,
        "cmps": 0.11390354695599077
    },
    "22": {
        "cmph": 0.03246894467177563,
        "cmps": 0.09240037246414845
    },
    "23": {
        "cmph": 0.029997431119708172,
        "cmps": 0.08019815345817344
    },
    "24": {
        "cmph": 0.029276718917945914,
        "cmps": 0.0794147224844706
    },
    "25": {
        "cmph": 0.03313236432471994,
        "cmps": 0.07733932733488337
    },
    "26": {
        "cmph": 0.03259310924366838,
        "cmps": 0.07492993918046853
    },
    "27": {
        "cmph": 0.03887245011157663,
        "cmps": 0.07860326022944004
    },
    "28": {
        "cmph": 0.022157987997189026,
        "cmps": 0.07560143492446748
    },
    "29": {
        "cmph": 0.02848759013086295,
        "cmps": 0.0656145763733095
    },
    "30": {
        "cmph": 0.032692364549433285,
        "cmps": 0.06926557113764957
    },
    "31": {
        "cmph": 0.040664021748677566,
        "cmps": 0.06313711894241307
    },
    "32": {
        "cmph": 0.04720321725251372,
        "cmps": 0.06316754083662773
    },
    "33": {
        "cmph": 0.027584529001159812,
        "cmps": 0.058764280671221344
    },
    "final": {
        "OverThreshold": 6,
        "Ratio": 18,
        "Frame": 33
    }
}