{
    "1": {
        "cmph": 1.0,
        "cmps": 0.023742880436136204
    },
    "2": {
        "cmph": 1.0,
        "cmps": 0.032936705128928205
    },
    "3": {
        "cmph": 1.0,
        "cmps": 0.035359130895208
    },
    "4": {
        "cmph": 0.011647724958856442,
        "cmps": 0.039962939000171865
    },
    "5": {
        "cmph": 0.013845732133176773,
        "cmps": 0.03952942697385929
    },
    "6": {
        "cmph": 1.0,
        "cmps": 0.026774821952968653
    },
    "7": {
        "cmph": 0.026583493098769197,
        "cmps": 0.024155817272698797
    },
    "8": {
        "cmph": 0.022867511689615736,
        "cmps": 0.03659916899859126
    },
    "9": {
        "cmph": 0.027505697736566956,
        "cmps": 0.060134472191882886
    },
    "10": {
        "cmph": 0.014784545511817425,
        "cmps": 0.07879547593729157
    },
    "11": {
        "cmph": 0.03264700252153676,
        "cmps": 0.07951258943767829
    },
    "12": {
        "cmph": 0.02843994374097016,
        "cmps": 0.08183088151956394
    },
    "13": {
        "cmph": 0.031452942997727266,
        "cmps": 0.08362741865021214
    },
    "14": {
        "cmph": 0.02526021027025764,
        "cmps": 0.09289556501566261
    },
    "15": {
        "cmph": 0.014933257341785171,
        "cmps": 0.09916376224768325
    },
    "16": {
        "cmph": 0.01934846815903087,
        "cmps": 0.10354450317864013
    },
    "17": {
        "cmph": 1.0,
        "cmps": 0.07913518124229744
    },
    "18": {
        "cmph": 0.028396273908480044,
        "cmps": 0.07834567935051102
    },
    "19": {
        "cmph": 0.023592746479985535,
        "cmps": 0.09423789508673158
    },
    "20": {
        "cmph": 1.0,
        "cmps": 0.08303307153856136
    },
    "final": {
        "OverThreshold": 2,
        "Ratio": 10,
        "Frame": 20
    }
}