{
    "1": {
        "cmph": 1.0,
        "cmps": 0.03173895745438218
    },
    "2": {
        "cmph": 1.0,
        "cmps": 0.051824249287578374
    },
    "3": {
        "cmph": 1.0,
        "cmps": 0.048566853427989075
    },
    "4": {
        "cmph": 0.014424808826330942,
        "cmps": 0.04617288692034632
    },
    "5": {
        "cmph": 0.015597263043725511,
        "cmps": 0.044824644370004836
    },
    "6": {
        "cmph": 1.0,
        "cmps": 0.029714655288601628
    },
    "7": {
        "cmph": 0.03131448262086486,
        "cmps": 0.02577244759468654
    },
    "8": {
        "cmph": 0.024260185685312297,
        "cmps": 0.03708969648965914
    },
    "9": {
        "cmph": 0.030501796893810478,
        "cmps": 0.060668992958460934
    },
    "10": {
        "cmph": 0.016226337387027175,
        "cmps": 0.08194517792197996
    },
    "11": {
        "cmph": 0.03845709799505788,
        "cmps": 0.08319063032221535
    },
    "12": {
        "cmph": 0.03694923112365292,
        "cmps": 0.09325334847258966
    },
    "13": {
        "cmph": 0.04038917661043794,
        "cmps": 0.09288785078330736
    },
    "14": {
        "cmph": 0.030364249890811428,
        "cmps": 0.10098287686009712
    },
    "15": {
        "cmph": 0.017262592802403,
        "cmps": 0.10657974501826854
    },
    "final": {
        "OverThreshold": 2,
        "Ratio": 13,
        "Frame": 15
    }
}