{
    "1": {
        "cmph": 1.0,
        "cmps": 0.0326658968542882
    },
    "2": {
        "cmph": 1.0,
        "cmps": 0.03392790810773879
    },
    "3": {
        "cmph": 1.0,
        "cmps": 0.03385152205026573
    },
    "4": {
        "cmph": 0.01453625381791387,
        "cmps": 0.03355411932162805
    },
    "5": {
        "cmph": 0.01752723378751076,
        "cmps": 0.03392262058713751
    },
    "6": {
        "cmph": 1.0,
        "cmps": 0.02111234933732937
    },
    "7": {
        "cmph": 0.035146171555259356,
        "cmps": 0.019662857833575815
    },
    "8": {
        "cmph": 0.028008892277698528,
        "cmps": 0.030130342963627696
    },
    "9": {
        "cmph": 0.03330030825436656,
        "cmps": 0.0488279108055087
    },
    "10": {
        "cmph": 0.018696694428553894,
        "cmps": 0.06047323133607333
    },
    "11": {
        "cmph": 0.03738960817972694,
        "cmps": 0.0638691605899521
    },
    "12": {
        "cmph": 0.03249427506791907,
        "cmps": 0.06723889501777923
    },
    "13": {
        "cmph": 0.037365199100213985,
        "cmps": 0.08102020900565766
    },
    "14": {
        "cmph": 0.02903411937304002,
        "cmps": 0.0883578331125657
    },
    "15": {
        "cmph": 0.017255274923224227,
        "cmps": 0.09629501811053154
    },
    "16": {
        "cmph": 0.021401622408638334,
        "cmps": 0.10034221568167934
    },
    "17": {
        "cmph": 1.0,
        "cmps": 0.07791654961782656
    },
    "18": {
        "cmph": 0.027193269318765357,
        "cmps": 0.08475407146569733
    },
    "19": {
        "cmph": 0.020314930403548533,
        "cmps": 0.09532530730956351
    },
    "20": {
        "cmph": 1.0,
        "cmps": 0.08837746932646136
    },
    "21": {
        "cmph": 0.01903034713467179,
        "cmps": 0.09017793508210552
    },
    "22": {
        "cmph": 0.024438494477614175,
        "cmps": 0.08557146562278332
    },
    "23": {
        "cmph": 0.022621633201544956,
        "cmps": 0.07727921518130491
    },
    "24": {
        "cmph": 0.02199703583199036,
        "cmps": 0.07293957019715464
    },
    "25": {
        "cmph": 0.029066429137199156,
        "cmps": 0.061402659467544043
    },
    "26": {
        "cmph": 0.0249824430505886,
        "cmps": 0.055439235399418224
    },
    "27": {
        "cmph": 0.03280292722120762,
        "cmps": 0.06348837232797123
    },
    "28": {
        "cmph": 0.01714361791270893,
        "cmps": 0.05404332496387038
    },
    "29": {
        "cmph": 0.022745940215062432,
        "cmps": 0.0555545047159772
    },
    "30": {
        "cmph": 0.024646530320559128,
        "cmps": 0.047323961532676366
    },
    "31": {
        "cmph": 0.20676107999644053,
        "cmps": 0.061715425423123714
    },
    "32": {
        "cmph": 0.027951442744891787,
        "cmps": 0.058708126547139756
    },
    "final": {
        "OverThreshold": 5,
        "Ratio": 15,
        "Frame": 32
    }
}