{
    "1": {
        "cmph": 1.0,
        "cmps": 0.027045705415040953
    },
    "2": {
        "cmph": 1.0,
        "cmps": 0.02804692488158053
    },
    "3": {
        "cmph": 1.0,
        "cmps": 0.026223005882507398
    },
    "4": {
        "cmph": 0.09289619807515975,
        "cmps": 0.029369370548982605
    },
    "5": {
        "cmph": 0.13811253377992055,
        "cmps": 0.02884081238811702
    },
    "6": {
        "cmph": 1.0,
        "cmps": 0.017925819957219827
    },
    "7": {
        "cmph": 0.005980839300758352,
        "cmps": 0.016706375199584744
    },
    "8": {
        "cmph": 0.01798012654951855,
        "cmps": 0.021828105369146898
    },
    "9": {
        "cmph": 0.02260002712734049,
        "cmps": 0.03569896965824497
    },
    "10": {
        "cmph": 0.012645252346291368,
        "cmps": 0.047700872576467435
    },
    "11": {
        "cmph": 0.002159475351919383,
        "cmps": 0.04561138562201739
    },
    "final": {
        "OverThreshold": 2,
        "Ratio": 18,
        "Frame": 11
    }
}