{
    "1": {
        "cmph": 1.0,
        "cmps": 0.025420559210446624
    },
    "2": {
        "cmph": 1.0,
        "cmps": 0.03131393259683867
    },
    "3": {
        "cmph": 1.0,
        "cmps": 0.032933029685450546
    },
    "4": {
        "cmph": 0.008707272005084695,
        "cmps": 0.03572824651358917
    },
    "5": {
        "cmph": 0.008404086519991269,
        "cmps": 0.033307324518619
    },
    "6": {
        "cmph": 1.0,
        "cmps": 0.021139188764693884
    },
    "7": {
        "cmph": 0.0160327920997135,
        "cmps": 0.02077551202805323
    },
    "8": {
        "cmph": 0.012552985016356277,
        "cmps": 0.025734771721954635
    },
    "9": {
        "cmph": 0.01515019086433956,
        "cmps": 0.0401869319806333
    },
    "10": {
        "cmph": 0.008347465017587994,
        "cmps": 0.04878702141438476
    },
    "11": {
        "cmph": 0.017520178045123652,
        "cmps": 0.05226276807333089
    },
    "12": {
        "cmph": 0.016364068996281133,
        "cmps": 0.06040844409327308
    },
    "13": {
        "cmph": 0.01854626480504433,
        "cmps": 0.06306061973620844
    },
    "14": {
        "cmph": 0.01375371970018845,
        "cmps": 0.07133770869675365
    },
    "15": {
        "cmph": 0.00838203687450864,
        "cmps": 0.07987283967027681
    },
    "16": {
        "cmph": 0.010846919725253486,
        "cmps": 0.08397399598281044
    },
    "17": {
        "cmph": 1.0,
        "cmps": 0.06673098009399998
    },
    "18": {
        "cmph": 0.004993081149112152,
        "cmps": 0.0678012864916457
    },
    "19": {
        "cmph": 0.010017826607597414,
        "cmps": 0.07127505467596276
    },
    "20": {
        "cmph": 1.0,
        "cmps": 0.07197130031410046
    },
    "21": {
        "cmph": 0.008889467844144348,
        "cmps": 0.06987435177808297
    },
    "22": {
        "cmph": 0.012543630671685839,
        "cmps": 0.06559933015923965
    },
    "23": {
        "cmph": 0.012506570041964588,
        "cmps": 0.06506858918210386
    },
    "24": {
        "cmph": 0.0038102047889076733,
        "cmps": 0.055773258844433404
    },
    "25": {
        "cmph": 0.006410991508796449,
        "cmps": 0.059906496812152
    },
    "26": {
        "cmph": 0.014632403006641674,
        "cmps": 0.058660212494966085
    },
    "27": {
        "cmph": 0.010896546896815894,
        "cmps": 0.05567076404291417
    },
    "28": {
        "cmph": 0.009410829882654324,
        "cmps": 0.0496604190379911
    },
    "29": {
        "cmph": 0.012855756135387239,
        "cmps": 0.05312244073860619
    },
    "30": {
        "cmph": 0.014634373169245526,
        "cmps": 0.051892473513852296
    },
    "31": {
        "cmph": 0.01849430457574455,
        "cmps": 0.05384185503864106
    },
    "32": {
        "cmph": 0.02147453802904417,
        "cmps": 0.0510277693181872
    },
    "33": {
        "cmph": 0.012816466933034499,
        "cmps": 0.04749195264659257
    },
    "34": {
        "cmph": 0.018364992583661813,
        "cmps": 0.04533781598506041
    },
    "35": {
        "cmph": 0.012047581063568064,
        "cmps": 0.05353023719295522
    },
    "final": {
        "OverThreshold": 6,
        "Ratio": 17,
        "Frame": 35
    }
}