{
    "1": {
        "cmph": 1.0,
        "cmps": 0.20571812366463266
    },
    "2": {
        "cmph": 1.0,
        "cmps": 0.17584909564077497
    },
    "3": {
        "cmph": 1.0,
        "cmps": 0.20511194185840856
    },
    "4": {
        "cmph": 0.015224794892005416,
        "cmps": 0.3127807717864358
    },
    "5": {
        "cmph": 0.02013067943510912,
        "cmps": 0.26486685203168936
    },
    "6": {
        "cmph": 1.0,
        "cmps": 0.3821487227279603
    },
    "7": {
        "cmph": 0.04319102703477289,
        "cmps": 0.5846159160043611
    },
    "8": {
        "cmph": 0.03490867097262888,
        "cmps": 0.4676186148201769
    },
    "9": {
        "cmph": 0.03471611062344228,
        "cmps": 0.20936869851486076
    },
    "10": {
        "cmph": 0.019251600742758113,
        "cmps": 0.1158647494057615
    },
    "11": {
        "cmph": 0.03941338925847757,
        "cmps": 0.0008347697564318956
    },
    "12": {
        "cmph": 0.029022022894546994,
        "cmps": 0.06933985978583453
    },
    "13": {
        "cmph": 0.028326886479213036,
        "cmps": 0.03897697783858401
    },
    "14": {
        "cmph": 0.021141389781820695,
        "cmps": 0.025776016387043094
    },
    "15": {
        "cmph": 0.014446318026204163,
        "cmps": 0.033904487262796705
    },
    "16": {
        "cmph": 0.017341507015519442,
        "cmps": 0.0031819035220944153
    },
    "17": {
        "cmph": 1.0,
        "cmps": 0.02861373916670685
    },
    "18": {
        "cmph": 0.023167273679727735,
        "cmps": 0.048108341933641004
    },
    "19": {
        "cmph": 0.00868891221096043,
        "cmps": 0.04822757421936986
    },
    "20": {
        "cmph": 1.0,
        "cmps": 0.03592516324900673
    },
    "21": {
        "cmph": 0.019553533805454184,
        "cmps": 0.00035041761584416186
    },
    "22": {
        "cmph": 0.014076322979282218,
        "cmps": 0.0010901613931363523
    },
    "23": {
        "cmph": 0.0203517227882658,
        "cmps": 0.02128356184887578
    },
    "24": {
        "cmph": 0.01582039732488613,
        "cmps": 0.039885194771426734
    },
    "25": {
        "cmph": 0.03238084835287015,
        "cmps": 0.031752438700537296
    },
    "26": {
        "cmph": 0.023130547414358736,
        "cmps": 0.036172632990110844
    },
    "27": {
        "cmph": 0.02773933043986034,
        "cmps": 0.03805911718222728
    },
    "28": {
        "cmph": 0.02916560127839024,
        "cmps": 0.0435618050691057
    },
    "29": {
        "cmph": 0.03951055255222977,
        "cmps": 0.04367770041151952
    },
    "30": {
        "cmph": 0.02874814605103575,
        "cmps": 0.046231037148907986
    },
    "31": {
        "cmph": 0.04922083832386402,
        "cmps": 0.035771693175907206
    },
    "32": {
        "cmph": 0.045875579799629015,
        "cmps": 0.054542132723167096
    },
    "33": {
        "cmph": 0.027436379762201996,
        "cmps": 0.060987222062434156
    },
    "34": {
        "cmph": 0.033445056821567565,
        "cmps": 0.06816795912415632
    },
    "35": {
        "cmph": 0.022601463140828656,
        "cmps": 0.07325913385320883
    },
    "final": {
        "OverThreshold": 6,
        "Ratio": 17,
        "Frame": 35
    }
}