{
    "1": {
        "cmph": 0.01904376392296422,
        "cmps": 0.08778995640591816
    },
    "2": {
        "cmph": 0.020314507172102404,
        "cmps": 0.08391236505439265
    },
    "3": {
        "cmph": 0.02034364720246039,
        "cmps": 0.08765504153559694
    },
    "4": {
        "cmph": 0.01687012225968623,
        "cmps": 0.08763770542454861
    },
    "5": {
        "cmph": 0.017000043873817792,
        "cmps": 0.0859990572027666
    },
    "6": {
        "cmph": 0.016877168729081984,
        "cmps": 0.08151609196608935
    },
    "7": {
        "cmph": 0.017003291803446452,
        "cmps": 0.08097975889861841
    },
    "8": {
        "cmph": 0.01792549658883397,
        "cmps": 0.0853456381276079
    },
    "9": {
        "cmph": 0.017671724464130904,
        "cmps": 0.09130605789202387
    },
    "10": {
        "cmph": 0.016687326955330553,
        "cmps": 0.08192034144956258
    },
    "11": {
        "cmph": 0.022619455114141283,
        "cmps": 0.08219328020925663
    },
    "12": {
        "cmph": 0.010216786097058578,
        "cmps": 0.07882165231303576
    },
    "13": {
        "cmph": 0.013141039750161211,
        "cmps": 0.078428869543445
    },
    "14": {
        "cmph": 0.013203207891164841,
        "cmps": 0.0808906282370058
    },
    "15": {
        "cmph": 0.015710816177966613,
        "cmps": 0.09192477129779503
    },
    "16": {
        "cmph": 0.02016168573087755,
        "cmps": 0.08602242863145225
    },
    "17": {
        "cmph": 0.0178904366568893,
        "cmps": 0.08473154923018243
    },
    "18": {
        "cmph": 0.03551659745226807,
        "cmps": 0.09560804877807369
    },
    "19": {
        "cmph": 0.021259409839443747,
        "cmps": 0.09084238288137568
    },
    "20": {
        "cmph": 0.04100170113067668,
        "cmps": 0.09056271743995184
    },
    "21": {
        "cmph": 0.008547572789218838,
        "cmps": 0.0899862104097493
    },
    "final": {
        "OverThreshold": 0,
        "Ratio": 0,
        "Frame": 21
    }
}