{
    "1": {
        "cmph": 0.02519068319941759,
        "cmps": 0.06291822413649305
    },
    "2": {
        "cmph": 0.019892314764299535,
        "cmps": 0.07485134278055325
    },
    "3": {
        "cmph": 0.022499693256984112,
        "cmps": 0.07936931055080415
    },
    "4": {
        "cmph": 0.018675239972819568,
        "cmps": 0.09337437065288423
    },
    "5": {
        "cmph": 0.012354418326378042,
        "cmps": 0.10157882551502315
    },
    "6": {
        "cmph": 0.01204521995097836,
        "cmps": 0.11224848516116144
    },
    "7": {
        "cmph": 0.0027505304360952903,
        "cmps": 0.1010737119642826
    },
    "8": {
        "cmph": 0.007977309410841089,
        "cmps": 0.11149708365321907
    },
    "9": {
        "cmph": 0.009326001844093296,
        "cmps": 0.11117576865767968
    },
    "10": {
        "cmph": 0.010178310347226006,
        "cmps": 0.1098526930955796
    },
    "11": {
        "cmph": 0.022827398451362783,
        "cmps": 0.1035529690001856
    },
    "12": {
        "cmph": 0.013407266714376528,
        "cmps": 0.0900788949764689
    },
    "13": {
        "cmph": 0.017942201516814204,
        "cmps": 0.08916997038831799
    },
    "14": {
        "cmph": 0.018522058734212886,
        "cmps": 0.08529615815367163
    },
    "15": {
        "cmph": 0.018807900123481453,
        "cmps": 0.08023458950333152
    },
    "16": {
        "cmph": 0.01862612240448389,
        "cmps": 0.08484938079456594
    },
    "17": {
        "cmph": 0.0029181065217605893,
        "cmps": 0.07851188962493413
    },
    "18": {
        "cmph": 0.012568377651245546,
        "cmps": 0.0925817731506073
    },
    "19": {
        "cmph": 0.0044706805857737675,
        "cmps": 0.08286388715875374
    },
    "20": {
        "cmph": 0.0077234924353462645,
        "cmps": 0.07119449789341838
    },
    "21": {
        "cmph": 0.010447814549341303,
        "cmps": 0.07708860639034762
    },
    "22": {
        "cmph": 0.0008471160345405216,
        "cmps": 0.07782533657776325
    },
    "23": {
        "cmph": 0.0022570928843508318,
        "cmps": 0.07647589800704022
    },
    "24": {
        "cmph": 0.0007266814261619555,
        "cmps": 0.07436987933528996
    },
    "25": {
        "cmph": 0.01182546282510234,
        "cmps": 0.07674407431841311
    },
    "26": {
        "cmph": 0.01583917128697049,
        "cmps": 0.07597070885038518
    },
    "27": {
        "cmph": 0.01132883830452392,
        "cmps": 0.08090707624509007
    },
    "28": {
        "cmph": 0.00624564520455393,
        "cmps": 0.08360022523004361
    },
    "29": {
        "cmph": 0.003765098370798153,
        "cmps": 0.07518475673251819
    },
    "30": {
        "cmph": 0.00374694045658362,
        "cmps": 0.07397449975930918
    },
    "31": {
        "cmph": 0.008702352549040596,
        "cmps": 0.07190145989166491
    },
    "32": {
        "cmph": 0.011754366152936034,
        "cmps": 0.0808222894598705
    },
    "33": {
        "cmph": 0.012340691717958211,
        "cmps": 0.10301111344681926
    },
    "34": {
        "cmph": 0.020551658455865734,
        "cmps": 0.11020507404664077
    },
    "35": {
        "cmph": 0.020689530738521623,
        "cmps": 0.12219267359314764
    },
    "36": {
        "cmph": 0.01596009088858612,
        "cmps": 0.11835835179724923
    },
    "37": {
        "cmph": 0.005174416446254759,
        "cmps": 0.10429825083927692
    },
    "38": {
        "cmph": 0.005419630932820277,
        "cmps": 0.07308113741218314
    },
    "39": {
        "cmph": 0.015328094577419783,
        "cmps": 0.09105579964907146
    },
    "40": {
        "cmph": 0.013376879884998718,
        "cmps": 0.06791383955377556
    },
    "41": {
        "cmph": 0.010566349761036339,
        "cmps": 0.07516829743016328
    },
    "42": {
        "cmph": 0.003267914377584329,
        "cmps": 0.06221075972609193
    },
    "43": {
        "cmph": 0.008423699258838235,
        "cmps": 0.06764322135925624
    },
    "44": {
        "cmph": 0.0015100750658953892,
        "cmps": 0.07111938838984963
    },
    "45": {
        "cmph": 0.0024011928854572036,
        "cmps": 0.0767165542584498
    },
    "final": {
        "OverThreshold": 0,
        "Ratio": 0,
        "Frame": 45
    }
}