{
    "1": {
        "cmph": 0.027319913137152377,
        "cmps": 0.062486661329529784
    },
    "2": {
        "cmph": 0.03469789811114441,
        "cmps": 0.07913451782880257
    },
    "3": {
        "cmph": 0.03252316355036793,
        "cmps": 0.061784337561830244
    },
    "4": {
        "cmph": 0.027588410703166366,
        "cmps": 0.12994325088276706
    },
    "5": {
        "cmph": 0.023749350440384686,
        "cmps": 0.21707160204702414
    },
    "6": {
        "cmph": 0.021991718505820507,
        "cmps": 0.2676665951659421
    },
    "7": {
        "cmph": 0.022790990950200537,
        "cmps": 0.31881300602935575
    },
    "8": {
        "cmph": 0.023368455121395328,
        "cmps": 0.343607594318162
    },
    "9": {
        "cmph": 0.022687470607108025,
        "cmps": 0.4095167062442159
    },
    "10": {
        "cmph": 0.020617479368484865,
        "cmps": 0.3511473751907695
    },
    "11": {
        "cmph": 0.02235594787430234,
        "cmps": 0.33082500123900493
    },
    "12": {
        "cmph": 0.02141433736735909,
        "cmps": 0.33782552252263653
    },
    "13": {
        "cmph": 0.020505279820120587,
        "cmps": 0.2933526537718089
    },
    "14": {
        "cmph": 0.02163026165061277,
        "cmps": 0.2303746962172509
    },
    "15": {
        "cmph": 0.02123266188836457,
        "cmps": 0.25201752375208486
    },
    "16": {
        "cmph": 0.021439912203218905,
        "cmps": 0.30541831168184236
    },
    "17": {
        "cmph": 0.017213302260356007,
        "cmps": 0.21653623817298245
    },
    "18": {
        "cmph": 0.0213761324375303,
        "cmps": 0.09429895150987572
    },
    "19": {
        "cmph": 0.022444467975519238,
        "cmps": 0.2335553244670451
    },
    "20": {
        "cmph": 0.022126478477074878,
        "cmps": 0.20356035554604657
    },
    "final": {
        "OverThreshold": 0,
        "Ratio": 0,
        "Frame": 20
    }
}