{
    "1": {
        "cmph": 0.02323487826648858,
        "cmps": 0.04705353222354857
    },
    "2": {
        "cmph": 0.012428103315219551,
        "cmps": 0.0265769129138721
    },
    "3": {
        "cmph": 0.012916325706661137,
        "cmps": 0.043455410167735825
    },
    "4": {
        "cmph": 0.04151839884111535,
        "cmps": 0.036727300368006144
    },
    "5": {
        "cmph": 0.1468663936394652,
        "cmps": 0.03572714648159131
    },
    "6": {
        "cmph": 0.10974203956446843,
        "cmps": 0.03208550801782395
    },
    "7": {
        "cmph": 0.10596156174261041,
        "cmps": 0.03503499511098558
    },
    "8": {
        "cmph": 0.09372736247009845,
        "cmps": 0.05562057953425919
    },
    "9": {
        "cmph": 0.09301424718666239,
        "cmps": 0.06769311835354921
    },
    "10": {
        "cmph": 0.16615651409456222,
        "cmps": 0.05280144383092393
    },
    "11": {
        "cmph": 0.22804168338077108,
        "cmps": 0.05360628498592114
    },
    "12": {
        "cmph": 0.23029628875994596,
        "cmps": 0.035429388547862796
    },
    "13": {
        "cmph": 0.3805236578182522,
        "cmps": 0.05332242032240924
    },
    "14": {
        "cmph": 0.4231966055017026,
        "cmps": 0.06888593803328884
    },
    "15": {
        "cmph": 0.45990323584483955,
        "cmps": 0.06375954982482361
    },
    "16": {
        "cmph": 0.4685435630802575,
        "cmps": 0.06747519387706537
    },
    "17": {
        "cmph": 0.5026892339500627,
        "cmps": 0.06979720432025042
    },
    "18": {
        "cmph": 0.553728127412695,
        "cmps": 0.06579063579206819
    },
    "19": {
        "cmph": 0.6530609928346386,
        "cmps": 0.06432142199654943
    },
    "20": {
        "cmph": 0.6586866238752609,
        "cmps": 0.07201623127172894
    },
    "21": {
        "cmph": 0.572571157394272,
        "cmps": 0.07381703182155902
    },
    "22": {
        "cmph": 0.7707934829324935,
        "cmps": 0.06601877504965872
    },
    "23": {
        "cmph": 0.7390432067043657,
        "cmps": 0.06999730733590354
    },
    "24": {
        "cmph": 0.8233421367897605,
        "cmps": 0.07336029591857827
    },
    "25": {
        "cmph": 0.8055903598078826,
        "cmps": 0.06604492847769525
    },
    "26": {
        "cmph": 0.8415884908755107,
        "cmps": 0.06659837864594018
    },
    "27": {
        "cmph": 0.876738271734025,
        "cmps": 0.06394136252779459
    },
    "28": {
        "cmph": 0.9212919388235906,
        "cmps": 0.06305487678883925
    },
    "29": {
        "cmph": 0.9407865896452626,
        "cmps": 0.06515243230221143
    },
    "30": {
        "cmph": 0.8963551364600764,
        "cmps": 0.0613319065118311
    },
    "31": {
        "cmph": 0.9533230889259592,
        "cmps": 0.06336166410993103
    },
    "32": {
        "cmph": 0.9480986182401685,
        "cmps": 0.06647329232163166
    },
    "33": {
        "cmph": 0.9655693995318864,
        "cmps": 0.07274261749590147
    },
    "34": {
        "cmph": 0.000612108235350661,
        "cmps": 0.0629723585027277
    },
    "35": {
        "cmph": 0.009193725428936672,
        "cmps": 0.06612819322294736
    },
    "36": {
        "cmph": 0.002863468268446761,
        "cmps": 0.06623710584258091
    },
    "37": {
        "cmph": 0.0042555362928808765,
        "cmps": 0.07032036275439559
    },
    "38": {
        "cmph": 0.000339276331070271,
        "cmps": 0.0732405829880271
    },
    "39": {
        "cmph": 0.002536709637150951,
        "cmps": 0.07214365981640804
    },
    "40": {
        "cmph": 0.01345474756730284,
        "cmps": 0.07432884359020805
    },
    "41": {
        "cmph": 0.012356475893792927,
        "cmps": 0.06977762280371744
    },
    "42": {
        "cmph": 0.009876409187117971,
        "cmps": 0.06929055206678758
    },
    "final": {
        "OverThreshold": 24,
        "Ratio": 57,
        "Frame": 42
    }
}