{
    "1": {
        "cmph": 0.8131599212212043,
        "cmps": 0.07610545042613769
    },
    "2": {
        "cmph": 0.8736432698734649,
        "cmps": 0.07640333787996301
    },
    "3": {
        "cmph": 0.8586089675372531,
        "cmps": 0.08330148223915909
    },
    "4": {
        "cmph": 0.6748021224037509,
        "cmps": 0.07622986885545033
    },
    "5": {
        "cmph": 0.7108810363494817,
        "cmps": 0.05983250890571753
    },
    "6": {
        "cmph": 0.412650525929629,
        "cmps": 0.01963485263045322
    },
    "7": {
        "cmph": 0.38658424008516534,
        "cmps": 0.029045766194847136
    },
    "8": {
        "cmph": 0.4041160006117928,
        "cmps": 0.007134503046178159
    },
    "9": {
        "cmph": 0.5744729166427546,
        "cmps": 0.011089435514848799
    },
    "10": {
        "cmph": 0.49311430571212167,
        "cmps": 0.009694520811888062
    },
    "11": {
        "cmph": 0.5008346287836792,
        "cmps": 0.0337904959776864
    },
    "12": {
        "cmph": 0.5013192327618373,
        "cmps": 0.027862286547251564
    },
    "13": {
        "cmph": 0.49446877232174874,
        "cmps": 0.029476873510390356
    },
    "14": {
        "cmph": 0.5253113580096119,
        "cmps": 0.04107068220325425
    },
    "15": {
        "cmph": 0.3912760109102438,
        "cmps": 0.04886875705321261
    },
    "16": {
        "cmph": 0.29256172156624605,
        "cmps": 0.005537411381347184
    },
    "17": {
        "cmph": 0.30866042560847096,
        "cmps": 0.002375401933191306
    },
    "18": {
        "cmph": 0.191395595001117,
        "cmps": 0.03162381313100558
    },
    "19": {
        "cmph": 0.13144950672728295,
        "cmps": 0.029814023514584693
    },
    "20": {
        "cmph": 0.16283569690450148,
        "cmps": 0.0010503844220723394
    },
    "21": {
        "cmph": 0.12943319168460637,
        "cmps": 0.01143742279187971
    },
    "22": {
        "cmph": 0.15719386590791262,
        "cmps": 0.03313083111184866
    },
    "23": {
        "cmph": 0.189284802177261,
        "cmps": 0.03560121250943479
    },
    "24": {
        "cmph": 0.0801529692685276,
        "cmps": 0.04742143096213091
    },
    "25": {
        "cmph": 0.08819419493396587,
        "cmps": 0.052766844412203154
    },
    "26": {
        "cmph": 0.10114924613327161,
        "cmps": 0.060836749428669505
    },
    "27": {
        "cmph": 0.11786924347767545,
        "cmps": 0.05419985767579192
    },
    "28": {
        "cmph": 0.12245575727257037,
        "cmps": 0.04549842696365093
    },
    "29": {
        "cmph": 0.11321895128982028,
        "cmps": 0.05437180836818593
    },
    "30": {
        "cmph": 0.16375265233942118,
        "cmps": 0.03763856548245717
    },
    "31": {
        "cmph": 0.10165397577077528,
        "cmps": 0.03463928136555227
    },
    "32": {
        "cmph": 0.14266159032673356,
        "cmps": 0.0050440185164444505
    },
    "33": {
        "cmph": 0.1158044279674087,
        "cmps": 0.033152635977829185
    },
    "34": {
        "cmph": 0.1880329592829922,
        "cmps": 0.18610048276014585
    },
    "35": {
        "cmph": 0.10895358575487704,
        "cmps": 0.1798713163918416
    },
    "36": {
        "cmph": 0.15819778873708862,
        "cmps": 0.18909793082730914
    },
    "37": {
        "cmph": 0.2023941348926933,
        "cmps": 0.1811196385473916
    },
    "38": {
        "cmph": 0.31902904574851515,
        "cmps": 0.25186275946031916
    },
    "39": {
        "cmph": 0.3201439484479434,
        "cmps": 0.15661445432707874
    },
    "40": {
        "cmph": 0.3054247697954537,
        "cmps": 0.12018993709210285
    },
    "41": {
        "cmph": 0.2251478734304736,
        "cmps": 0.05418036439410838
    },
    "42": {
        "cmph": 0.24967808265241528,
        "cmps": 0.028104672458773534
    },
    "final": {
        "OverThreshold": 4,
        "Ratio": 9,
        "Frame": 42
    }
}