{
    "1": {
        "cmph": 0.022847907405931497,
        "cmps": 0.0895677276481791
    },
    "2": {
        "cmph": 0.027336675801620063,
        "cmps": 0.09673539979370033
    },
    "3": {
        "cmph": 0.026901702870387408,
        "cmps": 0.10335550243232387
    },
    "4": {
        "cmph": 0.026234517509406186,
        "cmps": 0.09222199214356912
    },
    "5": {
        "cmph": 0.02382271668871028,
        "cmps": 0.09945213046680836
    },
    "6": {
        "cmph": 0.0241745559524119,
        "cmps": 0.09784738820567478
    },
    "7": {
        "cmph": 0.024055033642873314,
        "cmps": 0.09683242832271118
    },
    "8": {
        "cmph": 0.02305407595940802,
        "cmps": 0.0984702633580302
    },
    "9": {
        "cmph": 0.023599565756014174,
        "cmps": 0.10232175397520686
    },
    "10": {
        "cmph": 0.022413805082533496,
        "cmps": 0.10598196284946247
    },
    "11": {
        "cmph": 0.02212369134078188,
        "cmps": 0.11260265123657204
    },
    "12": {
        "cmph": 0.022180851492396115,
        "cmps": 0.11104690355440101
    },
    "13": {
        "cmph": 0.02210772131647244,
        "cmps": 0.11400256477978922
    },
    "14": {
        "cmph": 0.02203928068311198,
        "cmps": 0.11794406492389795
    },
    "15": {
        "cmph": 0.022205036263316796,
        "cmps": 0.11256950476311381
    },
    "16": {
        "cmph": 0.02099460941035664,
        "cmps": 0.10759572047065406
    },
    "17": {
        "cmph": 0.018496533209516858,
        "cmps": 0.1180121306868023
    },
    "18": {
        "cmph": 0.017740739867223805,
        "cmps": 0.12184524006601566
    },
    "19": {
        "cmph": 0.01749771061454807,
        "cmps": 0.10801205822382706
    },
    "20": {
        "cmph": 0.017574623449861465,
        "cmps": 0.11402134166052472
    },
    "21": {
        "cmph": 0.01776350196211179,
        "cmps": 0.1200026885597312
    },
    "22": {
        "cmph": 0.017767446941739654,
        "cmps": 0.11871885311837813
    },
    "23": {
        "cmph": 0.016617916861695798,
        "cmps": 0.11524750490906208
    },
    "24": {
        "cmph": 0.01817310969105718,
        "cmps": 0.1207563047705018
    },
    "25": {
        "cmph": 0.019265476151562107,
        "cmps": 0.1088931945221741
    },
    "26": {
        "cmph": 0.018831015048825863,
        "cmps": 0.11104866924411183
    },
    "27": {
        "cmph": 0.018375829956303585,
        "cmps": 0.10724492473625566
    },
    "28": {
        "cmph": 0.01982338515054129,
        "cmps": 0.12313485231126613
    },
    "29": {
        "cmph": 0.01992994614049629,
        "cmps": 0.10862408195069932
    },
    "30": {
        "cmph": 0.018867005140265486,
        "cmps": 0.10798924746407919
    },
    "31": {
        "cmph": 0.020220731366301484,
        "cmps": 0.09229147916783344
    },
    "32": {
        "cmph": 0.02073321440055025,
        "cmps": 0.1046136968312264
    },
    "33": {
        "cmph": 0.02093571587705283,
        "cmps": 0.09326639768996886
    },
    "34": {
        "cmph": 0.019361185836547876,
        "cmps": 0.08895289839937774
    },
    "final": {
        "OverThreshold": 0,
        "Ratio": 0,
        "Frame": 34
    }
}