{
    "1": {
        "cmph": 0.026853771224027843,
        "cmps": 0.49485821878279174
    },
    "2": {
        "cmph": 0.027661439469531743,
        "cmps": 0.4842209558636913
    },
    "3": {
        "cmph": 0.02788287118158038,
        "cmps": 0.5001216428814601
    },
    "4": {
        "cmph": 0.019426529057259053,
        "cmps": 0.4979125011382024
    },
    "5": {
        "cmph": 0.01985802790803468,
        "cmps": 0.5570699762635996
    },
    "6": {
        "cmph": 0.01850189831287741,
        "cmps": 0.5691104929543842
    },
    "7": {
        "cmph": 0.019027957585822,
        "cmps": 0.5116573037857285
    },
    "8": {
        "cmph": 0.02182576381214871,
        "cmps": 0.5244576367238754
    },
    "9": {
        "cmph": 0.022205200858632843,
        "cmps": 0.5136088883957838
    },
    "10": {
        "cmph": 0.02177387416242268,
        "cmps": 0.4213752412620741
    },
    "11": {
        "cmph": 0.023597008932145,
        "cmps": 0.35757755068282043
    },
    "12": {
        "cmph": 0.02182944194081056,
        "cmps": 0.3511988658060632
    },
    "13": {
        "cmph": 0.02288755300046053,
        "cmps": 0.3617168754134119
    },
    "14": {
        "cmph": 0.02413956423917551,
        "cmps": 0.28691181887426787
    },
    "15": {
        "cmph": 0.02310511934084177,
        "cmps": 0.360313351695593
    },
    "16": {
        "cmph": 0.02350381383731051,
        "cmps": 0.3796426735753443
    },
    "17": {
        "cmph": 0.020987351926086795,
        "cmps": 0.30287803714412176
    },
    "18": {
        "cmph": 0.02454264939147416,
        "cmps": 0.10799115578632178
    },
    "19": {
        "cmph": 0.025299296199575102,
        "cmps": 0.2675869651105452
    },
    "20": {
        "cmph": 0.026072045320915564,
        "cmps": 0.18367485543180467
    },
    "final": {
        "OverThreshold": 0,
        "Ratio": 0,
        "Frame": 20
    }
}