{
    "1": {
        "cmph": 0.6268662384038768,
        "cmps": 0.18905532746833462
    },
    "2": {
        "cmph": 0.45323698607592783,
        "cmps": 0.19889687662377933
    },
    "3": {
        "cmph": 0.4519835724848613,
        "cmps": 0.2736122606666897
    },
    "4": {
        "cmph": 0.3637602979688393,
        "cmps": 0.26865495353425795
    },
    "5": {
        "cmph": 0.2052424843529143,
        "cmps": 0.24367620354245573
    },
    "6": {
        "cmph": 0.20711712376966515,
        "cmps": 0.23662206885509643
    },
    "7": {
        "cmph": 0.18244853592564547,
        "cmps": 0.1966483305476315
    },
    "8": {
        "cmph": 0.16437394382021883,
        "cmps": 0.21694826477305865
    },
    "9": {
        "cmph": 0.15774759825638393,
        "cmps": 0.19214452557180947
    },
    "10": {
        "cmph": 0.12430471395762968,
        "cmps": 0.17474415509853805
    },
    "11": {
        "cmph": 0.11347176208195534,
        "cmps": 0.1279090569698733
    },
    "12": {
        "cmph": 0.05097657409854859,
        "cmps": 0.057302815420898434
    },
    "final": {
        "OverThreshold": 9,
        "Ratio": 75,
        "Frame": 12
    }
}