{
    "1": {
        "cmph": 0.0654453713767841,
        "cmps": 0.7473160820948342
    },
    "2": {
        "cmph": 0.627922723922336,
        "cmps": 0.8293703189882209
    },
    "3": {
        "cmph": 0.5816931986134615,
        "cmps": 0.7681010292946879
    },
    "4": {
        "cmph": 0.5927575581616777,
        "cmps": 0.7089088885038778
    },
    "5": {
        "cmph": 0.6102624078971984,
        "cmps": 0.7800893789947029
    },
    "6": {
        "cmph": 0.5566044350778048,
        "cmps": 0.8235399479685696
    },
    "7": {
        "cmph": 0.6441485819358866,
        "cmps": 0.7728985935816575
    },
    "8": {
        "cmph": 0.4272938879722074,
        "cmps": 0.8105396338050223
    },
    "9": {
        "cmph": 0.43903331158564474,
        "cmps": 0.770096254928835
    },
    "10": {
        "cmph": 0.41880633554944546,
        "cmps": 0.7638937106677617
    },
    "11": {
        "cmph": 0.47214096909226594,
        "cmps": 0.7207004817596542
    },
    "12": {
        "cmph": 0.482279210766539,
        "cmps": 0.6694878735558345
    },
    "13": {
        "cmph": 0.493017638668628,
        "cmps": 0.6654851244577936
    },
    "14": {
        "cmph": 0.5391086244368273,
        "cmps": 0.6702455098855459
    },
    "15": {
        "cmph": 0.5905729232464817,
        "cmps": 0.6231284777049427
    },
    "16": {
        "cmph": 0.5266899313853075,
        "cmps": 0.6001527484524841
    },
    "17": {
        "cmph": 0.4249152943189286,
        "cmps": 0.7154394924032215
    },
    "18": {
        "cmph": 0.4085602137180822,
        "cmps": 0.7143483553422765
    },
    "19": {
        "cmph": 0.39821188567053534,
        "cmps": 0.6635873862964211
    },
    "20": {
        "cmph": 0.39559304761051844,
        "cmps": 0.6244586854426222
    },
    "21": {
        "cmph": 0.39571997742078296,
        "cmps": 0.5787870470480592
    },
    "22": {
        "cmph": 0.42229032507549985,
        "cmps": 0.595668366661905
    },
    "23": {
        "cmph": 0.3317512979338074,
        "cmps": 0.5822674128719642
    },
    "24": {
        "cmph": 0.0733834991319197,
        "cmps": 0.606484856496204
    },
    "25": {
        "cmph": 0.0094521987031943,
        "cmps": 0.660496445857056
    },
    "26": {
        "cmph": 0.0008967333058249,
        "cmps": 0.6766662971643381
    },
    "27": {
        "cmph": 0.0616663751148608,
        "cmps": 0.6484128764935556
    },
    "28": {
        "cmph": 0.0276591012523123,
        "cmps": 0.6906457340355854
    },
    "29": {
        "cmph": 0.0936178645373102,
        "cmps": 0.7691123394025516
    },
    "30": {
        "cmph": 0.0032734788556495,
        "cmps": 0.7033916189366747
    },
    "31": {
        "cmph": 0.0105151842513397,
        "cmps": 0.6691013648870678
    },
    "32": {
        "cmph": 0.0445870181388551,
        "cmps": 0.6566349603803018
    },
    "33": {
        "cmph": 0.0548618019942258,
        "cmps": 0.685253237897397
    },
    "34": {
        "cmph": 0.0806454390877528,
        "cmps": 0.6491288657826694
    },
    "35": {
        "cmph": 0.0861477851415654,
        "cmps": 0.6590621112904926
    },
    "36": {
        "cmph": 0.0608033584528194,
        "cmps": 0.6058789256277886
    },
    "37": {
        "cmph": 0.0393026562785203,
        "cmps": 0.576061050690522
    },
    "38": {
        "cmph": 0.0168403914499478,
        "cmps": 0.43598720596388363
    },
    "39": {
        "cmph": 0.0035217918308435,
        "cmps": 0.43521803742547815
    },
    "40": {
        "cmph": 0.0980531099069717,
        "cmps": 0.3772934801236004
    },
    "41": {
        "cmph": 0.0797083323359958,
        "cmps": 0.3353807273143099
    },
    "42": {
        "cmph": 0.013561503767017,
        "cmps": 0.3259825231276477
    },
    "43": {
        "cmph": 0.0730283589403075,
        "cmps": 0.3017927952542362
    },
    "44": {
        "cmph": 0.0404376002226482,
        "cmps": 0.3048648563033926
    },
    "45": {
        "cmph": 0.0273345827732869,
        "cmps": 0.31703237390778877
    },
    "46": {
        "cmph": 0.0907785349665049,
        "cmps": 0.2794958962727605
    },
    "47": {
        "cmph": 0.0307028190975784,
        "cmps": 0.24320456356891954
    },
    "48": {
        "cmph": 0.0091185668526357,
        "cmps": 0.21548216702484016
    },
    "49": {
        "cmph": 0.0041873731495403,
        "cmps": 0.15478446248594627
    },
    "50": {
        "cmph": 0.0101584877675807,
        "cmps": 0.02706381478326467
    },
    "51": {
        "cmph": 0.0494416334471133,
        "cmps": 0.147904522636712
    },
    "52": {
        "cmph": 0.0835829348644216,
        "cmps": 0.12233514240248065
    },
    "53": {
        "cmph": 0.0309907913886851,
        "cmps": 0.10194842183186931
    },
    "54": {
        "cmph": 0.08925664576777184,
        "cmps": 0.12977496236233088
    },
    "55": {
        "cmph": 0.0365524881543449,
        "cmps": 0.1351715707926864
    },
    "56": {
        "cmph": 0.06347243212376734,
        "cmps": 0.12648336533612217
    },
    "57": {
        "cmph": 0.12219240007048703,
        "cmps": 0.14393285601221428
    },
    "58": {
        "cmph": 0.12859347137366856,
        "cmps": 0.13360236663194877
    },
    "59": {
        "cmph": 0.124730725716485,
        "cmps": 0.11357559462193172
    },
    "final": {
        "OverThreshold": 8,
        "Ratio": 13,
        "Frame": 59
    }
}