{
    "1": {
        "cmph": 0.7948713288491639,
        "cmps": 0.3059505840463189
    },
    "2": {
        "cmph": 0.0810187937668406,
        "cmps": 0.31898091448698535
    },
    "3": {
        "cmph": 0.0787271020712874,
        "cmps": 0.03891685773671315
    },
    "4": {
        "cmph": 0.08090187072576485,
        "cmps": 0.4964873725809883
    },
    "5": {
        "cmph": 0.0556653407467926,
        "cmps": 0.37236098767589015
    },
    "6": {
        "cmph": 0.0146550572977814,
        "cmps": 0.1795259247421495
    },
    "7": {
        "cmph": 0.02732994954900896,
        "cmps": 0.11491711200535708
    },
    "8": {
        "cmph": 0.0794171136191734,
        "cmps": 0.21242055279926889
    },
    "9": {
        "cmph": 0.04868401144933936,
        "cmps": 0.2394094104863862
    },
    "10": {
        "cmph": 0.0731361175057666,
        "cmps": 0.17156687737023008
    },
    "11": {
        "cmph": 0.04942861119055712,
        "cmps": 0.18436327177266026
    },
    "12": {
        "cmph": 0.0695631008939613,
        "cmps": 0.26639600597698876
    },
    "13": {
        "cmph": 0.10540973354729212,
        "cmps": 0.2072866395970885
    },
    "14": {
        "cmph": 0.11786474421236012,
        "cmps": 0.14696214308513753
    },
    "15": {
        "cmph": 0.06274578618761288,
        "cmps": 0.07289542058108146
    },
    "16": {
        "cmph": 0.05807802951129273,
        "cmps": 0.13694976734467415
    },
    "17": {
        "cmph": 0.11753761193687988,
        "cmps": 0.24168079878539397
    },
    "18": {
        "cmph": 0.0771789956488981,
        "cmps": 0.3658714524778536
    },
    "19": {
        "cmph": 0.08851688661810152,
        "cmps": 0.5047304162175461
    },
    "20": {
        "cmph": 0.09405218017236731,
        "cmps": 0.5994762845265817
    },
    "21": {
        "cmph": 0.08239316401042597,
        "cmps": 0.5520360756250273
    },
    "22": {
        "cmph": 0.09388276276091892,
        "cmps": 0.5604112943421728
    },
    "23": {
        "cmph": 0.11236422453551782,
        "cmps": 0.7016671829146813
    },
    "24": {
        "cmph": 0.07814559872649668,
        "cmps": 0.6650096307262172
    },
    "25": {
        "cmph": 0.05658309011676489,
        "cmps": 0.4914383306586745
    },
    "26": {
        "cmph": 0.019805976883384493,
        "cmps": 0.6044404950968472
    },
    "27": {
        "cmph": 0.04207735830941154,
        "cmps": 0.47526675580505784
    },
    "28": {
        "cmph": 0.02207069110918147,
        "cmps": 0.30414961331857304
    },
    "29": {
        "cmph": 0.009076738665804366,
        "cmps": 0.3808372715049049
    },
    "30": {
        "cmph": 0.003427977659430282,
        "cmps": 0.31027632226815566
    },
    "31": {
        "cmph": 0.009371316067564557,
        "cmps": 0.26143619562771137
    },
    "32": {
        "cmph": 0.008496841475414903,
        "cmps": 0.1984902990040447
    },
    "final": {
        "OverThreshold": 2,
        "Ratio": 15,
        "Frame": 32
    }
}