{
    "1": {
        "cmph": 0.5641402976926336,
        "cmps": 0.3126419889491036
    },
    "2": {
        "cmph": 0.2223086993530282,
        "cmps": 0.2117443606618265
    },
    "3": {
        "cmph": 0.21355904639207937,
        "cmps": 0.2821321673272585
    },
    "4": {
        "cmph": 0.1746809068504747,
        "cmps": 0.2596646280656453
    },
    "5": {
        "cmph": 0.03977148115648094,
        "cmps": 0.25569858022532344
    },
    "6": {
        "cmph": 0.07690265655122844,
        "cmps": 0.25939831748726405
    },
    "7": {
        "cmph": 0.05562289065726524,
        "cmps": 0.24083027329471524
    },
    "8": {
        "cmph": 0.04194520869880512,
        "cmps": 0.256632258059906
    },
    "9": {
        "cmph": 0.0370684612387577,
        "cmps": 0.2331331012879885
    },
    "10": {
        "cmph": 0.015859219403686984,
        "cmps": 0.13592829888295882
    },
    "11": {
        "cmph": 0.02683512070676074,
        "cmps": 0.14047650240966608
    },
    "12": {
        "cmph": 0.014209885179543271,
        "cmps": 0.09449037453919885
    },
    "13": {
        "cmph": 0.018005045570908196,
        "cmps": 0.1074800645867347
    },
    "14": {
        "cmph": 0.031303298044125794,
        "cmps": 0.08787415786478495
    },
    "15": {
        "cmph": 0.0219668359011684,
        "cmps": 0.05337449649661726
    },
    "16": {
        "cmph": 0.02981761770282215,
        "cmps": 0.05861466156471356
    },
    "17": {
        "cmph": 0.0317064509530406,
        "cmps": 0.07228467617469682
    },
    "18": {
        "cmph": 0.031667097436256585,
        "cmps": 0.08282422082940187
    },
    "19": {
        "cmph": 0.01308598799358875,
        "cmps": 0.05749841403929151
    },
    "20": {
        "cmph": 0.009838105055268675,
        "cmps": 0.023318666057866064
    },
    "21": {
        "cmph": 0.016102583132745044,
        "cmps": 0.015300643142470626
    },
    "22": {
        "cmph": 0.01915027603864182,
        "cmps": 0.0065830184267226845
    },
    "23": {
        "cmph": 0.020026151934592087,
        "cmps": 0.012892645926801378
    },
    "24": {
        "cmph": 0.027024952396111832,
        "cmps": 0.018596508140471812
    },
    "25": {
        "cmph": 0.03257595857736175,
        "cmps": 0.0009441159045973874
    },
    "26": {
        "cmph": 0.014126987500589057,
        "cmps": 0.006677197095970781
    },
    "27": {
        "cmph": 0.006357342687664357,
        "cmps": 0.008714165323964634
    },
    "28": {
        "cmph": 0.0032303674384610154,
        "cmps": 0.0346592420150195
    },
    "29": {
        "cmph": 0.003452461966719787,
        "cmps": 0.037280402949015
    },
    "30": {
        "cmph": 0.011668621448195958,
        "cmps": 0.03509056090680367
    },
    "31": {
        "cmph": 0.011515369680408592,
        "cmps": 0.021282515114032244
    },
    "32": {
        "cmph": 0.01194897182470627,
        "cmps": 0.022946357193351516
    },
    "33": {
        "cmph": 0.014992689979363911,
        "cmps": 0.04264377468471648
    },
    "34": {
        "cmph": 0.016403093835185904,
        "cmps": 0.00538701956060834
    },
    "35": {
        "cmph": 0.016386129159274274,
        "cmps": 0.0020297801684024163
    },
    "36": {
        "cmph": 0.016576943356410682,
        "cmps": 0.025288986868050027
    },
    "37": {
        "cmph": 0.018833673402826996,
        "cmps": 0.030216837062004568
    },
    "38": {
        "cmph": 0.01892377116799764,
        "cmps": 0.016066679882453652
    },
    "39": {
        "cmph": 0.017130128771836662,
        "cmps": 0.021857004818991645
    },
    "40": {
        "cmph": 0.017844579780361677,
        "cmps": 0.0313998680783736
    },
    "41": {
        "cmph": 0.01795743876902058,
        "cmps": 0.03276232849524601
    },
    "42": {
        "cmph": 0.01862770087616272,
        "cmps": 0.04142437457644432
    },
    "43": {
        "cmph": 0.016399135620671003,
        "cmps": 0.044162999943158865
    },
    "44": {
        "cmph": 0.013906167879275887,
        "cmps": 0.05588672440113085
    },
    "45": {
        "cmph": 0.01567201994547123,
        "cmps": 0.05770032646389389
    },
    "46": {
        "cmph": 0.016240099008755626,
        "cmps": 0.06811750368673775
    },
    "47": {
        "cmph": 0.016698944846022495,
        "cmps": 0.07264780258563584
    },
    "final": {
        "OverThreshold": 38,
        "Ratio": 80,
        "Frame": 47
    }
}