{
    "1": {
        "cmph": 0.030552490944832745,
        "cmps": 0.10580575872420199
    },
    "2": {
        "cmph": 0.028826730942310485,
        "cmps": 0.08187323692248244
    },
    "3": {
        "cmph": 0.032045890327795104,
        "cmps": 0.08740488762706296
    },
    "4": {
        "cmph": 0.02424759937024927,
        "cmps": 0.07663698582367966
    },
    "5": {
        "cmph": 0.025138164912856715,
        "cmps": 0.07219696333183752
    },
    "6": {
        "cmph": 0.026034910222050994,
        "cmps": 0.06702433451989173
    },
    "7": {
        "cmph": 0.025156959590403188,
        "cmps": 0.06937829228073954
    },
    "8": {
        "cmph": 0.026732924674553273,
        "cmps": 0.0770436987175652
    },
    "9": {
        "cmph": 0.026898644677187875,
        "cmps": 0.08141763786096172
    },
    "10": {
        "cmph": 0.027535474216316174,
        "cmps": 0.07434060127132171
    },
    "11": {
        "cmph": 0.027024928784944006,
        "cmps": 0.07914960414321694
    },
    "12": {
        "cmph": 0.02494139571668753,
        "cmps": 0.07974433453549745
    },
    "13": {
        "cmph": 0.027189760107367452,
        "cmps": 0.08218185143137141
    },
    "14": {
        "cmph": 0.027746047330359035,
        "cmps": 0.08526382250416006
    },
    "15": {
        "cmph": 0.02669780458711829,
        "cmps": 0.08825273105339776
    },
    "16": {
        "cmph": 0.02599791077901248,
        "cmps": 0.08510735321300845
    },
    "17": {
        "cmph": 0.02427396078949173,
        "cmps": 0.07940855737867698
    },
    "18": {
        "cmph": 0.023502903122056572,
        "cmps": 0.08237255738908503
    },
    "19": {
        "cmph": 0.02178438368712736,
        "cmps": 0.08344542473661973
    },
    "20": {
        "cmph": 0.02273100541935699,
        "cmps": 0.08917862883861043
    },
    "21": {
        "cmph": 0.023804246982091975,
        "cmps": 0.09630394160611441
    },
    "22": {
        "cmph": 0.022425947189733998,
        "cmps": 0.09875624304175244
    },
    "23": {
        "cmph": 0.02149495986152019,
        "cmps": 0.09704087344026846
    },
    "24": {
        "cmph": 0.020933154152981866,
        "cmps": 0.09574966453715765
    },
    "25": {
        "cmph": 0.019502771166323343,
        "cmps": 0.08014977925536237
    },
    "26": {
        "cmph": 0.01898147302257685,
        "cmps": 0.07791817385287206
    },
    "27": {
        "cmph": 0.017847332696364033,
        "cmps": 0.08465622401625317
    },
    "28": {
        "cmph": 0.016531723124775678,
        "cmps": 0.08727673953226771
    },
    "29": {
        "cmph": 0.016094360082879452,
        "cmps": 0.0847823963768492
    },
    "30": {
        "cmph": 0.017192846358794135,
        "cmps": 0.0804162094980163
    },
    "31": {
        "cmph": 0.01581839243201809,
        "cmps": 0.08200612462262698
    },
    "32": {
        "cmph": 0.01622881712505202,
        "cmps": 0.07532463424483295
    },
    "final": {
        "OverThreshold": 0,
        "Ratio": 0,
        "Frame": 32
    }
}