{
    "1": {
        "cmph": 0.6379622723384677,
        "cmps": 0.36150002125289377
    },
    "2": {
        "cmph": 0.2052617116847793,
        "cmps": 0.1929845011934852
    },
    "3": {
        "cmph": 0.20410779738419105,
        "cmps": 0.19038972682069707
    },
    "4": {
        "cmph": 0.1964867982359583,
        "cmps": 0.13968651738132626
    },
    "5": {
        "cmph": 0.08729811227879626,
        "cmps": 0.08507355675416046
    },
    "6": {
        "cmph": 0.09595269400386568,
        "cmps": 0.08272844466044085
    },
    "7": {
        "cmph": 0.07314593656295777,
        "cmps": 0.05254995470032429
    },
    "8": {
        "cmph": 0.04578972175260645,
        "cmps": 0.09792045823694666
    },
    "9": {
        "cmph": 0.05132585435568046,
        "cmps": 0.03293350307915822
    },
    "10": {
        "cmph": 0.036286593292126336,
        "cmps": 0.03663340468480816
    },
    "11": {
        "cmph": 0.04788836822327938,
        "cmps": 0.048048076647529074
    },
    "12": {
        "cmph": 0.07560701423870399,
        "cmps": 0.03608824919891406
    },
    "13": {
        "cmph": 0.079539586261261,
        "cmps": 0.05104753368617596
    },
    "14": {
        "cmph": 0.07386283630446033,
        "cmps": 0.045670256834480824
    },
    "15": {
        "cmph": 0.07801509161190773,
        "cmps": 0.04063871085094332
    },
    "16": {
        "cmph": 0.07179454049178474,
        "cmps": 0.0617293096054676
    },
    "17": {
        "cmph": 0.07683810980024793,
        "cmps": 0.07963136298603408
    },
    "18": {
        "cmph": 0.08779714418173301,
        "cmps": 0.10256555374903907
    },
    "19": {
        "cmph": 0.05256219268177552,
        "cmps": 0.06773157984327431
    },
    "20": {
        "cmph": 0.038671442164371704,
        "cmps": 0.03899063149355023
    },
    "21": {
        "cmph": 0.04927649472631134,
        "cmps": 0.02683272653439802
    },
    "22": {
        "cmph": 0.04671715977931561,
        "cmps": 0.03906804096108459
    },
    "23": {
        "cmph": 0.051000296041854506,
        "cmps": 0.0020459541171799567
    },
    "24": {
        "cmph": 0.052605602740568844,
        "cmps": 0.006549958737062313
    },
    "25": {
        "cmph": 0.04527965401871751,
        "cmps": 0.009699242415911516
    },
    "26": {
        "cmph": 0.01800697973004068,
        "cmps": 0.005406054203587147
    },
    "27": {
        "cmph": 0.013755537431433526,
        "cmps": 0.014994822259563346
    },
    "28": {
        "cmph": 0.011391677992661225,
        "cmps": 0.03668094643530785
    },
    "29": {
        "cmph": 0.04058672201095415,
        "cmps": 0.02546650312464958
    },
    "30": {
        "cmph": 0.026248265965472025,
        "cmps": 0.005208899962993495
    },
    "31": {
        "cmph": 0.025752262508358586,
        "cmps": 0.011190183613973495
    },
    "32": {
        "cmph": 0.017655389202873184,
        "cmps": 0.00896217108284379
    },
    "33": {
        "cmph": 0.0026673999794804767,
        "cmps": 0.007973336471380023
    },
    "34": {
        "cmph": 0.009707619105026261,
        "cmps": 0.019702677035192566
    },
    "35": {
        "cmph": 0.01011114786092193,
        "cmps": 0.0271148975191162
    },
    "36": {
        "cmph": 0.004506592004053631,
        "cmps": 0.008456725324158238
    },
    "37": {
        "cmph": 0.016476738308216003,
        "cmps": 0.011693382692405673
    },
    "38": {
        "cmph": 0.017774814667323238,
        "cmps": 0.032947571245792395
    },
    "39": {
        "cmph": 0.009374581099151645,
        "cmps": 0.03538891781943358
    },
    "40": {
        "cmph": 0.016567645711851535,
        "cmps": 0.031631295130700926
    },
    "41": {
        "cmph": 0.01516137565376793,
        "cmps": 0.03485144117343696
    },
    "42": {
        "cmph": 0.014928808870326613,
        "cmps": 0.04130457098937509
    },
    "43": {
        "cmph": 0.0162402333636627,
        "cmps": 0.053771130969447176
    },
    "44": {
        "cmph": 0.015206472379831425,
        "cmps": 0.05445615716916525
    },
    "45": {
        "cmph": 0.013685083670418865,
        "cmps": 0.06396064857617617
    },
    "final": {
        "OverThreshold": 38,
        "Ratio": 84,
        "Frame": 45
    }
}