{
    "1": {
        "cmph": 0.008203687954293694,
        "cmps": 0.00517155720788783
    },
    "2": {
        "cmph": 0.017681086272601,
        "cmps": 0.009737237835814415
    },
    "3": {
        "cmph": 0.020843620482676087,
        "cmps": 0.05440572203134539
    },
    "4": {
        "cmph": 0.023472251688601578,
        "cmps": 0.07789659549210817
    },
    "5": {
        "cmph": 0.02467301221188054,
        "cmps": 0.2345834979278118
    },
    "6": {
        "cmph": 0.02483631100256717,
        "cmps": 0.17258795481276082
    },
    "7": {
        "cmph": 0.02411464788059598,
        "cmps": 0.14508497985246294
    },
    "8": {
        "cmph": 0.02267742073556578,
        "cmps": 0.20615138580711767
    },
    "9": {
        "cmph": 0.02022225548354909,
        "cmps": 0.23497619991578453
    },
    "10": {
        "cmph": 0.018882841023860286,
        "cmps": 0.2006017354984879
    },
    "11": {
        "cmph": 0.021060696932455804,
        "cmps": 0.20353896880514563
    },
    "12": {
        "cmph": 0.018243429921514984,
        "cmps": 0.10232278950597856
    },
    "13": {
        "cmph": 0.01746635909053265,
        "cmps": 0.11166878819173219
    },
    "final": {
        "OverThreshold": 0,
        "Ratio": 0,
        "Frame": 13
    }
}