{
    "1": {
        "cmph": 0.05223513693593799,
        "cmps": 0.05732362336394537
    },
    "2": {
        "cmph": 0.032971065659735635,
        "cmps": 0.058842243569755565
    },
    "3": {
        "cmph": 0.015963247772936128,
        "cmps": 0.06808577431029057
    },
    "4": {
        "cmph": 0.006076150825450254,
        "cmps": 0.08211057928141387
    },
    "5": {
        "cmph": 0.0028581432008003543,
        "cmps": 0.0781591871703706
    },
    "6": {
        "cmph": 9.879130509153512e-05,
        "cmps": 0.08261405506664876
    },
    "7": {
        "cmph": 0.010287383290018406,
        "cmps": 0.06753796067642277
    },
    "8": {
        "cmph": 0.00500465521503442,
        "cmps": 0.07960945460619907
    },
    "9": {
        "cmph": 0.005355673413801903,
        "cmps": 0.07670513076719974
    },
    "10": {
        "cmph": 0.0011331064825789942,
        "cmps": 0.06802096866025671
    },
    "11": {
        "cmph": 0.02357540016040115,
        "cmps": 0.0585340444506236
    },
    "12": {
        "cmph": 0.004742511916822278,
        "cmps": 0.05527146860270069
    },
    "13": {
        "cmph": 0.020499994008525046,
        "cmps": 0.05392784834767908
    },
    "14": {
        "cmph": 0.021462894107806687,
        "cmps": 0.05603734921952215
    },
    "15": {
        "cmph": 0.021849462689154366,
        "cmps": 0.05888287644935475
    },
    "16": {
        "cmph": 0.01686077185870062,
        "cmps": 0.06033641303850885
    },
    "17": {
        "cmph": 0.01898684535117447,
        "cmps": 0.05348298243526455
    },
    "18": {
        "cmph": 0.002948434264368855,
        "cmps": 0.06386350024532433
    },
    "19": {
        "cmph": 0.007703857290241373,
        "cmps": 0.056980877275034175
    },
    "20": {
        "cmph": 0.020759977991483103,
        "cmps": 0.05123071733300807
    },
    "21": {
        "cmph": 0.0165904693766571,
        "cmps": 0.05821240436584214
    },
    "22": {
        "cmph": 0.010303077082247647,
        "cmps": 0.055791795312188266
    },
    "23": {
        "cmph": 0.010498568314616132,
        "cmps": 0.05798471719875091
    },
    "24": {
        "cmph": 0.013835500319021612,
        "cmps": 0.057912290736045785
    },
    "25": {
        "cmph": 0.008959114446893358,
        "cmps": 0.0560823515795611
    },
    "26": {
        "cmph": 0.012339014780766029,
        "cmps": 0.05374754426516126
    },
    "27": {
        "cmph": 0.0071848969255687185,
        "cmps": 0.061639442496765576
    },
    "28": {
        "cmph": 0.011564651351480533,
        "cmps": 0.06027416017124337
    },
    "29": {
        "cmph": 0.006049097374720962,
        "cmps": 0.05462372551884689
    },
    "30": {
        "cmph": 0.010335113865438185,
        "cmps": 0.051399189879360076
    },
    "31": {
        "cmph": 0.017099134549934034,
        "cmps": 0.05121532761758136
    },
    "32": {
        "cmph": 0.008967355761796962,
        "cmps": 0.060538900830228684
    },
    "33": {
        "cmph": 0.016421085229296473,
        "cmps": 0.08120332810394475
    },
    "34": {
        "cmph": 0.009897668988049639,
        "cmps": 0.09116358584061836
    },
    "35": {
        "cmph": 0.0035166161116796106,
        "cmps": 0.10036244332860715
    },
    "36": {
        "cmph": 0.008323495908970725,
        "cmps": 0.10123414586044735
    },
    "37": {
        "cmph": 0.003197372551484078,
        "cmps": 0.09561659394036731
    },
    "38": {
        "cmph": 0.007089758801406918,
        "cmps": 0.08446759816513162
    },
    "39": {
        "cmph": 0.030713006675415832,
        "cmps": 0.08658543599208231
    },
    "40": {
        "cmph": 0.03241138631506237,
        "cmps": 0.07918448548968898
    },
    "41": {
        "cmph": 0.015273341460900133,
        "cmps": 0.0790611485676956
    },
    "42": {
        "cmph": 0.010302873380264277,
        "cmps": 0.059999607352006046
    },
    "final": {
        "OverThreshold": 0,
        "Ratio": 0,
        "Frame": 42
    }
}