{
    "1": {
        "cmph": 0.0163992098073235,
        "cmps": 0.1499466069197407
    },
    "2": {
        "cmph": 0.0007324732493808517,
        "cmps": 0.13232193050297394
    },
    "3": {
        "cmph": 0.021032532077976156,
        "cmps": 0.13862874925157573
    },
    "4": {
        "cmph": 0.030932012759828813,
        "cmps": 0.10361057514007402
    },
    "5": {
        "cmph": 0.0204318100925763,
        "cmps": 0.09821099510199913
    },
    "6": {
        "cmph": 0.04193387940355521,
        "cmps": 0.12144687281727687
    },
    "7": {
        "cmph": 0.05726873049778306,
        "cmps": 0.11711120489531583
    },
    "8": {
        "cmph": 0.034474841416337894,
        "cmps": 0.10479998531066903
    },
    "9": {
        "cmph": 0.06089262560639336,
        "cmps": 0.0648262937829621
    },
    "10": {
        "cmph": 0.10280104832324562,
        "cmps": 0.07372773848320278
    },
    "11": {
        "cmph": 0.11308852245794827,
        "cmps": 0.1239029235208525
    },
    "12": {
        "cmph": 0.11559832923361057,
        "cmps": 0.12190442344366101
    },
    "13": {
        "cmph": 0.17298349080245784,
        "cmps": 0.1251631046048838
    },
    "14": {
        "cmph": 0.20521508756067547,
        "cmps": 0.08788212633895465
    },
    "15": {
        "cmph": 0.22355316077803555,
        "cmps": 0.14915889510622646
    },
    "16": {
        "cmph": 0.2217966587647118,
        "cmps": 0.1100461944409785
    },
    "17": {
        "cmph": 0.10249176200206103,
        "cmps": 0.04891254395460232
    },
    "18": {
        "cmph": 0.08783292281731965,
        "cmps": 0.019132553384023063
    },
    "19": {
        "cmph": 0.09569130791358976,
        "cmps": 0.046616693779328235
    },
    "20": {
        "cmph": 0.11233426946417546,
        "cmps": 0.0379292569961165
    },
    "21": {
        "cmph": 0.0813176497823297,
        "cmps": 0.07240636651470735
    },
    "22": {
        "cmph": 0.11728792283695914,
        "cmps": 0.04784499164362639
    },
    "23": {
        "cmph": 0.08290684243866597,
        "cmps": 0.05827103702363736
    },
    "24": {
        "cmph": 0.06497973713397702,
        "cmps": 0.05357531869523032
    },
    "25": {
        "cmph": 0.07025109376768625,
        "cmps": 0.07907706689115325
    },
    "26": {
        "cmph": 0.06003563772549985,
        "cmps": 0.09079097802390712
    },
    "27": {
        "cmph": 0.06948086589079751,
        "cmps": 0.08012816050284156
    },
    "28": {
        "cmph": 0.0985240531316986,
        "cmps": 0.09076891783845403
    },
    "29": {
        "cmph": 0.1403794007135568,
        "cmps": 0.06554576687832428
    },
    "30": {
        "cmph": 0.14030944446234772,
        "cmps": 0.0927645004377901
    },
    "31": {
        "cmph": 0.1737704326709389,
        "cmps": 0.09649945123324846
    },
    "32": {
        "cmph": 0.16662256304208153,
        "cmps": 0.08870266580728535
    },
    "33": {
        "cmph": 0.07796262222742327,
        "cmps": 0.0909245879155693
    },
    "34": {
        "cmph": 0.10688324213803359,
        "cmps": 0.07840044405521086
    },
    "35": {
        "cmph": 0.1287999740002134,
        "cmps": 0.09831505207021765
    },
    "36": {
        "cmph": 0.014934325845120852,
        "cmps": 0.0399008546009737
    },
    "37": {
        "cmph": 0.022664913872013324,
        "cmps": 0.047698794460288796
    },
    "final": {
        "OverThreshold": 22,
        "Ratio": 59,
        "Frame": 37
    }
}