{
    "1": {
        "cmph": 0.059872030060337963,
        "cmps": 0.30548663471804843
    },
    "2": {
        "cmph": 0.055753880431011545,
        "cmps": 0.25681297245526324
    },
    "3": {
        "cmph": 0.08442737205356848,
        "cmps": 0.24574983136783463
    },
    "4": {
        "cmph": 0.03853515782420266,
        "cmps": 0.2085291798191848
    },
    "5": {
        "cmph": 0.03614693610203665,
        "cmps": 0.17555964641250932
    },
    "6": {
        "cmph": 0.040560117438305114,
        "cmps": 0.18811717194276278
    },
    "7": {
        "cmph": 0.007883904122552157,
        "cmps": 0.17552953644361463
    },
    "8": {
        "cmph": 0.015802585699732405,
        "cmps": 0.14094843464007936
    },
    "9": {
        "cmph": 0.03083499219916719,
        "cmps": 0.08517279233057973
    },
    "10": {
        "cmph": 0.022341882678178195,
        "cmps": 0.08084801747948597
    },
    "11": {
        "cmph": 0.02432477794332447,
        "cmps": 0.09583797836453793
    },
    "12": {
        "cmph": 0.018251815053183684,
        "cmps": 0.0831912628290736
    },
    "13": {
        "cmph": 0.0035522389651623056,
        "cmps": 0.09421881062473432
    },
    "14": {
        "cmph": 0.002420555261542853,
        "cmps": 0.08235214116147023
    },
    "15": {
        "cmph": 0.01379312360166076,
        "cmps": 0.1305846082568282
    },
    "16": {
        "cmph": 0.00687810237650123,
        "cmps": 0.08586554071555554
    },
    "17": {
        "cmph": 0.3124296899013595,
        "cmps": 0.023919533347513993
    },
    "18": {
        "cmph": 0.3115551532847374,
        "cmps": 0.010063620835726766
    },
    "19": {
        "cmph": 0.46202948018945883,
        "cmps": 0.03498894104034302
    },
    "20": {
        "cmph": 0.47580991163516795,
        "cmps": 0.03182928782573867
    },
    "21": {
        "cmph": 0.41445379034306684,
        "cmps": 0.055760009862479136
    },
    "22": {
        "cmph": 0.5445074846228002,
        "cmps": 0.043875133021235885
    },
    "23": {
        "cmph": 0.5737821484221225,
        "cmps": 0.05200266726338967
    },
    "24": {
        "cmph": 0.6531845523147768,
        "cmps": 0.05170812084845205
    },
    "25": {
        "cmph": 0.6150002820636952,
        "cmps": 0.06233109509741731
    },
    "26": {
        "cmph": 0.5976562694883151,
        "cmps": 0.07065057001542456
    },
    "27": {
        "cmph": 0.66489273237815,
        "cmps": 0.06663434027916404
    },
    "28": {
        "cmph": 0.6773995340472854,
        "cmps": 0.07170816588118586
    },
    "29": {
        "cmph": 0.7571286403451303,
        "cmps": 0.05224185818629688
    },
    "30": {
        "cmph": 0.7475031416958736,
        "cmps": 0.06569427500524608
    },
    "31": {
        "cmph": 0.7868201190883973,
        "cmps": 0.07200588502294951
    },
    "32": {
        "cmph": 0.8182499324789141,
        "cmps": 0.06715222072871403
    },
    "33": {
        "cmph": 0.9108788980989834,
        "cmps": 0.07497086168276595
    },
    "34": {
        "cmph": 0.9174210598596185,
        "cmps": 0.07550356551988949
    },
    "35": {
        "cmph": 0.8879309162684104,
        "cmps": 0.09176196794035926
    },
    "36": {
        "cmph": 0.8958354394473687,
        "cmps": 0.08522346937523884
    },
    "37": {
        "cmph": 0.9440410994363928,
        "cmps": 0.09664301063615933
    },
    "final": {
        "OverThreshold": 21,
        "Ratio": 56,
        "Frame": 37
    }
}