{
    "1": {
        "cmph": 0.3601251583383038,
        "cmps": 0.23497063998365486
    },
    "2": {
        "cmph": 0.37759215245058236,
        "cmps": 0.19719794018049322
    },
    "3": {
        "cmph": 0.3641479853332159,
        "cmps": 0.2527617826183958
    },
    "4": {
        "cmph": 0.12418115797520013,
        "cmps": 0.19706752388277063
    },
    "5": {
        "cmph": 0.14801847457286046,
        "cmps": 0.1863149501218922
    },
    "6": {
        "cmph": 0.13643514497912979,
        "cmps": 0.1931053899284295
    },
    "7": {
        "cmph": 0.08716356004756404,
        "cmps": 0.1598091367664237
    },
    "8": {
        "cmph": 0.12817233240790915,
        "cmps": 0.2140812235902175
    },
    "9": {
        "cmph": 0.1422900914089365,
        "cmps": 0.2463019050101707
    },
    "10": {
        "cmph": 0.08885989337682927,
        "cmps": 0.17187705244685214
    },
    "11": {
        "cmph": 0.08632973474047295,
        "cmps": 0.19469546037307686
    },
    "12": {
        "cmph": 0.07817413184546033,
        "cmps": 0.19837118728836403
    },
    "13": {
        "cmph": 0.09025463573768545,
        "cmps": 0.19923751154668867
    },
    "14": {
        "cmph": 0.105345062446336,
        "cmps": 0.2943361310058342
    },
    "15": {
        "cmph": 0.06177340192682635,
        "cmps": 0.28874414885533156
    },
    "16": {
        "cmph": 0.041558853575880406,
        "cmps": 0.26433395211963706
    },
    "17": {
        "cmph": 0.04668911942564027,
        "cmps": 0.2792966299360128
    },
    "18": {
        "cmph": 0.05227671274046586,
        "cmps": 0.27561890379441095
    },
    "19": {
        "cmph": 0.04341403639654398,
        "cmps": 0.2795136569898465
    },
    "20": {
        "cmph": 0.01954467710659663,
        "cmps": 0.3018379079537478
    },
    "21": {
        "cmph": 0.020871699722432645,
        "cmps": 0.3428289897704955
    },
    "22": {
        "cmph": 0.032625347277198666,
        "cmps": 0.3717620574882433
    },
    "23": {
        "cmph": 0.04061212837252756,
        "cmps": 0.43772068711596596
    },
    "24": {
        "cmph": 0.003558629754016585,
        "cmps": 0.516673178848263
    },
    "25": {
        "cmph": 0.008704011708931047,
        "cmps": 0.5913534462156198
    },
    "26": {
        "cmph": 0.00034694586900624737,
        "cmps": 0.6634601331449866
    },
    "27": {
        "cmph": 0.008999818217230523,
        "cmps": 0.6699132751463163
    },
    "28": {
        "cmph": 0.006598472309565532,
        "cmps": 0.7077047565409375
    },
    "29": {
        "cmph": 0.005311776784742155,
        "cmps": 0.7928331733013823
    },
    "30": {
        "cmph": 0.015088616520282998,
        "cmps": 0.6996527524592188
    },
    "31": {
        "cmph": 0.0036705371919481897,
        "cmps": 0.7900659709907027
    },
    "32": {
        "cmph": 0.0008410607388436817,
        "cmps": 0.8032288735619625
    },
    "33": {
        "cmph": 0.004298330712042779,
        "cmps": 0.8367139395585782
    },
    "34": {
        "cmph": 0.005295252349599563,
        "cmps": 0.8466232802623823
    },
    "35": {
        "cmph": 0.003225481765650829,
        "cmps": 0.8740432799476782
    },
    "36": {
        "cmph": 0.00402777632056109,
        "cmps": 0.866191376845349
    },
    "37": {
        "cmph": 0.007344579404191762,
        "cmps": 0.8542933888537388
    },
    "38": {
        "cmph": 0.006021734785806378,
        "cmps": 0.8756649527966232
    },
    "39": {
        "cmph": 0.01038051027859659,
        "cmps": 0.8858259603989906
    },
    "40": {
        "cmph": 0.011438858879440347,
        "cmps": 0.8632684661539748
    },
    "41": {
        "cmph": 0.00024633030913031597,
        "cmps": 0.8381339603836624
    },
    "42": {
        "cmph": 0.0030306548214495384,
        "cmps": 0.8256927074982571
    },
    "final": {
        "OverThreshold": 3,
        "Ratio": 7,
        "Frame": 42
    }
}