{
    "1": {
        "cmph": 0.25668333446716785,
        "cmps": 0.7773980672576938
    },
    "2": {
        "cmph": 0.718753187524887,
        "cmps": 0.8492806975814247
    },
    "3": {
        "cmph": 0.0244575269610974,
        "cmps": 0.8217417639103296
    },
    "4": {
        "cmph": 0.0817898077443427,
        "cmps": 0.8482952389367445
    },
    "5": {
        "cmph": 0.072981337212445,
        "cmps": 0.841443324914544
    },
    "6": {
        "cmph": 0.0176803197844161,
        "cmps": 0.7779459757446201
    },
    "7": {
        "cmph": 0.0018722152476832,
        "cmps": 0.5375426128947997
    },
    "8": {
        "cmph": 0.0860095661936624,
        "cmps": 0.0565050867112508
    },
    "9": {
        "cmph": 0.0245460413122221,
        "cmps": 0.5117393222993047
    },
    "10": {
        "cmph": 0.014443102613541,
        "cmps": 0.5110246277880874
    },
    "11": {
        "cmph": 0.0345125663077379,
        "cmps": 0.6005691330800339
    },
    "12": {
        "cmph": 0.0949121352998223,
        "cmps": 0.6100058827166523
    },
    "13": {
        "cmph": 0.49928445916875824,
        "cmps": 0.5114768348738151
    },
    "14": {
        "cmph": 0.0102697431750034,
        "cmps": 0.5174835571595616
    },
    "15": {
        "cmph": 0.0058288184536352,
        "cmps": 0.37584073329111645
    },
    "16": {
        "cmph": 0.0458947662282981,
        "cmps": 0.4687612599042069
    },
    "17": {
        "cmph": 0.08273302498500636,
        "cmps": 0.659769867552634
    },
    "18": {
        "cmph": 0.06879809917333304,
        "cmps": 0.7650676626592354
    },
    "19": {
        "cmph": 0.0362122693280054,
        "cmps": 0.8098446625406072
    },
    "20": {
        "cmph": 0.0418689261367885,
        "cmps": 0.806431901427916
    },
    "21": {
        "cmph": 0.09659033137812086,
        "cmps": 0.7302072669076742
    },
    "22": {
        "cmph": 0.0110636358954446,
        "cmps": 0.7149736155279598
    },
    "23": {
        "cmph": 0.0144168412981141,
        "cmps": 0.7688016876554521
    },
    "24": {
        "cmph": 0.068007855107067,
        "cmps": 0.7061166064758424
    },
    "25": {
        "cmph": 0.0027652361981828,
        "cmps": 0.5790901031293839
    },
    "26": {
        "cmph": 0.05675809778018575,
        "cmps": 0.6467030223951942
    },
    "27": {
        "cmph": 0.0103407590183779,
        "cmps": 0.4659227766167033
    },
    "28": {
        "cmph": 0.0281310832314882,
        "cmps": 0.38062451629012156
    },
    "29": {
        "cmph": 0.0849969846093855,
        "cmps": 0.4325729377708172
    },
    "30": {
        "cmph": 0.0121522765240427,
        "cmps": 0.38797245276408676
    },
    "31": {
        "cmph": 0.0425323682717397,
        "cmps": 0.2784469885248229
    },
    "32": {
        "cmph": 0.0583094226149634,
        "cmps": 0.1741567510858928
    },
    "final": {
        "OverThreshold": 5,
        "Ratio": 15,
        "Frame": 32
    }
}