{
    "1": {
        "cmph": 1.0,
        "cmps": 0.021753576167771696
    },
    "2": {
        "cmph": 1.0,
        "cmps": 0.024951868280452386
    },
    "3": {
        "cmph": 1.0,
        "cmps": 0.027166901259225114
    },
    "4": {
        "cmph": 0.03868294153612843,
        "cmps": 0.028401784051621123
    },
    "5": {
        "cmph": 0.012210948238102294,
        "cmps": 0.02798288140102493
    },
    "6": {
        "cmph": 1.0,
        "cmps": 0.017622273338473764
    },
    "7": {
        "cmph": 0.015076194090220126,
        "cmps": 0.014820905753425768
    },
    "8": {
        "cmph": 0.01944339767685197,
        "cmps": 0.022321865653811616
    },
    "9": {
        "cmph": 0.024948110448251373,
        "cmps": 0.03534150594919668
    },
    "10": {
        "cmph": 0.014082310375567989,
        "cmps": 0.03874429079184345
    },
    "11": {
        "cmph": 0.020260681229308523,
        "cmps": 0.04143040044104031
    },
    "12": {
        "cmph": 0.02155894506044332,
        "cmps": 0.04489262543175832
    },
    "13": {
        "cmph": 0.03469203028884589,
        "cmps": 0.048384109641429654
    },
    "14": {
        "cmph": 0.02596836755071451,
        "cmps": 0.05470954437147677
    },
    "15": {
        "cmph": 0.0156285422868757,
        "cmps": 0.06271787223276835
    },
    "16": {
        "cmph": 0.019040181009681238,
        "cmps": 0.06059638399471818
    },
    "17": {
        "cmph": 1.0,
        "cmps": 0.04570341948786233
    },
    "18": {
        "cmph": 0.0033118110513415547,
        "cmps": 0.04802343366039499
    },
    "19": {
        "cmph": 0.014824889318858121,
        "cmps": 0.052465012171656666
    },
    "20": {
        "cmph": 1.0,
        "cmps": 0.053037099881913054
    },
    "21": {
        "cmph": 0.014054575428615865,
        "cmps": 0.058871381930068516
    },
    "22": {
        "cmph": 0.020094492620497936,
        "cmps": 0.05703463431148441
    },
    "23": {
        "cmph": 0.020346785264965563,
        "cmps": 0.05690328101116536
    },
    "24": {
        "cmph": 0.03522797906952804,
        "cmps": 0.05266122921718752
    },
    "25": {
        "cmph": 0.018779591109653153,
        "cmps": 0.0531161330863068
    },
    "26": {
        "cmph": 0.024172855407760273,
        "cmps": 0.052754016094699464
    },
    "27": {
        "cmph": 0.013456240416077169,
        "cmps": 0.05632617137273594
    },
    "28": {
        "cmph": 0.013975474591910722,
        "cmps": 0.05487791917140502
    },
    "29": {
        "cmph": 0.017640266094062707,
        "cmps": 0.0468945829417856
    },
    "30": {
        "cmph": 0.020102189078724648,
        "cmps": 0.04415748869415546
    },
    "31": {
        "cmph": 0.0215063838575255,
        "cmps": 0.04588496876890469
    },
    "32": {
        "cmph": 0.022634028550016207,
        "cmps": 0.04026980410856669
    },
    "33": {
        "cmph": 0.013030040882666223,
        "cmps": 0.03972015753495675
    },
    "34": {
        "cmph": 0.013630103394783972,
        "cmps": 0.043811457199968463
    },
    "35": {
        "cmph": 0.009614066281123183,
        "cmps": 0.048737847606632564
    },
    "final": {
        "OverThreshold": 6,
        "Ratio": 17,
        "Frame": 35
    }
}