{
    "1": {
        "cmph": 0.27965199770634364,
        "cmps": 0.11116667167103891
    },
    "2": {
        "cmph": 0.2125628965569806,
        "cmps": 0.08445204479883617
    },
    "3": {
        "cmph": 0.29892475184264994,
        "cmps": 0.07605722403446628
    },
    "4": {
        "cmph": 0.18899738005950253,
        "cmps": 0.03719763635754212
    },
    "5": {
        "cmph": 0.15139340487731962,
        "cmps": 0.044112189280808414
    },
    "6": {
        "cmph": 0.14522357933338093,
        "cmps": 0.029227460375835478
    },
    "7": {
        "cmph": 0.06534992643029809,
        "cmps": 0.030639889143429598
    },
    "8": {
        "cmph": 0.10022627398457767,
        "cmps": 0.027841760050861246
    },
    "9": {
        "cmph": 0.12106066389183835,
        "cmps": 0.04545340939899506
    },
    "10": {
        "cmph": 0.00041674549924339103,
        "cmps": 0.037534258582907834
    },
    "11": {
        "cmph": 0.002995541609038406,
        "cmps": 0.04271138181654863
    },
    "12": {
        "cmph": 0.01097560458757488,
        "cmps": 0.044125636439119625
    },
    "13": {
        "cmph": 0.011150375889208483,
        "cmps": 0.041704744795144466
    },
    "14": {
        "cmph": 0.018213110375613833,
        "cmps": 0.03806432447108098
    },
    "15": {
        "cmph": 0.01894193548317543,
        "cmps": 0.04170843012656232
    },
    "16": {
        "cmph": 0.01792669061827082,
        "cmps": 0.03965579480839917
    },
    "17": {
        "cmph": 0.014752154701228232,
        "cmps": 0.044752821966516795
    },
    "18": {
        "cmph": 0.014088865906600342,
        "cmps": 0.04613712069227902
    },
    "19": {
        "cmph": 0.013386723598945683,
        "cmps": 0.044899542008431007
    },
    "20": {
        "cmph": 0.015060836693928159,
        "cmps": 0.0487853889163741
    },
    "21": {
        "cmph": 0.01534822209805967,
        "cmps": 0.05350908708521155
    },
    "final": {
        "OverThreshold": 3,
        "Ratio": 7,
        "Frame": 21
    }
}