{
    "1": {
        "cmph": 0.019313524352459012,
        "cmps": 0.07837259142516738
    },
    "2": {
        "cmph": 0.024708462189073133,
        "cmps": 0.08370495907488025
    },
    "3": {
        "cmph": 0.02555443309835413,
        "cmps": 0.08540020261379767
    },
    "4": {
        "cmph": 0.027775654442436674,
        "cmps": 0.07667912075450106
    },
    "5": {
        "cmph": 0.026648179412250256,
        "cmps": 0.09942442312898442
    },
    "6": {
        "cmph": 0.03268585898909518,
        "cmps": 0.11165721836135928
    },
    "7": {
        "cmph": 0.02839047742983565,
        "cmps": 0.11116964980910846
    },
    "8": {
        "cmph": 0.0309325334015066,
        "cmps": 0.12236381524564338
    },
    "9": {
        "cmph": 0.029661712626044848,
        "cmps": 0.12586189339065917
    },
    "10": {
        "cmph": 0.027864175439428634,
        "cmps": 0.12694776628565407
    },
    "11": {
        "cmph": 0.030040314937759282,
        "cmps": 0.1310851229597558
    },
    "12": {
        "cmph": 0.03169064690595681,
        "cmps": 0.1450266904788443
    },
    "13": {
        "cmph": 0.033660739919380435,
        "cmps": 0.17007701936692896
    },
    "14": {
        "cmph": 0.03597074418179584,
        "cmps": 0.1630964178919855
    },
    "15": {
        "cmph": 0.040076039048274094,
        "cmps": 0.14270356238243928
    },
    "16": {
        "cmph": 0.0362043802580139,
        "cmps": 0.1355636305949796
    },
    "17": {
        "cmph": 0.03898904478947048,
        "cmps": 0.14643564115389782
    },
    "18": {
        "cmph": 0.03626703096031085,
        "cmps": 0.14693415307731575
    },
    "19": {
        "cmph": 0.03365077217674628,
        "cmps": 0.1325394550140342
    },
    "20": {
        "cmph": 0.027489821022462394,
        "cmps": 0.11650078741100456
    },
    "21": {
        "cmph": 0.028100346300007725,
        "cmps": 0.14579432396466335
    },
    "22": {
        "cmph": 0.025242688967783755,
        "cmps": 0.13792634704236303
    },
    "23": {
        "cmph": 0.022020733834042395,
        "cmps": 0.11733810406680004
    },
    "24": {
        "cmph": 0.021787392423530158,
        "cmps": 0.12561778742147475
    },
    "25": {
        "cmph": 0.019759925084311715,
        "cmps": 0.11970427998672654
    },
    "26": {
        "cmph": 0.021237624519615975,
        "cmps": 0.11668359345873136
    },
    "27": {
        "cmph": 0.019096177537377135,
        "cmps": 0.11021793452091774
    },
    "28": {
        "cmph": 0.02331722975044097,
        "cmps": 0.12261166852268564
    },
    "29": {
        "cmph": 0.022263518886123084,
        "cmps": 0.10682865430072691
    },
    "30": {
        "cmph": 0.02343695593156938,
        "cmps": 0.11111364614223285
    },
    "31": {
        "cmph": 0.02585277613192491,
        "cmps": 0.09998968540029603
    },
    "32": {
        "cmph": 0.028671707317332054,
        "cmps": 0.10705147216800029
    },
    "33": {
        "cmph": 0.027249159621704502,
        "cmps": 0.10556096597042376
    },
    "final": {
        "OverThreshold": 0,
        "Ratio": 0,
        "Frame": 33
    }
}