{
    "1": {
        "cmph": 0.018983818282507645,
        "cmps": 0.06557776301740194
    },
    "2": {
        "cmph": 0.019697781953216933,
        "cmps": 0.06473770364236446
    },
    "3": {
        "cmph": 0.02136867137374331,
        "cmps": 0.06977651292441586
    },
    "4": {
        "cmph": 0.01991590042700836,
        "cmps": 0.06604690917240541
    },
    "5": {
        "cmph": 0.024482654037945983,
        "cmps": 0.07536716172270158
    },
    "6": {
        "cmph": 0.028214459756623532,
        "cmps": 0.08107343421185276
    },
    "7": {
        "cmph": 0.023829972242953912,
        "cmps": 0.07386280620536234
    },
    "8": {
        "cmph": 0.029134350891343294,
        "cmps": 0.08552962360353854
    },
    "9": {
        "cmph": 0.02908866713805222,
        "cmps": 0.08717984435348747
    },
    "10": {
        "cmph": 0.029753310725985967,
        "cmps": 0.07572520430947649
    },
    "11": {
        "cmph": 0.03162568459884988,
        "cmps": 0.07613489653549141
    },
    "12": {
        "cmph": 0.032798995458649116,
        "cmps": 0.08949589067609295
    },
    "13": {
        "cmph": 0.03799309919258048,
        "cmps": 0.10502360912542699
    },
    "14": {
        "cmph": 0.040143670193782,
        "cmps": 0.10382765205149455
    },
    "15": {
        "cmph": 0.04503383905942716,
        "cmps": 0.09654398220297966
    },
    "16": {
        "cmph": 0.042264285528651566,
        "cmps": 0.08348477676204584
    },
    "17": {
        "cmph": 0.04785205849132965,
        "cmps": 0.08959552343827365
    },
    "18": {
        "cmph": 0.041864239879908983,
        "cmps": 0.09329524866593791
    },
    "19": {
        "cmph": 0.038145570937065484,
        "cmps": 0.0820774840670798
    },
    "20": {
        "cmph": 0.03239177261325531,
        "cmps": 0.0763353653561524
    },
    "21": {
        "cmph": 0.03269410391416954,
        "cmps": 0.10849936740124291
    },
    "22": {
        "cmph": 0.02979507756431652,
        "cmps": 0.09765752371297923
    },
    "23": {
        "cmph": 0.028503405219337002,
        "cmps": 0.08907107545809946
    },
    "24": {
        "cmph": 0.02628815900247945,
        "cmps": 0.09729782202905973
    },
    "25": {
        "cmph": 0.022230901380221397,
        "cmps": 0.08737556720024432
    },
    "26": {
        "cmph": 0.024764000165148594,
        "cmps": 0.08219904460339321
    },
    "27": {
        "cmph": 0.02114962317800675,
        "cmps": 0.08282391418341367
    },
    "28": {
        "cmph": 0.021367118914851605,
        "cmps": 0.08663172164819355
    },
    "29": {
        "cmph": 0.020156983141808235,
        "cmps": 0.07713384601897316
    },
    "30": {
        "cmph": 0.02280543319865331,
        "cmps": 0.07825123902071753
    },
    "31": {
        "cmph": 0.02159690081265833,
        "cmps": 0.07171210056235157
    },
    "32": {
        "cmph": 0.022970578008650735,
        "cmps": 0.07584900594603955
    },
    "33": {
        "cmph": 0.02120622489623806,
        "cmps": 0.08120840021593792
    },
    "final": {
        "OverThreshold": 0,
        "Ratio": 0,
        "Frame": 33
    }
}