{
    "1": {
        "cmph": 0.011266353226919592,
        "cmps": 0.0409357765565075
    },
    "2": {
        "cmph": 0.013070309319696253,
        "cmps": 0.03369992213142584
    },
    "3": {
        "cmph": 0.01776511136320737,
        "cmps": 0.01831531499488483
    },
    "4": {
        "cmph": 0.010390748921511726,
        "cmps": 0.011930214849000031
    },
    "5": {
        "cmph": 0.011829942454675979,
        "cmps": 0.002138501287512895
    },
    "6": {
        "cmph": 0.004240208468588579,
        "cmps": 0.007535909284738574
    },
    "7": {
        "cmph": 0.0019592724633657353,
        "cmps": 0.024540502248433176
    },
    "8": {
        "cmph": 0.0004845316908611744,
        "cmps": 0.0013010379136154195
    },
    "9": {
        "cmph": 0.0006834976570197369,
        "cmps": 0.016770062631008907
    },
    "10": {
        "cmph": 0.0027916300854299585,
        "cmps": 0.018116385870286966
    },
    "11": {
        "cmph": 0.04115497055336792,
        "cmps": 0.03468712697268187
    },
    "12": {
        "cmph": 0.005400967519827072,
        "cmps": 0.006279569875477951
    },
    "13": {
        "cmph": 0.014058841819741477,
        "cmps": 0.012762796851478691
    },
    "final": {
        "OverThreshold": 0,
        "Ratio": 0,
        "Frame": 13
    }
}