{
    "1": {
        "cmph": 0.024481410091664317,
        "cmps": 0.0893907920038716
    },
    "2": {
        "cmph": 0.04336762016607014,
        "cmps": 0.122759570231528
    },
    "3": {
        "cmph": 0.026034992895072787,
        "cmps": 0.11558322402113058
    },
    "4": {
        "cmph": 0.03198502334084088,
        "cmps": 0.12462628279240759
    },
    "5": {
        "cmph": 0.019536294357623687,
        "cmps": 0.10702665266385013
    },
    "6": {
        "cmph": 0.02944944968675146,
        "cmps": 0.09900228375882072
    },
    "7": {
        "cmph": 0.028755879247447602,
        "cmps": 0.09863202904219646
    },
    "final": {
        "OverThreshold": 0,
        "Ratio": 0,
        "Frame": 7
    }
}