{
    "1": {
        "cmph": 0.017766589929310687,
        "cmps": 0.059282590162270214
    },
    "2": {
        "cmph": 0.01961393802688975,
        "cmps": 0.06377060043832669
    },
    "3": {
        "cmph": 0.023098906164865523,
        "cmps": 0.06722658613423946
    },
    "4": {
        "cmph": 0.017384612352749566,
        "cmps": 0.0617364683966121
    },
    "5": {
        "cmph": 0.019641741446911824,
        "cmps": 0.061859743313992896
    },
    "6": {
        "cmph": 0.019377965806312663,
        "cmps": 0.062355150967137445
    },
    "7": {
        "cmph": 0.019212863332175152,
        "cmps": 0.05359670599742503
    },
    "8": {
        "cmph": 0.019834883888645755,
        "cmps": 0.059366785586721905
    },
    "9": {
        "cmph": 0.021160307865793756,
        "cmps": 0.0634610765823781
    },
    "10": {
        "cmph": 0.022484956979504936,
        "cmps": 0.05141627569076193
    },
    "11": {
        "cmph": 0.023362686788983424,
        "cmps": 0.04826279694157872
    },
    "12": {
        "cmph": 0.023259004720311997,
        "cmps": 0.04717572740751428
    },
    "13": {
        "cmph": 0.02519000618989985,
        "cmps": 0.04655995240320854
    },
    "14": {
        "cmph": 0.025883082688214702,
        "cmps": 0.04800818419985026
    },
    "15": {
        "cmph": 0.023613503165886892,
        "cmps": 0.056780378316436377
    },
    "16": {
        "cmph": 0.024322128994383206,
        "cmps": 0.05919099683135874
    },
    "17": {
        "cmph": 0.024201305151190573,
        "cmps": 0.05649563262454243
    },
    "18": {
        "cmph": 0.02032908815755407,
        "cmps": 0.04864440143360954
    },
    "19": {
        "cmph": 0.01766413954028783,
        "cmps": 0.04082266185295029
    },
    "20": {
        "cmph": 0.01897634950466499,
        "cmps": 0.04595639860670621
    },
    "21": {
        "cmph": 0.018434208636106043,
        "cmps": 0.044763246503968415
    },
    "22": {
        "cmph": 0.019756455988214804,
        "cmps": 0.04724608762001401
    },
    "23": {
        "cmph": 0.019745776272103128,
        "cmps": 0.05482976289063697
    },
    "24": {
        "cmph": 0.02057275741821716,
        "cmps": 0.055360033831688804
    },
    "25": {
        "cmph": 0.01801743436728719,
        "cmps": 0.04924496296546969
    },
    "26": {
        "cmph": 0.019566188181710117,
        "cmps": 0.05230135680137844
    },
    "27": {
        "cmph": 0.01675133491672152,
        "cmps": 0.05329190448697199
    },
    "28": {
        "cmph": 0.01622592071746312,
        "cmps": 0.0521766444276359
    },
    "29": {
        "cmph": 0.017138467622172526,
        "cmps": 0.05915183316985157
    },
    "30": {
        "cmph": 0.016288844406972834,
        "cmps": 0.05062956876319492
    },
    "31": {
        "cmph": 0.015435961537150161,
        "cmps": 0.04773974135843748
    },
    "32": {
        "cmph": 0.014671809847851084,
        "cmps": 0.046628510407894355
    },
    "33": {
        "cmph": 0.014731190610522393,
        "cmps": 0.05202779761609248
    },
    "34": {
        "cmph": 0.014930341131838921,
        "cmps": 0.0527700968476003
    },
    "35": {
        "cmph": 0.017476358107183315,
        "cmps": 0.05423004617482952
    },
    "36": {
        "cmph": 0.01719782304706327,
        "cmps": 0.053142004617577676
    },
    "37": {
        "cmph": 0.016073811237480966,
        "cmps": 0.0528343258891318
    },
    "38": {
        "cmph": 0.016453957368894673,
        "cmps": 0.0530811838188992
    },
    "39": {
        "cmph": 0.01733936214008615,
        "cmps": 0.0581350591925148
    },
    "40": {
        "cmph": 0.016346694803819808,
        "cmps": 0.06139650440168165
    },
    "41": {
        "cmph": 0.01532230200232769,
        "cmps": 0.061963005991124566
    },
    "42": {
        "cmph": 0.01583162505076708,
        "cmps": 0.058860731155013064
    },
    "final": {
        "OverThreshold": 0,
        "Ratio": 0,
        "Frame": 42
    }
}