{
    "1": {
        "cmph": 0.05140799686471525,
        "cmps": 0.06806499260561041
    },
    "2": {
        "cmph": 0.045932189330221196,
        "cmps": 0.11107896507062046
    },
    "3": {
        "cmph": 0.0031326931484618134,
        "cmps": 0.13333912152085695
    },
    "4": {
        "cmph": 0.038633255154583365,
        "cmps": 0.1306962036428535
    },
    "5": {
        "cmph": 0.03089854485303604,
        "cmps": 0.1354229638561277
    },
    "6": {
        "cmph": 0.033954508921806216,
        "cmps": 0.1390844976414839
    },
    "7": {
        "cmph": 0.032723230876680096,
        "cmps": 0.1362188160975374
    },
    "final": {
        "OverThreshold": 0,
        "Ratio": 0,
        "Frame": 7
    }
}