{
    "1": {
        "cmph": 0.0328983099594914,
        "cmps": 0.14454754107504203
    },
    "2": {
        "cmph": 0.03862659841285851,
        "cmps": 0.13650241418280903
    },
    "3": {
        "cmph": 0.034483333228347506,
        "cmps": 0.1372690763608956
    },
    "4": {
        "cmph": 0.0213064832440218,
        "cmps": 0.11434264855825226
    },
    "5": {
        "cmph": 0.02252202270333925,
        "cmps": 0.14268391187303942
    },
    "6": {
        "cmph": 0.02332549157768862,
        "cmps": 0.15432910030641997
    },
    "7": {
        "cmph": 0.020849177559918934,
        "cmps": 0.1358024979581269
    },
    "8": {
        "cmph": 0.021912446428756588,
        "cmps": 0.128882516253008
    },
    "9": {
        "cmph": 0.02115395215017546,
        "cmps": 0.1254464688764478
    },
    "10": {
        "cmph": 0.01986367427082939,
        "cmps": 0.13828748496209253
    },
    "11": {
        "cmph": 0.021913183265707084,
        "cmps": 0.12899513483776476
    },
    "12": {
        "cmph": 0.01799658014805503,
        "cmps": 0.10963597489755049
    },
    "13": {
        "cmph": 0.015912995488318395,
        "cmps": 0.10150466730121226
    },
    "14": {
        "cmph": 0.01776796074018047,
        "cmps": 0.10045926871580826
    },
    "15": {
        "cmph": 0.016712359982797527,
        "cmps": 0.09002032271164817
    },
    "16": {
        "cmph": 0.017080699311223763,
        "cmps": 0.09059647324446879
    },
    "17": {
        "cmph": 0.014880874962717986,
        "cmps": 0.08277111715531757
    },
    "18": {
        "cmph": 0.016713920185308977,
        "cmps": 0.09408637832721915
    },
    "19": {
        "cmph": 0.016206352882525286,
        "cmps": 0.09260328198248768
    },
    "20": {
        "cmph": 0.026994316988080483,
        "cmps": 0.10002152274868846
    },
    "21": {
        "cmph": 0.027741866400396695,
        "cmps": 0.10073172348993292
    },
    "22": {
        "cmph": 0.027990399711208508,
        "cmps": 0.10429817428394628
    },
    "final": {
        "OverThreshold": 0,
        "Ratio": 0,
        "Frame": 22
    }
}