{
    "1": {
        "cmph": 0.031133094003886197,
        "cmps": 0.10634197990789576
    },
    "2": {
        "cmph": 0.03615961397147764,
        "cmps": 0.10161289232729386
    },
    "3": {
        "cmph": 0.03734355580362828,
        "cmps": 0.11104558115063039
    },
    "4": {
        "cmph": 0.03443008328498948,
        "cmps": 0.09624869860212105
    },
    "5": {
        "cmph": 0.030131646534994568,
        "cmps": 0.09623251756224104
    },
    "6": {
        "cmph": 0.031072918696673626,
        "cmps": 0.09630817225574158
    },
    "7": {
        "cmph": 0.030242154927136423,
        "cmps": 0.09871967917843727
    },
    "8": {
        "cmph": 0.02862246452851349,
        "cmps": 0.10300558737627877
    },
    "9": {
        "cmph": 0.027547244040446728,
        "cmps": 0.11040888427692236
    },
    "10": {
        "cmph": 0.026287244831392893,
        "cmps": 0.10870432191069651
    },
    "11": {
        "cmph": 0.025719807466253047,
        "cmps": 0.11921058142995124
    },
    "12": {
        "cmph": 0.024467114813935535,
        "cmps": 0.11891445643170213
    },
    "13": {
        "cmph": 0.024359687522397144,
        "cmps": 0.12407144061355137
    },
    "14": {
        "cmph": 0.024861851588521052,
        "cmps": 0.11253686366345236
    },
    "15": {
        "cmph": 0.024534193033051845,
        "cmps": 0.10349047707431147
    },
    "16": {
        "cmph": 0.023714999124283702,
        "cmps": 0.1054574099239501
    },
    "17": {
        "cmph": 0.019908896824958264,
        "cmps": 0.10233931405256662
    },
    "18": {
        "cmph": 0.02047053526250733,
        "cmps": 0.10849820624592359
    },
    "19": {
        "cmph": 0.019326185921344535,
        "cmps": 0.11234174351893653
    },
    "20": {
        "cmph": 0.019291048937008087,
        "cmps": 0.1187704152271653
    },
    "21": {
        "cmph": 0.020459578441536525,
        "cmps": 0.12153377366505806
    },
    "22": {
        "cmph": 0.018999487700490748,
        "cmps": 0.13047267726621123
    },
    "23": {
        "cmph": 0.0166062541033815,
        "cmps": 0.1312295962218034
    },
    "24": {
        "cmph": 0.01734921202166532,
        "cmps": 0.12525187053489376
    },
    "25": {
        "cmph": 0.017335027968136577,
        "cmps": 0.11609581274692411
    },
    "26": {
        "cmph": 0.016278525044190428,
        "cmps": 0.11242512335902409
    },
    "27": {
        "cmph": 0.01611451092390212,
        "cmps": 0.11009783430867781
    },
    "28": {
        "cmph": 0.018117371631959707,
        "cmps": 0.11696559597459306
    },
    "29": {
        "cmph": 0.017776325313387565,
        "cmps": 0.11279904305194965
    },
    "30": {
        "cmph": 0.01766894664702514,
        "cmps": 0.11212405803616608
    },
    "31": {
        "cmph": 0.01893555755334147,
        "cmps": 0.11027229856584003
    },
    "32": {
        "cmph": 0.020256690734589373,
        "cmps": 0.1070027219425677
    },
    "final": {
        "OverThreshold": 0,
        "Ratio": 0,
        "Frame": 32
    }
}