{
    "1": {
        "cmph": 1.0,
        "cmps": 0.015589140612129777
    },
    "2": {
        "cmph": 1.0,
        "cmps": 0.030711010260689606
    },
    "3": {
        "cmph": 1.0,
        "cmps": 0.033260077474563256
    },
    "4": {
        "cmph": 0.34641940690836415,
        "cmps": 0.035995249042461354
    },
    "5": {
        "cmph": 0.4459666390946063,
        "cmps": 0.035196288996189665
    },
    "6": {
        "cmph": 1.0,
        "cmps": 0.022948877176703034
    },
    "7": {
        "cmph": 0.027361023993991873,
        "cmps": 0.022285483628392458
    },
    "8": {
        "cmph": 0.02081769829132161,
        "cmps": 0.03211024608852525
    },
    "9": {
        "cmph": 0.02554967713480531,
        "cmps": 0.05107576490362446
    },
    "10": {
        "cmph": 0.013443935547507899,
        "cmps": 0.06370461008065066
    },
    "11": {
        "cmph": 0.06538920301467448,
        "cmps": 0.06907204116989489
    },
    "12": {
        "cmph": 0.0363692860617422,
        "cmps": 0.07252909919344475
    },
    "13": {
        "cmph": 0.031081076626521428,
        "cmps": 0.0790249027256415
    },
    "14": {
        "cmph": 0.023268961245359338,
        "cmps": 0.08267666809794394
    },
    "15": {
        "cmph": 0.01436199265150172,
        "cmps": 0.08357664129976346
    },
    "16": {
        "cmph": 0.01736823700215596,
        "cmps": 0.0866006025435948
    },
    "17": {
        "cmph": 1.0,
        "cmps": 0.06768920196906915
    },
    "18": {
        "cmph": 0.0134097200444902,
        "cmps": 0.06930047235030251
    },
    "19": {
        "cmph": 0.013152016203649038,
        "cmps": 0.07559144812392529
    },
    "20": {
        "cmph": 1.0,
        "cmps": 0.07356929254293501
    },
    "21": {
        "cmph": 0.012079806122856297,
        "cmps": 0.0775046093316927
    },
    "22": {
        "cmph": 0.017024255972810088,
        "cmps": 0.08010231793404805
    },
    "23": {
        "cmph": 0.015719214572799883,
        "cmps": 0.07198808087982432
    },
    "24": {
        "cmph": 0.012647570346599983,
        "cmps": 0.06784602480708923
    },
    "25": {
        "cmph": 0.007810214951654543,
        "cmps": 0.07319362342144067
    },
    "26": {
        "cmph": 0.020730658346524888,
        "cmps": 0.07314929577985184
    },
    "27": {
        "cmph": 0.0037292557778877277,
        "cmps": 0.07548851120717284
    },
    "28": {
        "cmph": 0.015315939240186897,
        "cmps": 0.07602734476877249
    },
    "29": {
        "cmph": 0.019483788550024573,
        "cmps": 0.06415316943961495
    },
    "30": {
        "cmph": 0.020658854206460152,
        "cmps": 0.06365298037965879
    },
    "31": {
        "cmph": 0.025744421947336484,
        "cmps": 0.06324053895190476
    },
    "32": {
        "cmph": 0.02825162874673005,
        "cmps": 0.058956070593032546
    },
    "33": {
        "cmph": 0.016743086788261582,
        "cmps": 0.051553054936526704
    },
    "34": {
        "cmph": 0.018165324426927757,
        "cmps": 0.05405070639736845
    },
    "35": {
        "cmph": 0.011910923606543878,
        "cmps": 0.05917774699135458
    },
    "final": {
        "OverThreshold": 6,
        "Ratio": 17,
        "Frame": 35
    }
}