{
    "1": {
        "cmph": 0.01905578728281081,
        "cmps": 0.027745490521938865
    },
    "2": {
        "cmph": 0.019125254489148456,
        "cmps": 0.030430481966852385
    },
    "3": {
        "cmph": 0.007346485956985518,
        "cmps": 0.03459631943396785
    },
    "4": {
        "cmph": 0.014214884658386107,
        "cmps": 0.04026536498507977
    },
    "5": {
        "cmph": 0.018510543601641078,
        "cmps": 0.04011295747814258
    },
    "6": {
        "cmph": 0.018986638400392983,
        "cmps": 0.04537790589413298
    },
    "7": {
        "cmph": 0.021934120936079427,
        "cmps": 0.04180058414937195
    },
    "8": {
        "cmph": 0.024360610094001055,
        "cmps": 0.04394988113697882
    },
    "9": {
        "cmph": 0.00294782397733955,
        "cmps": 0.04465726434768101
    },
    "10": {
        "cmph": 0.01284802127969294,
        "cmps": 0.040062233865908695
    },
    "11": {
        "cmph": 0.02097821241976316,
        "cmps": 0.0391601497084032
    },
    "12": {
        "cmph": 0.02216266180048628,
        "cmps": 0.03451801107213114
    },
    "13": {
        "cmph": 0.014807303169275027,
        "cmps": 0.03642122670839273
    },
    "14": {
        "cmph": 0.007603272210381308,
        "cmps": 0.028871230037044754
    },
    "15": {
        "cmph": 0.008588853443623454,
        "cmps": 0.035402053845965974
    },
    "16": {
        "cmph": 0.011048162193509828,
        "cmps": 0.032890337282764956
    },
    "17": {
        "cmph": 0.008495789020753977,
        "cmps": 0.03555351858670761
    },
    "18": {
        "cmph": 0.02337448350391152,
        "cmps": 0.03455951931294245
    },
    "19": {
        "cmph": 0.010737456837114306,
        "cmps": 0.035549833052784745
    },
    "20": {
        "cmph": 0.016940851112564485,
        "cmps": 0.027624903536688287
    },
    "21": {
        "cmph": 0.0184866411760492,
        "cmps": 0.03133887181108963
    },
    "22": {
        "cmph": 0.01359071648869227,
        "cmps": 0.03206465900346402
    },
    "23": {
        "cmph": 0.008904103528584001,
        "cmps": 0.035158376408862414
    },
    "24": {
        "cmph": 0.007834757577313082,
        "cmps": 0.02934369333255122
    },
    "25": {
        "cmph": 0.0011788274679580281,
        "cmps": 0.028191892239490268
    },
    "26": {
        "cmph": 0.0070242498566395264,
        "cmps": 0.028324092594657492
    },
    "27": {
        "cmph": 0.007903505556056123,
        "cmps": 0.031929814755489797
    },
    "28": {
        "cmph": 0.006589349997625779,
        "cmps": 0.030054117780095892
    },
    "29": {
        "cmph": 0.017119705856478984,
        "cmps": 0.025122396015704724
    },
    "30": {
        "cmph": 0.004824268502573031,
        "cmps": 0.025624596965079818
    },
    "31": {
        "cmph": 0.03504088108241325,
        "cmps": 0.030345121492490426
    },
    "32": {
        "cmph": 0.028033519871511616,
        "cmps": 0.032453002131532634
    },
    "33": {
        "cmph": 0.010151220691524493,
        "cmps": 0.043440702868200926
    },
    "34": {
        "cmph": 0.0005908324752305415,
        "cmps": 0.0450976520743988
    },
    "35": {
        "cmph": 8.57380061208055e-06,
        "cmps": 0.04993636642593272
    },
    "36": {
        "cmph": 0.007879959651139062,
        "cmps": 0.053222169475563456
    },
    "37": {
        "cmph": 0.027461522163615727,
        "cmps": 0.04820522614037631
    },
    "38": {
        "cmph": 0.002276943869444132,
        "cmps": 0.15259246765859247
    },
    "39": {
        "cmph": 0.0013848440156093637,
        "cmps": 0.15999898001588592
    },
    "40": {
        "cmph": 0.03377111941816799,
        "cmps": 0.1486603052629028
    },
    "final": {
        "OverThreshold": 0,
        "Ratio": 0,
        "Frame": 40
    }
}