{
    "1": {
        "cmph": 0.040932716747444677,
        "cmps": 0.06456871330067221
    },
    "2": {
        "cmph": 0.0311223697056369,
        "cmps": 0.0661107682189337
    },
    "3": {
        "cmph": 0.017942673618811463,
        "cmps": 0.07213932924097612
    },
    "4": {
        "cmph": 0.021065022413152133,
        "cmps": 0.09333569422902169
    },
    "5": {
        "cmph": 0.01654525414689817,
        "cmps": 0.11873382837913421
    },
    "6": {
        "cmph": 0.011873046693951856,
        "cmps": 0.11668424781058089
    },
    "7": {
        "cmph": 0.007354066129413735,
        "cmps": 0.095759908252288
    },
    "8": {
        "cmph": 0.02165416716995586,
        "cmps": 0.11677366647612825
    },
    "9": {
        "cmph": 0.019565302832850188,
        "cmps": 0.1196337598366123
    },
    "10": {
        "cmph": 0.018084613240951095,
        "cmps": 0.10774737139658276
    },
    "11": {
        "cmph": 0.031254063987294696,
        "cmps": 0.10159695000692341
    },
    "12": {
        "cmph": 0.01866793098011614,
        "cmps": 0.08976842149399845
    },
    "13": {
        "cmph": 0.022684320447216275,
        "cmps": 0.08022444519663602
    },
    "14": {
        "cmph": 0.022095196168063946,
        "cmps": 0.08340176784107564
    },
    "15": {
        "cmph": 0.025224483953739163,
        "cmps": 0.08280525493500387
    },
    "16": {
        "cmph": 0.024698895121073088,
        "cmps": 0.09295094113088165
    },
    "17": {
        "cmph": 0.0028828218208971665,
        "cmps": 0.0922225275160346
    },
    "18": {
        "cmph": 0.021124285953328364,
        "cmps": 0.10718050519083867
    },
    "19": {
        "cmph": 0.003940934352937343,
        "cmps": 0.08349656843102035
    },
    "20": {
        "cmph": 0.02034627415545047,
        "cmps": 0.0855051019194384
    },
    "21": {
        "cmph": 0.0004189458931121941,
        "cmps": 0.08843512576307744
    },
    "22": {
        "cmph": 0.008059953414102641,
        "cmps": 0.08198163625697885
    },
    "23": {
        "cmph": 0.00897850274599104,
        "cmps": 0.0810144840343909
    },
    "24": {
        "cmph": 0.0030930459838039276,
        "cmps": 0.05749844710583939
    },
    "25": {
        "cmph": 0.020136616859659687,
        "cmps": 0.06740703209458639
    },
    "26": {
        "cmph": 0.01984795688729011,
        "cmps": 0.06162543791241833
    },
    "27": {
        "cmph": 0.011790622293076099,
        "cmps": 0.07644695428164439
    },
    "28": {
        "cmph": 0.01079428234388137,
        "cmps": 0.07608918650342798
    },
    "29": {
        "cmph": 0.010266589220633126,
        "cmps": 0.07552924388153413
    },
    "30": {
        "cmph": 0.016044741167312533,
        "cmps": 0.06313105154968958
    },
    "31": {
        "cmph": 0.01715162803499423,
        "cmps": 0.07935344265954841
    },
    "32": {
        "cmph": 0.021703344607747248,
        "cmps": 0.08994168612546109
    },
    "33": {
        "cmph": 0.02361142626734037,
        "cmps": 0.11246689255639518
    },
    "34": {
        "cmph": 0.028328597956700865,
        "cmps": 0.12420521091263635
    },
    "35": {
        "cmph": 0.029116623579705035,
        "cmps": 0.13126762449424575
    },
    "36": {
        "cmph": 0.026269547976401703,
        "cmps": 0.0967263456442233
    },
    "37": {
        "cmph": 0.013355906521981964,
        "cmps": 0.08680491419375783
    },
    "38": {
        "cmph": 0.006668512429822776,
        "cmps": 0.05554592917056027
    },
    "39": {
        "cmph": 0.012067983809936629,
        "cmps": 0.05615399204147041
    },
    "40": {
        "cmph": 0.008962562024590559,
        "cmps": 0.11569719501914065
    },
    "41": {
        "cmph": 0.00037817411752896535,
        "cmps": 0.11469644838860572
    },
    "42": {
        "cmph": 0.006678405350809099,
        "cmps": 0.09362165177978629
    },
    "43": {
        "cmph": 0.005900578052112597,
        "cmps": 0.069615610846154
    },
    "44": {
        "cmph": 0.002370978165204808,
        "cmps": 0.05480694864337147
    },
    "45": {
        "cmph": 0.0064786917748499645,
        "cmps": 0.060961261752054914
    },
    "final": {
        "OverThreshold": 0,
        "Ratio": 0,
        "Frame": 45
    }
}