{
    "1": {
        "cmph": 0.5876323010219859,
        "cmps": 0.11792649570440766
    },
    "2": {
        "cmph": 0.5875947622510627,
        "cmps": 0.15332753437146943
    },
    "3": {
        "cmph": 0.5439029822095532,
        "cmps": 0.14888313498174408
    },
    "4": {
        "cmph": 0.6727433870218632,
        "cmps": 0.14351198805519672
    },
    "5": {
        "cmph": 0.6666122789487445,
        "cmps": 0.2817560434287353
    },
    "6": {
        "cmph": 0.6271941016701991,
        "cmps": 0.48889130122929264
    },
    "7": {
        "cmph": 0.4554182645532755,
        "cmps": 0.648265515140513
    },
    "8": {
        "cmph": 0.2988488239275952,
        "cmps": 0.8060405278322663
    },
    "9": {
        "cmph": 0.2762097694797097,
        "cmps": 0.7919572714080187
    },
    "10": {
        "cmph": 0.3687296225853319,
        "cmps": 0.6582597508921627
    },
    "11": {
        "cmph": 0.574541907477761,
        "cmps": 0.725228696302717
    },
    "12": {
        "cmph": 0.5275194437606929,
        "cmps": 0.6688818716683549
    },
    "13": {
        "cmph": 0.4093987055659994,
        "cmps": 0.5302181454327406
    },
    "14": {
        "cmph": 0.5823395346426469,
        "cmps": 0.48784292327033046
    },
    "15": {
        "cmph": 0.3812507868987416,
        "cmps": 0.6170753767953236
    },
    "16": {
        "cmph": 0.37812729052391847,
        "cmps": 0.625028721734014
    },
    "17": {
        "cmph": 0.4956425907255794,
        "cmps": 0.5454945444018464
    },
    "18": {
        "cmph": 0.5738070797830728,
        "cmps": 0.3658318676367246
    },
    "19": {
        "cmph": 0.6069061966895474,
        "cmps": 0.2765737346898187
    },
    "20": {
        "cmph": 0.5636792328288615,
        "cmps": 0.23239765925946235
    },
    "21": {
        "cmph": 0.4642459865493669,
        "cmps": 0.32121853402752343
    },
    "22": {
        "cmph": 0.4062589990622435,
        "cmps": 0.3604743224947127
    },
    "23": {
        "cmph": 0.2660556886100665,
        "cmps": 0.43651326721335665
    },
    "24": {
        "cmph": 0.18134832484484864,
        "cmps": 0.5029356200665968
    },
    "25": {
        "cmph": 0.03848867653621869,
        "cmps": 0.4232656392052396
    },
    "26": {
        "cmph": 0.06595669152782921,
        "cmps": 0.6532808771659867
    },
    "27": {
        "cmph": 0.0159490061328296,
        "cmps": 0.506647657100824
    },
    "28": {
        "cmph": 0.029970264591603544,
        "cmps": 0.4370157132620969
    },
    "29": {
        "cmph": 0.02563602676439895,
        "cmps": 0.5326123954457853
    },
    "30": {
        "cmph": 0.022573951244770372,
        "cmps": 0.41028374364467673
    },
    "31": {
        "cmph": 0.024373006609866004,
        "cmps": 0.3336980944199224
    },
    "32": {
        "cmph": 0.08127360010450349,
        "cmps": 0.39598247954225235
    },
    "33": {
        "cmph": 0.09727331690756105,
        "cmps": 0.4808270143924276
    },
    "final": {
        "OverThreshold": 24,
        "Ratio": 72,
        "Frame": 33
    }
}