{
    "1": {
        "cmph": 0.013250826544681363,
        "cmps": 0.03493536559091162
    },
    "2": {
        "cmph": 0.01454034289502255,
        "cmps": 0.039525653909000084
    },
    "3": {
        "cmph": 0.015473536538071955,
        "cmps": 0.03886302234333062
    },
    "4": {
        "cmph": 0.014766557079570754,
        "cmps": 0.032845750811252024
    },
    "5": {
        "cmph": 0.016401744945769056,
        "cmps": 0.037758792156053815
    },
    "6": {
        "cmph": 0.015906806843285385,
        "cmps": 0.038437647253238456
    },
    "7": {
        "cmph": 0.01623675766795768,
        "cmps": 0.03582117007705375
    },
    "8": {
        "cmph": 0.015471353152116193,
        "cmps": 0.0360161798351103
    },
    "9": {
        "cmph": 0.015493264152113162,
        "cmps": 0.03767203940318207
    },
    "10": {
        "cmph": 0.015889125626747803,
        "cmps": 0.03496273710363586
    },
    "11": {
        "cmph": 0.015889994329395255,
        "cmps": 0.03245971234620513
    },
    "12": {
        "cmph": 0.016082021281483404,
        "cmps": 0.03191406140250502
    },
    "13": {
        "cmph": 0.016449572625729908,
        "cmps": 0.03251885399162034
    },
    "14": {
        "cmph": 0.015516080217865788,
        "cmps": 0.029639558263088048
    },
    "15": {
        "cmph": 0.01598468116443536,
        "cmps": 0.0351741405423155
    },
    "16": {
        "cmph": 0.01606492763585363,
        "cmps": 0.03700581278955336
    },
    "17": {
        "cmph": 0.017358099200848073,
        "cmps": 0.037200002315064123
    },
    "18": {
        "cmph": 0.015164464618704012,
        "cmps": 0.028956409317775267
    },
    "19": {
        "cmph": 0.015095712880900548,
        "cmps": 0.027370842252921104
    },
    "20": {
        "cmph": 0.01569501736770774,
        "cmps": 0.029073621641502838
    },
    "21": {
        "cmph": 0.014747904485785043,
        "cmps": 0.026255504446152603
    },
    "22": {
        "cmph": 0.016370928010454495,
        "cmps": 0.03073510834311622
    },
    "23": {
        "cmph": 0.015295421873415888,
        "cmps": 0.03295387696684512
    },
    "24": {
        "cmph": 0.013132040750433236,
        "cmps": 0.027635202902117774
    },
    "25": {
        "cmph": 0.011854096389215566,
        "cmps": 0.024827341829082843
    },
    "26": {
        "cmph": 0.01303291051686323,
        "cmps": 0.02602555851404252
    },
    "27": {
        "cmph": 0.012437867433372038,
        "cmps": 0.028450967556843218
    },
    "28": {
        "cmph": 0.01299097764873712,
        "cmps": 0.02389746135641878
    },
    "29": {
        "cmph": 0.013241613560207496,
        "cmps": 0.026242853684006615
    },
    "30": {
        "cmph": 0.012562624856057735,
        "cmps": 0.023735385245262253
    },
    "31": {
        "cmph": 0.012625338173139475,
        "cmps": 0.026291499240737818
    },
    "32": {
        "cmph": 0.011593502474933673,
        "cmps": 0.0242341880306825
    },
    "33": {
        "cmph": 0.012843925438282004,
        "cmps": 0.026691030679246948
    },
    "34": {
        "cmph": 0.013598866820963076,
        "cmps": 0.02661632055886846
    },
    "35": {
        "cmph": 0.015514120531224973,
        "cmps": 0.02671773449410379
    },
    "36": {
        "cmph": 0.015196011122952218,
        "cmps": 0.02738100190408101
    },
    "37": {
        "cmph": 0.01674617469405875,
        "cmps": 0.032372223434846414
    },
    "38": {
        "cmph": 0.00039133934631438205,
        "cmps": 0.12542080844294545
    },
    "39": {
        "cmph": 0.0022058934732901775,
        "cmps": 0.136733566090837
    },
    "40": {
        "cmph": 0.03216091984508471,
        "cmps": 0.12105565403667326
    },
    "final": {
        "OverThreshold": 0,
        "Ratio": 0,
        "Frame": 40
    }
}