{
    "1": {
        "cmph": 0.033375105717034566,
        "cmps": 0.08668379067378398
    },
    "2": {
        "cmph": 0.036575506122760726,
        "cmps": 0.08359830660865407
    },
    "3": {
        "cmph": 0.025690090903724826,
        "cmps": 0.08345656494605377
    },
    "4": {
        "cmph": 0.03406227907710554,
        "cmps": 0.08776905297979457
    },
    "5": {
        "cmph": 0.03483973715720497,
        "cmps": 0.09703662733918181
    },
    "6": {
        "cmph": 0.04792260496161796,
        "cmps": 0.100971484362921
    },
    "7": {
        "cmph": 0.05032283313009628,
        "cmps": 0.09468114330317898
    },
    "8": {
        "cmph": 0.05146847013110678,
        "cmps": 0.10640153372507703
    },
    "9": {
        "cmph": 0.04138496775468297,
        "cmps": 0.10951772117916428
    },
    "10": {
        "cmph": 0.03744701581059573,
        "cmps": 0.10842276539748716
    },
    "11": {
        "cmph": 0.03680093130251352,
        "cmps": 0.10452923606740305
    },
    "12": {
        "cmph": 0.037336887462532255,
        "cmps": 0.09479366842620278
    },
    "13": {
        "cmph": 0.033947022158155656,
        "cmps": 0.09803411283744101
    },
    "14": {
        "cmph": 0.03763827935044065,
        "cmps": 0.09790917746064066
    },
    "15": {
        "cmph": 0.0370223461815642,
        "cmps": 0.09733994218681045
    },
    "16": {
        "cmph": 0.038346229928133746,
        "cmps": 0.09778463156443798
    },
    "17": {
        "cmph": 0.03806775979917021,
        "cmps": 0.09256259372956568
    },
    "18": {
        "cmph": 0.03564438489708063,
        "cmps": 0.11214458585420867
    },
    "19": {
        "cmph": 0.03668100674079159,
        "cmps": 0.1077744969658633
    },
    "20": {
        "cmph": 0.032105992746223395,
        "cmps": 0.09070287023654781
    },
    "21": {
        "cmph": 0.03311783770643264,
        "cmps": 0.09848473772321248
    },
    "22": {
        "cmph": 0.03090983501317463,
        "cmps": 0.09689620615431166
    },
    "23": {
        "cmph": 0.029608813846515047,
        "cmps": 0.09760197932457017
    },
    "24": {
        "cmph": 0.026580846047393598,
        "cmps": 0.09245062172730979
    },
    "25": {
        "cmph": 0.02695488783224477,
        "cmps": 0.0823133964798702
    },
    "26": {
        "cmph": 0.02694818109813617,
        "cmps": 0.08402909867035806
    },
    "27": {
        "cmph": 0.027964825096045854,
        "cmps": 0.0953663376856472
    },
    "28": {
        "cmph": 0.03450026987856522,
        "cmps": 0.09360245642279516
    },
    "29": {
        "cmph": 0.036048042385434645,
        "cmps": 0.09713671484172964
    },
    "30": {
        "cmph": 0.03127704952557642,
        "cmps": 0.09274829457058435
    },
    "31": {
        "cmph": 0.03620294985887883,
        "cmps": 0.09546458619397899
    },
    "32": {
        "cmph": 0.03289323389465181,
        "cmps": 0.09679289590441083
    },
    "final": {
        "OverThreshold": 0,
        "Ratio": 0,
        "Frame": 32
    }
}