{
    "1": {
        "cmph": 0.011547297129514444,
        "cmps": 0.06206050752997851
    },
    "2": {
        "cmph": 0.012443852318587712,
        "cmps": 0.06685763667488473
    },
    "3": {
        "cmph": 0.013818897860445831,
        "cmps": 0.0668897345289854
    },
    "4": {
        "cmph": 0.013016825930241414,
        "cmps": 0.06041528722872903
    },
    "5": {
        "cmph": 0.01544702103731885,
        "cmps": 0.07306601494857075
    },
    "6": {
        "cmph": 0.014871554140782766,
        "cmps": 0.07824666876879847
    },
    "7": {
        "cmph": 0.015748717977581896,
        "cmps": 0.08015560235764989
    },
    "8": {
        "cmph": 0.01590291037062292,
        "cmps": 0.0883401731669981
    },
    "9": {
        "cmph": 0.0193331633524459,
        "cmps": 0.09756290002036296
    },
    "10": {
        "cmph": 0.01947009070782141,
        "cmps": 0.08979859200123422
    },
    "11": {
        "cmph": 0.01935935539191131,
        "cmps": 0.087432460096018
    },
    "12": {
        "cmph": 0.019832900125009406,
        "cmps": 0.0867854833301636
    },
    "13": {
        "cmph": 0.019154123664806077,
        "cmps": 0.08420572343308155
    },
    "14": {
        "cmph": 0.02049317846809313,
        "cmps": 0.08671304905435318
    },
    "15": {
        "cmph": 0.018304873733311317,
        "cmps": 0.09261429781611295
    },
    "16": {
        "cmph": 0.019548669604448555,
        "cmps": 0.09408468467911077
    },
    "17": {
        "cmph": 0.018919009369772012,
        "cmps": 0.08797651965014301
    },
    "18": {
        "cmph": 0.017222984196118844,
        "cmps": 0.07531719862677808
    },
    "19": {
        "cmph": 0.01563460366859882,
        "cmps": 0.06524192920716401
    },
    "20": {
        "cmph": 0.016673573419420336,
        "cmps": 0.06768775569970482
    },
    "21": {
        "cmph": 0.01648984538176464,
        "cmps": 0.06330479801073906
    },
    "22": {
        "cmph": 0.01717302838084137,
        "cmps": 0.06800876672804326
    },
    "23": {
        "cmph": 0.016808619572695006,
        "cmps": 0.07591703762029585
    },
    "24": {
        "cmph": 0.017909737381915952,
        "cmps": 0.07812727197655372
    },
    "25": {
        "cmph": 0.01638110202594873,
        "cmps": 0.07402736441930989
    },
    "26": {
        "cmph": 0.01807595516153093,
        "cmps": 0.08124442846464311
    },
    "27": {
        "cmph": 0.01626475061419637,
        "cmps": 0.07609582277953313
    },
    "28": {
        "cmph": 0.017475676515033282,
        "cmps": 0.07456693128364036
    },
    "29": {
        "cmph": 0.01888913064122222,
        "cmps": 0.09375859260704524
    },
    "30": {
        "cmph": 0.017544815058918396,
        "cmps": 0.08595880182526171
    },
    "31": {
        "cmph": 0.017476572006264915,
        "cmps": 0.07566695866350118
    },
    "32": {
        "cmph": 0.017378136344296455,
        "cmps": 0.0731587772179195
    },
    "33": {
        "cmph": 0.01922189422360054,
        "cmps": 0.07842678032612967
    },
    "34": {
        "cmph": 0.019797502831985923,
        "cmps": 0.0769807572941571
    },
    "35": {
        "cmph": 0.021309711465161443,
        "cmps": 0.07574162021251604
    },
    "36": {
        "cmph": 0.02167028156338615,
        "cmps": 0.07465239216463551
    },
    "37": {
        "cmph": 0.01992200216190195,
        "cmps": 0.07429731589025142
    },
    "38": {
        "cmph": 0.0155985103105455,
        "cmps": 0.07177970777843233
    },
    "39": {
        "cmph": 0.01867953695714798,
        "cmps": 0.07901732297063813
    },
    "40": {
        "cmph": 0.0022676198217465773,
        "cmps": 0.08146264796449865
    },
    "41": {
        "cmph": 0.003643221981686401,
        "cmps": 0.08454439103067446
    },
    "42": {
        "cmph": 0.015677673618087393,
        "cmps": 0.08783341740476105
    },
    "43": {
        "cmph": 0.05040837419392225,
        "cmps": 0.0857794551798667
    },
    "44": {
        "cmph": 0.006254945130083111,
        "cmps": 0.09265130546669714
    },
    "45": {
        "cmph": 0.011369541539144726,
        "cmps": 0.0981906607060859
    },
    "46": {
        "cmph": 0.02184393060899229,
        "cmps": 0.09333276264985878
    },
    "47": {
        "cmph": 0.02144787548464901,
        "cmps": 0.09039100091209677
    },
    "48": {
        "cmph": 0.011290621536893338,
        "cmps": 0.08201412596947587
    },
    "49": {
        "cmph": 0.009867681914146697,
        "cmps": 0.07616400656323952
    },
    "final": {
        "OverThreshold": 0,
        "Ratio": 0,
        "Frame": 49
    }
}