{
    "1": {
        "cmph": 0.39856005456440957,
        "cmps": 0.307937215086968
    },
    "2": {
        "cmph": 0.3561718058330832,
        "cmps": 0.29066783054231643
    },
    "3": {
        "cmph": 0.20362621438250447,
        "cmps": 0.2989929475944417
    },
    "4": {
        "cmph": 0.0995807721993826,
        "cmps": 0.5437165796125485
    },
    "5": {
        "cmph": 0.0355406087450536,
        "cmps": 0.6480300030879178
    },
    "6": {
        "cmph": 0.060485303064349454,
        "cmps": 0.638720902123113
    },
    "7": {
        "cmph": 0.07811918393475396,
        "cmps": 0.49146171686237516
    },
    "8": {
        "cmph": 0.03531484653755667,
        "cmps": 0.6079385943180552
    },
    "9": {
        "cmph": 0.005411502166918845,
        "cmps": 0.6729767618159214
    },
    "10": {
        "cmph": 0.00736901623361503,
        "cmps": 0.6889363709538926
    },
    "11": {
        "cmph": 0.005621640587226155,
        "cmps": 0.625918241168156
    },
    "12": {
        "cmph": 0.0014670555817741203,
        "cmps": 0.6400292878177544
    },
    "13": {
        "cmph": 0.0032728655448152903,
        "cmps": 0.7369334914615732
    },
    "14": {
        "cmph": 0.02545317638181069,
        "cmps": 0.6747852479604766
    },
    "15": {
        "cmph": 0.015486264408782768,
        "cmps": 0.4687003801983446
    },
    "16": {
        "cmph": 0.021947683684468398,
        "cmps": 0.2885696848663871
    },
    "17": {
        "cmph": 0.014153363967156331,
        "cmps": 0.2360065736041268
    },
    "18": {
        "cmph": 0.04087957812914982,
        "cmps": 0.23780492672217718
    },
    "19": {
        "cmph": 0.07789796075963262,
        "cmps": 0.1741517798375086
    },
    "20": {
        "cmph": 0.03989829357921739,
        "cmps": 0.11918695484710508
    },
    "21": {
        "cmph": 0.043117570351626125,
        "cmps": 0.13121297944492147
    },
    "22": {
        "cmph": 0.04379191111167366,
        "cmps": 0.12498981412850027
    },
    "final": {
        "OverThreshold": 13,
        "Ratio": 59,
        "Frame": 22
    }
}