{
    "1": {
        "cmph": 0.007229859089205101,
        "cmps": 0.071745055889756
    },
    "2": {
        "cmph": 0.003663405738479806,
        "cmps": 0.07563255257241777
    },
    "3": {
        "cmph": 0.020028124937279557,
        "cmps": 0.07446085798893981
    },
    "4": {
        "cmph": 0.01954685078769917,
        "cmps": 0.0817863920850748
    },
    "5": {
        "cmph": 0.022656477708842857,
        "cmps": 0.08927657740422956
    },
    "6": {
        "cmph": 0.015483871160268649,
        "cmps": 0.09669790949839621
    },
    "7": {
        "cmph": 0.023284563487509388,
        "cmps": 0.08905414987654973
    },
    "8": {
        "cmph": 0.021456000735259908,
        "cmps": 0.09166745304680876
    },
    "9": {
        "cmph": 0.017710024663160132,
        "cmps": 0.09337814761945398
    },
    "10": {
        "cmph": 0.012881325819573288,
        "cmps": 0.08634447729091256
    },
    "11": {
        "cmph": 0.024351642673024677,
        "cmps": 0.08142670553343544
    },
    "12": {
        "cmph": 0.018754596680410716,
        "cmps": 0.07635327065676331
    },
    "13": {
        "cmph": 0.024690116887080175,
        "cmps": 0.07760891273200482
    },
    "14": {
        "cmph": 0.023443021188790852,
        "cmps": 0.07409045969480779
    },
    "15": {
        "cmph": 0.02115417937119068,
        "cmps": 0.07476276629730798
    },
    "16": {
        "cmph": 0.012848859684786537,
        "cmps": 0.07721391396726776
    },
    "17": {
        "cmph": 0.01739617966923504,
        "cmps": 0.0760125210709783
    },
    "18": {
        "cmph": 0.0013793141176409085,
        "cmps": 0.09108079764879118
    },
    "19": {
        "cmph": 0.017723716521935565,
        "cmps": 0.08208606552891953
    },
    "20": {
        "cmph": 0.022882221432095316,
        "cmps": 0.06629264014358797
    },
    "21": {
        "cmph": 0.018119200240828404,
        "cmps": 0.07318615277502499
    },
    "22": {
        "cmph": 0.013339161691365151,
        "cmps": 0.07260429952253876
    },
    "23": {
        "cmph": 0.013804467879197535,
        "cmps": 0.0757248190638538
    },
    "24": {
        "cmph": 0.01626515196790983,
        "cmps": 0.07149669805482678
    },
    "25": {
        "cmph": 0.01481855179333426,
        "cmps": 0.07327399541526607
    },
    "26": {
        "cmph": 0.015866136294544947,
        "cmps": 0.0751690304884833
    },
    "27": {
        "cmph": 0.01332546619710324,
        "cmps": 0.07986111993655501
    },
    "28": {
        "cmph": 0.016863433629750273,
        "cmps": 0.08410142976949857
    },
    "29": {
        "cmph": 0.005184733628223384,
        "cmps": 0.08114381832546057
    },
    "30": {
        "cmph": 0.0009679948905768122,
        "cmps": 0.07488251521591929
    },
    "31": {
        "cmph": 0.010256712145881646,
        "cmps": 0.07383741233671434
    },
    "32": {
        "cmph": 0.005199826268000968,
        "cmps": 0.07897325242858588
    },
    "33": {
        "cmph": 0.014294831778958284,
        "cmps": 0.10092313928434812
    },
    "34": {
        "cmph": 0.017041439859648257,
        "cmps": 0.10373060483802406
    },
    "35": {
        "cmph": 0.011354356858205617,
        "cmps": 0.11669369679919858
    },
    "36": {
        "cmph": 0.015557367191219133,
        "cmps": 0.11201491456424159
    },
    "37": {
        "cmph": 0.005532868664400682,
        "cmps": 0.10751798462974202
    },
    "38": {
        "cmph": 0.007111229230646268,
        "cmps": 0.10997722135645961
    },
    "39": {
        "cmph": 0.02563911861016871,
        "cmps": 0.1048169426501957
    },
    "40": {
        "cmph": 0.02813320007219285,
        "cmps": 0.09779506950282707
    },
    "41": {
        "cmph": 0.015886717970545885,
        "cmps": 0.08933257573504018
    },
    "42": {
        "cmph": 0.02417734561701833,
        "cmps": 0.06994850910754213
    },
    "43": {
        "cmph": 0.01281237554885869,
        "cmps": 0.0618669147339802
    },
    "44": {
        "cmph": 0.007031490517337137,
        "cmps": 0.06164050318538991
    },
    "45": {
        "cmph": 0.022006797495251574,
        "cmps": 0.06462210463357497
    },
    "final": {
        "OverThreshold": 0,
        "Ratio": 0,
        "Frame": 45
    }
}