{
    "1": {
        "cmph": 0.0031487832405183163,
        "cmps": 0.05616240984595682
    },
    "2": {
        "cmph": 0.04558484438818141,
        "cmps": 0.12008574919151095
    },
    "3": {
        "cmph": 0.04615350471097085,
        "cmps": 0.11979009517726126
    },
    "4": {
        "cmph": 0.039616203960542884,
        "cmps": 0.09629030891590426
    },
    "5": {
        "cmph": 0.034270743421101105,
        "cmps": 0.09242556417989353
    },
    "6": {
        "cmph": 0.035319496834645504,
        "cmps": 0.010653637846146998
    },
    "7": {
        "cmph": 0.031511135505700144,
        "cmps": 0.02736226003951394
    },
    "final": {
        "OverThreshold": 0,
        "Ratio": 0,
        "Frame": 7
    }
}