{
    "1": {
        "cmph": 0.02607109597780152,
        "cmps": 0.11666234237204802
    },
    "2": {
        "cmph": 0.029756780236511536,
        "cmps": 0.13657397453997644
    },
    "3": {
        "cmph": 0.031758348203988915,
        "cmps": 0.12236695505001806
    },
    "4": {
        "cmph": 0.02966094491567737,
        "cmps": 0.11293082299010686
    },
    "5": {
        "cmph": 0.032959268945170386,
        "cmps": 0.12828529011510054
    },
    "6": {
        "cmph": 0.03103137547280845,
        "cmps": 0.13391427957873503
    },
    "7": {
        "cmph": 0.02695470558290044,
        "cmps": 0.1323122480218842
    },
    "8": {
        "cmph": 0.029181655731709125,
        "cmps": 0.11397163036592844
    },
    "9": {
        "cmph": 0.0292438285908256,
        "cmps": 0.11591109349715488
    },
    "10": {
        "cmph": 0.03044025123546064,
        "cmps": 0.10386664640057347
    },
    "11": {
        "cmph": 0.03055713894088069,
        "cmps": 0.1034671036689606
    },
    "12": {
        "cmph": 0.03253355756547962,
        "cmps": 0.10459846233891952
    },
    "13": {
        "cmph": 0.032000992913294606,
        "cmps": 0.09380567755277155
    },
    "14": {
        "cmph": 0.0326192182018831,
        "cmps": 0.08792207847505261
    },
    "15": {
        "cmph": 0.030498999540408366,
        "cmps": 0.09523387266001808
    },
    "16": {
        "cmph": 0.031446068240884244,
        "cmps": 0.09107458324768285
    },
    "17": {
        "cmph": 0.03153130018623365,
        "cmps": 0.08567467880091235
    },
    "18": {
        "cmph": 0.027950538763266922,
        "cmps": 0.07662504785384695
    },
    "19": {
        "cmph": 0.026031924168601495,
        "cmps": 0.06724328359378713
    },
    "20": {
        "cmph": 0.027764564647727506,
        "cmps": 0.07226289654274143
    },
    "21": {
        "cmph": 0.02751803731590797,
        "cmps": 0.07186145853249615
    },
    "22": {
        "cmph": 0.029676210221238168,
        "cmps": 0.08290144743623441
    },
    "23": {
        "cmph": 0.02900087831132807,
        "cmps": 0.10087577984446153
    },
    "24": {
        "cmph": 0.030374536502463842,
        "cmps": 0.10214074354969156
    },
    "25": {
        "cmph": 0.02527099324667389,
        "cmps": 0.09320344243572298
    },
    "26": {
        "cmph": 0.027609917844268715,
        "cmps": 0.10726617920026371
    },
    "27": {
        "cmph": 0.02525248125894073,
        "cmps": 0.1061031029153237
    },
    "28": {
        "cmph": 0.025174131052980782,
        "cmps": 0.09322521258067491
    },
    "29": {
        "cmph": 0.02453265439620487,
        "cmps": 0.1173660907471487
    },
    "30": {
        "cmph": 0.024375614635219114,
        "cmps": 0.0966035141846448
    },
    "31": {
        "cmph": 0.028008013558221502,
        "cmps": 0.09061104258645693
    },
    "32": {
        "cmph": 0.028339225734598388,
        "cmps": 0.08862487180050455
    },
    "33": {
        "cmph": 0.03077672311508272,
        "cmps": 0.09218967001694583
    },
    "34": {
        "cmph": 0.03042945426892957,
        "cmps": 0.08790665604629859
    },
    "final": {
        "OverThreshold": 0,
        "Ratio": 0,
        "Frame": 34
    }
}