{
    "1": {
        "cmph": 0.026635752279068715,
        "cmps": 0.07067339049638148
    },
    "2": {
        "cmph": 0.030006510823084035,
        "cmps": 0.07430564241437995
    },
    "3": {
        "cmph": 0.024230442280790958,
        "cmps": 0.0788311629690537
    },
    "4": {
        "cmph": 0.02652502415165519,
        "cmps": 0.08939526016835264
    },
    "5": {
        "cmph": 0.028325194482325605,
        "cmps": 0.10283276237472834
    },
    "6": {
        "cmph": 0.030915569535977412,
        "cmps": 0.11112844967365487
    },
    "7": {
        "cmph": 0.03346671215547215,
        "cmps": 0.10206585312370252
    },
    "8": {
        "cmph": 0.034152669599647724,
        "cmps": 0.11288775627310615
    },
    "9": {
        "cmph": 0.02969296396600376,
        "cmps": 0.08895957334885189
    },
    "10": {
        "cmph": 0.027008416697034722,
        "cmps": 0.09303145154427303
    },
    "11": {
        "cmph": 0.030344618919963085,
        "cmps": 0.08046389094919545
    },
    "12": {
        "cmph": 0.03191528768688427,
        "cmps": 0.07282185160315512
    },
    "13": {
        "cmph": 0.02956163946090944,
        "cmps": 0.07520603100181056
    },
    "14": {
        "cmph": 0.0324451770813566,
        "cmps": 0.07704589942026172
    },
    "15": {
        "cmph": 0.0338651078666159,
        "cmps": 0.07840164948604537
    },
    "16": {
        "cmph": 0.03404126814722904,
        "cmps": 0.06932566159369051
    },
    "17": {
        "cmph": 0.03568682656739489,
        "cmps": 0.07470920168676706
    },
    "18": {
        "cmph": 0.032938387362408644,
        "cmps": 0.09435044115051786
    },
    "19": {
        "cmph": 0.0340695329092157,
        "cmps": 0.0759335526978973
    },
    "20": {
        "cmph": 0.029864923043603848,
        "cmps": 0.07389881791592198
    },
    "21": {
        "cmph": 0.027552316958533354,
        "cmps": 0.07681299328840384
    },
    "final": {
        "OverThreshold": 0,
        "Ratio": 0,
        "Frame": 21
    }
}