{
    "1": {
        "cmph": 0.018104216621698293,
        "cmps": 0.07084917209177044
    },
    "2": {
        "cmph": 0.024603290221571456,
        "cmps": 0.08245450795350014
    },
    "3": {
        "cmph": 0.026918236105237747,
        "cmps": 0.08227932059483946
    },
    "4": {
        "cmph": 0.02468506849040171,
        "cmps": 0.07163070368134251
    },
    "5": {
        "cmph": 0.02354340552151478,
        "cmps": 0.0820412383735057
    },
    "6": {
        "cmph": 0.023127790757522342,
        "cmps": 0.08605096007293979
    },
    "7": {
        "cmph": 0.023096526724445378,
        "cmps": 0.08066748804654701
    },
    "8": {
        "cmph": 0.02123685557945537,
        "cmps": 0.08493368820298212
    },
    "9": {
        "cmph": 0.02167054034675421,
        "cmps": 0.09235544030209
    },
    "10": {
        "cmph": 0.021465676040303854,
        "cmps": 0.08619562547489583
    },
    "11": {
        "cmph": 0.022234426994745256,
        "cmps": 0.08310944863466972
    },
    "12": {
        "cmph": 0.022816715849185116,
        "cmps": 0.07803743734842115
    },
    "13": {
        "cmph": 0.022568079933406288,
        "cmps": 0.07694389156649614
    },
    "14": {
        "cmph": 0.023192541726248316,
        "cmps": 0.07411566591852575
    },
    "15": {
        "cmph": 0.021699845879386687,
        "cmps": 0.07715377920979305
    },
    "16": {
        "cmph": 0.02218637000124448,
        "cmps": 0.08406041854448859
    },
    "17": {
        "cmph": 0.019849306483718385,
        "cmps": 0.08435915973465782
    },
    "18": {
        "cmph": 0.017706209050970062,
        "cmps": 0.07188844214937794
    },
    "19": {
        "cmph": 0.015670879185712357,
        "cmps": 0.06007440868065432
    },
    "20": {
        "cmph": 0.01610459723125687,
        "cmps": 0.06490083289241431
    },
    "21": {
        "cmph": 0.01584406924872682,
        "cmps": 0.0597978404658177
    },
    "22": {
        "cmph": 0.016737867942773224,
        "cmps": 0.06695593945145806
    },
    "23": {
        "cmph": 0.015254896047983376,
        "cmps": 0.0722301868584265
    },
    "24": {
        "cmph": 0.01705051841258692,
        "cmps": 0.07149862534582724
    },
    "25": {
        "cmph": 0.016014787129857377,
        "cmps": 0.0675584617045859
    },
    "26": {
        "cmph": 0.01677997718915028,
        "cmps": 0.07424308012091146
    },
    "27": {
        "cmph": 0.015124925057313787,
        "cmps": 0.07091820879453621
    },
    "28": {
        "cmph": 0.017782238033519124,
        "cmps": 0.0738878952133165
    },
    "29": {
        "cmph": 0.018929548876490152,
        "cmps": 0.08192396805161235
    },
    "30": {
        "cmph": 0.016739911284165215,
        "cmps": 0.07189197331940088
    },
    "31": {
        "cmph": 0.018477765002608563,
        "cmps": 0.06658772594153306
    },
    "32": {
        "cmph": 0.018272038112737927,
        "cmps": 0.0658600554141839
    },
    "33": {
        "cmph": 0.018928996854838086,
        "cmps": 0.06762975947149066
    },
    "34": {
        "cmph": 0.019739696927874875,
        "cmps": 0.06426660820282429
    },
    "35": {
        "cmph": 0.02165156347465348,
        "cmps": 0.06604192011763246
    },
    "36": {
        "cmph": 0.021092940088095136,
        "cmps": 0.062386584619553626
    },
    "37": {
        "cmph": 0.022007772919130707,
        "cmps": 0.060865976907859415
    },
    "38": {
        "cmph": 0.019721001217503906,
        "cmps": 0.058518701194699145
    },
    "39": {
        "cmph": 0.022078092218937848,
        "cmps": 0.06386810292706459
    },
    "40": {
        "cmph": 0.015973090375886772,
        "cmps": 0.06453898593810736
    },
    "41": {
        "cmph": 0.014038207127595365,
        "cmps": 0.06733410091102901
    },
    "42": {
        "cmph": 0.024345036490946305,
        "cmps": 0.06773444471380675
    },
    "43": {
        "cmph": 0.011564178881954473,
        "cmps": 0.06622444528903092
    },
    "44": {
        "cmph": 0.0177874967822815,
        "cmps": 0.07255772375435263
    },
    "45": {
        "cmph": 0.021646147857268972,
        "cmps": 0.07642750547882056
    },
    "46": {
        "cmph": 0.0235003329533096,
        "cmps": 0.06781567827698123
    },
    "47": {
        "cmph": 0.023212643632487043,
        "cmps": 0.0647222272738665
    },
    "48": {
        "cmph": 0.01387956225680224,
        "cmps": 0.0629240891304153
    },
    "49": {
        "cmph": 0.010340598292842779,
        "cmps": 0.06497796021521489
    },
    "final": {
        "OverThreshold": 0,
        "Ratio": 0,
        "Frame": 49
    }
}