{
    "1": {
        "cmph": 0.025205523629322095,
        "cmps": 0.005539715298066
    },
    "2": {
        "cmph": 0.025052822895193345,
        "cmps": 0.017331430097167533
    },
    "3": {
        "cmph": 0.028065078095155387,
        "cmps": 0.025630247425613865
    },
    "4": {
        "cmph": 0.02597078427480851,
        "cmps": 0.02485852086934657
    },
    "5": {
        "cmph": 0.028564761134447288,
        "cmps": 0.06925039270571216
    },
    "6": {
        "cmph": 0.023163348770218764,
        "cmps": 0.0782927851473062
    },
    "7": {
        "cmph": 0.019476247410062285,
        "cmps": 0.08364826384605527
    },
    "8": {
        "cmph": 0.020488555828921097,
        "cmps": 0.10469683752498447
    },
    "9": {
        "cmph": 0.018713822127809244,
        "cmps": 0.1155714128865588
    },
    "10": {
        "cmph": 0.02161447714844331,
        "cmps": 0.09786782652678692
    },
    "11": {
        "cmph": 0.01905586890476675,
        "cmps": 0.09422807134210255
    },
    "12": {
        "cmph": 0.019845393987545246,
        "cmps": 0.10136755694944077
    },
    "13": {
        "cmph": 0.01846928716163001,
        "cmps": 0.09357229433316
    },
    "14": {
        "cmph": 0.020935478736761503,
        "cmps": 0.08815051637614671
    },
    "15": {
        "cmph": 0.01865800207742938,
        "cmps": 0.0774941969607549
    },
    "16": {
        "cmph": 0.019182848464111255,
        "cmps": 0.08244802390526049
    },
    "17": {
        "cmph": 0.02424710668015364,
        "cmps": 0.07134987286192811
    },
    "18": {
        "cmph": 0.023548549348220843,
        "cmps": 0.05445652331130261
    },
    "19": {
        "cmph": 0.025047206581074993,
        "cmps": 0.056287729055434985
    },
    "20": {
        "cmph": 0.02441280946524908,
        "cmps": 0.05893661640823674
    },
    "21": {
        "cmph": 0.023633928280519453,
        "cmps": 0.059174287661399656
    },
    "22": {
        "cmph": 0.024825965955480034,
        "cmps": 0.06562822480700113
    },
    "23": {
        "cmph": 0.022860636154671102,
        "cmps": 0.07022311349446282
    },
    "24": {
        "cmph": 0.023344985589957522,
        "cmps": 0.05927334418170872
    },
    "25": {
        "cmph": 0.01767574553271861,
        "cmps": 0.04812235506334575
    },
    "26": {
        "cmph": 0.0165723917646628,
        "cmps": 0.07338590705124845
    },
    "27": {
        "cmph": 0.016436764604935643,
        "cmps": 0.07355436797129232
    },
    "28": {
        "cmph": 0.015983336688785342,
        "cmps": 0.07035875517680006
    },
    "29": {
        "cmph": 0.018415131866328923,
        "cmps": 0.09415346924324301
    },
    "30": {
        "cmph": 0.015908856459934517,
        "cmps": 0.08436788967339058
    },
    "31": {
        "cmph": 0.017823075683117282,
        "cmps": 0.07907135163214507
    },
    "32": {
        "cmph": 0.018181506475339424,
        "cmps": 0.0691439159635533
    },
    "final": {
        "OverThreshold": 0,
        "Ratio": 0,
        "Frame": 32
    }
}