{
    "1": {
        "cmph": 0.016292049603870578,
        "cmps": 0.07143409042190074
    },
    "2": {
        "cmph": 0.019920041869021743,
        "cmps": 0.07894252497705469
    },
    "3": {
        "cmph": 0.021359119864119796,
        "cmps": 0.07296262840523465
    },
    "4": {
        "cmph": 0.018241596000270043,
        "cmps": 0.05699904291064358
    },
    "5": {
        "cmph": 0.01953773460352415,
        "cmps": 0.06360012970256626
    },
    "6": {
        "cmph": 0.018926313152314807,
        "cmps": 0.06241221813165735
    },
    "7": {
        "cmph": 0.019485982818342393,
        "cmps": 0.05947563353518206
    },
    "8": {
        "cmph": 0.01861440465096538,
        "cmps": 0.060873664603979465
    },
    "9": {
        "cmph": 0.020004255445416244,
        "cmps": 0.07157413224568147
    },
    "10": {
        "cmph": 0.02149125644800492,
        "cmps": 0.06822306245798787
    },
    "11": {
        "cmph": 0.02019380885950647,
        "cmps": 0.059849573462472015
    },
    "12": {
        "cmph": 0.019966224779760778,
        "cmps": 0.055408330678496744
    },
    "final": {
        "OverThreshold": 0,
        "Ratio": 0,
        "Frame": 12
    }
}