{
    "1": {
        "cmph": 0.027139550255417946,
        "cmps": 0.08902071827457714
    },
    "2": {
        "cmph": 0.02732486532882335,
        "cmps": 0.08688837310562071
    },
    "3": {
        "cmph": 0.03031541435971029,
        "cmps": 0.08381337098448731
    },
    "4": {
        "cmph": 0.02711778976401061,
        "cmps": 0.07032811749114594
    },
    "5": {
        "cmph": 0.029801749792842277,
        "cmps": 0.07755501605017477
    },
    "6": {
        "cmph": 0.0288822260977773,
        "cmps": 0.07506321812403104
    },
    "7": {
        "cmph": 0.029608171046963564,
        "cmps": 0.071610050561688
    },
    "8": {
        "cmph": 0.028572841815560964,
        "cmps": 0.07820940012767143
    },
    "9": {
        "cmph": 0.028244414588024173,
        "cmps": 0.08824762983489218
    },
    "10": {
        "cmph": 0.029852656181640784,
        "cmps": 0.08262020490960462
    },
    "11": {
        "cmph": 0.028158918774842848,
        "cmps": 0.08477612498941671
    },
    "12": {
        "cmph": 0.027331458298320104,
        "cmps": 0.08262411069081081
    },
    "13": {
        "cmph": 0.02713100354129036,
        "cmps": 0.08361943690219849
    },
    "14": {
        "cmph": 0.028938766021555862,
        "cmps": 0.0844021150681263
    },
    "15": {
        "cmph": 0.026071368752668165,
        "cmps": 0.08991501917202369
    },
    "16": {
        "cmph": 0.027338659262079054,
        "cmps": 0.09733603897634516
    },
    "17": {
        "cmph": 0.02798623374160149,
        "cmps": 0.09291936024815316
    },
    "18": {
        "cmph": 0.02695373028348523,
        "cmps": 0.0857556394267016
    },
    "19": {
        "cmph": 0.024205628634477856,
        "cmps": 0.07434174325062991
    },
    "20": {
        "cmph": 0.02518411743407233,
        "cmps": 0.08094402693773206
    },
    "21": {
        "cmph": 0.024960511349478128,
        "cmps": 0.0753859860454042
    },
    "22": {
        "cmph": 0.024027381516102737,
        "cmps": 0.0818905619932983
    },
    "23": {
        "cmph": 0.02195342911867325,
        "cmps": 0.08858129657528957
    },
    "24": {
        "cmph": 0.022547798294508464,
        "cmps": 0.08656501428307409
    },
    "25": {
        "cmph": 0.01911341532955899,
        "cmps": 0.07051196182337452
    },
    "26": {
        "cmph": 0.020221491161104135,
        "cmps": 0.07632641319565145
    },
    "27": {
        "cmph": 0.018518440898148584,
        "cmps": 0.07655300862814876
    },
    "28": {
        "cmph": 0.019904224592351704,
        "cmps": 0.07329725296854585
    },
    "29": {
        "cmph": 0.02209890473494202,
        "cmps": 0.08805903367172307
    },
    "30": {
        "cmph": 0.019971133292553633,
        "cmps": 0.07769634457532176
    },
    "31": {
        "cmph": 0.021377038308133735,
        "cmps": 0.07709835392079661
    },
    "32": {
        "cmph": 0.021617644636617535,
        "cmps": 0.07434842435843805
    },
    "final": {
        "OverThreshold": 0,
        "Ratio": 0,
        "Frame": 32
    }
}