{
    "1": {
        "cmph": 0.006006376716237826,
        "cmps": 0.06693756547261462
    },
    "2": {
        "cmph": 0.005808399103819839,
        "cmps": 0.0692295441691083
    },
    "3": {
        "cmph": 0.01834124233004738,
        "cmps": 0.06853645858339608
    },
    "4": {
        "cmph": 0.0187107931042904,
        "cmps": 0.07899096506814254
    },
    "5": {
        "cmph": 0.02027536733941559,
        "cmps": 0.08629545112090259
    },
    "6": {
        "cmph": 0.015886593913067067,
        "cmps": 0.0864816450812216
    },
    "7": {
        "cmph": 0.023879625822353694,
        "cmps": 0.07898771299453299
    },
    "8": {
        "cmph": 0.02132099872918487,
        "cmps": 0.0857574646036238
    },
    "9": {
        "cmph": 0.019800038464522975,
        "cmps": 0.09971036411441019
    },
    "10": {
        "cmph": 0.015468907404425764,
        "cmps": 0.09815554311177035
    },
    "11": {
        "cmph": 0.027130659619617966,
        "cmps": 0.09222984562589412
    },
    "12": {
        "cmph": 0.023487119358212263,
        "cmps": 0.07802564529906997
    },
    "13": {
        "cmph": 0.025465733812904564,
        "cmps": 0.07826187483072844
    },
    "14": {
        "cmph": 0.02389408839952064,
        "cmps": 0.07721283834354274
    },
    "15": {
        "cmph": 0.02030285803060986,
        "cmps": 0.07711829002113336
    },
    "16": {
        "cmph": 0.01414119905876156,
        "cmps": 0.07980085200395111
    },
    "17": {
        "cmph": 0.016379839810484468,
        "cmps": 0.07868104887334511
    },
    "18": {
        "cmph": 0.0017134518673307926,
        "cmps": 0.08857457597774163
    },
    "19": {
        "cmph": 0.01841607898173241,
        "cmps": 0.08075393355239122
    },
    "20": {
        "cmph": 0.020955799020616114,
        "cmps": 0.06633908577606464
    },
    "21": {
        "cmph": 0.015965175391309944,
        "cmps": 0.07082308086599526
    },
    "22": {
        "cmph": 0.010485107245662463,
        "cmps": 0.06839852593160418
    },
    "23": {
        "cmph": 0.01250592903229222,
        "cmps": 0.07356270156403177
    },
    "24": {
        "cmph": 0.015783122394537222,
        "cmps": 0.06952589991653525
    },
    "25": {
        "cmph": 0.01421734610146021,
        "cmps": 0.07035446791795572
    },
    "26": {
        "cmph": 0.015599500537364261,
        "cmps": 0.07375860619774409
    },
    "27": {
        "cmph": 0.013757242811597499,
        "cmps": 0.07950241974480156
    },
    "28": {
        "cmph": 0.016594792001982724,
        "cmps": 0.08074498311840243
    },
    "29": {
        "cmph": 0.008050174062801396,
        "cmps": 0.07820347330840856
    },
    "30": {
        "cmph": 0.01996502699732277,
        "cmps": 0.07554568452389819
    },
    "31": {
        "cmph": 0.0066796705328054165,
        "cmps": 0.07719772141388076
    },
    "32": {
        "cmph": 0.01995473827926403,
        "cmps": 0.08247524283274311
    },
    "33": {
        "cmph": 0.022457537766565904,
        "cmps": 0.10555090386060359
    },
    "34": {
        "cmph": 0.020950180120747466,
        "cmps": 0.10436351104269699
    },
    "35": {
        "cmph": 0.014768659051710663,
        "cmps": 0.11990511265601013
    },
    "36": {
        "cmph": 0.01945305611708208,
        "cmps": 0.11620378858440651
    },
    "37": {
        "cmph": 0.0089503155225728,
        "cmps": 0.11409050298148853
    },
    "38": {
        "cmph": 0.01109648513456933,
        "cmps": 0.10834979787517056
    },
    "39": {
        "cmph": 0.004333937295381675,
        "cmps": 0.11193349018037252
    },
    "40": {
        "cmph": 0.012095326858610311,
        "cmps": 0.09697215211102984
    },
    "41": {
        "cmph": 0.001858644159863433,
        "cmps": 0.09375910646472632
    },
    "42": {
        "cmph": 0.0010139023226597142,
        "cmps": 0.07447172611197395
    },
    "43": {
        "cmph": 0.001158785334316249,
        "cmps": 0.06976932866882819
    },
    "44": {
        "cmph": 0.007176916284622324,
        "cmps": 0.0734050710007871
    },
    "45": {
        "cmph": 0.0014754053081293403,
        "cmps": 0.07948722895855045
    },
    "final": {
        "OverThreshold": 0,
        "Ratio": 0,
        "Frame": 45
    }
}