{
    "1": {
        "cmph": 0.004566218179380966,
        "cmps": 0.02741958569870832
    },
    "2": {
        "cmph": 0.0026978689266753788,
        "cmps": 0.018078110241462896
    },
    "3": {
        "cmph": 0.013016112370073945,
        "cmps": 0.017044410652803117
    },
    "4": {
        "cmph": 0.007908603111861904,
        "cmps": 0.024921629233408796
    },
    "5": {
        "cmph": 0.01812434949439922,
        "cmps": 0.014802446636093258
    },
    "6": {
        "cmph": 0.00016810445090780288,
        "cmps": 0.020059117683402974
    },
    "7": {
        "cmph": 0.0007212344659113416,
        "cmps": 0.007253423515116795
    },
    "8": {
        "cmph": 0.008508425515846779,
        "cmps": 0.007274490015033358
    },
    "9": {
        "cmph": 0.012867289914544411,
        "cmps": 0.019297075079274414
    },
    "10": {
        "cmph": 0.0017285395840349878,
        "cmps": 0.00518927764121503
    },
    "11": {
        "cmph": 0.015102074604961276,
        "cmps": 0.01844741370525125
    },
    "12": {
        "cmph": 0.010625241914660478,
        "cmps": 0.01528250170045555
    },
    "13": {
        "cmph": 0.019358078872222243,
        "cmps": 0.0035314831008579884
    },
    "14": {
        "cmph": 0.01500547708789145,
        "cmps": 0.009625093893284982
    },
    "15": {
        "cmph": 0.010780763305382622,
        "cmps": 0.01064794765495234
    },
    "16": {
        "cmph": 0.01669723397990682,
        "cmps": 0.015375089442739378
    },
    "17": {
        "cmph": 0.00032528464323977114,
        "cmps": 0.12604211679041924
    },
    "18": {
        "cmph": 0.021372605195373793,
        "cmps": 0.23975527876858876
    },
    "19": {
        "cmph": 0.00408073607302064,
        "cmps": 0.13940865822083692
    },
    "20": {
        "cmph": 0.017612395320423285,
        "cmps": 0.03646633013489889
    },
    "21": {
        "cmph": 0.01925475268734881,
        "cmps": 0.06311971977465923
    },
    "final": {
        "OverThreshold": 0,
        "Ratio": 0,
        "Frame": 21
    }
}