{
    "1": {
        "cmph": 0.019308291510311246,
        "cmps": 0.07077305695764942
    },
    "2": {
        "cmph": 0.017830402028349575,
        "cmps": 0.06860435161100487
    },
    "3": {
        "cmph": 0.01750594141058412,
        "cmps": 0.06595302785334418
    },
    "4": {
        "cmph": 0.010516929464231424,
        "cmps": 0.07651294313408179
    },
    "5": {
        "cmph": 0.024470635994171222,
        "cmps": 0.08232463721984434
    },
    "6": {
        "cmph": 0.010152584970376705,
        "cmps": 0.08523686333699224
    },
    "7": {
        "cmph": 0.013807443713025037,
        "cmps": 0.07739824361719218
    },
    "8": {
        "cmph": 0.012609411925533305,
        "cmps": 0.07855951418304105
    },
    "9": {
        "cmph": 0.01077545649526049,
        "cmps": 0.08058124509550658
    },
    "10": {
        "cmph": 0.005516274711546388,
        "cmps": 0.07740608686768753
    },
    "11": {
        "cmph": 0.022708865947711435,
        "cmps": 0.06966750691633097
    },
    "final": {
        "OverThreshold": 0,
        "Ratio": 0,
        "Frame": 11
    }
}