{
    "1": {
        "cmph": 0.01744789664387583,
        "cmps": 0.07391462809145366
    },
    "2": {
        "cmph": 0.01808717227327967,
        "cmps": 0.07763192665847612
    },
    "3": {
        "cmph": 0.01946227690368522,
        "cmps": 0.07224649049235225
    },
    "4": {
        "cmph": 0.018441299109159984,
        "cmps": 0.06230370398516569
    },
    "5": {
        "cmph": 0.02001563836889509,
        "cmps": 0.07089676711972835
    },
    "6": {
        "cmph": 0.01902448912507861,
        "cmps": 0.07235963697180284
    },
    "7": {
        "cmph": 0.019561910348107232,
        "cmps": 0.06866942566799877
    },
    "8": {
        "cmph": 0.018552586772660175,
        "cmps": 0.06897884704842933
    },
    "9": {
        "cmph": 0.018274346844115143,
        "cmps": 0.07313903322653542
    },
    "10": {
        "cmph": 0.019323360335653,
        "cmps": 0.06687340927872101
    },
    "11": {
        "cmph": 0.019127738932628358,
        "cmps": 0.06411443758099021
    },
    "12": {
        "cmph": 0.020895117280405138,
        "cmps": 0.06591197560691249
    },
    "13": {
        "cmph": 0.021322516405733818,
        "cmps": 0.06687082209566392
    },
    "14": {
        "cmph": 0.021963828795523856,
        "cmps": 0.06613544913537886
    },
    "15": {
        "cmph": 0.020362684491448107,
        "cmps": 0.07084614270232324
    },
    "16": {
        "cmph": 0.021196331842366942,
        "cmps": 0.07703489377742842
    },
    "17": {
        "cmph": 0.021921207035816383,
        "cmps": 0.07557323206438016
    },
    "18": {
        "cmph": 0.021016252283836263,
        "cmps": 0.06811520128721524
    },
    "19": {
        "cmph": 0.018959117474721374,
        "cmps": 0.05662047228861534
    },
    "20": {
        "cmph": 0.019387178408353852,
        "cmps": 0.06022770310672398
    },
    "21": {
        "cmph": 0.018903459519370933,
        "cmps": 0.05522298553634179
    },
    "22": {
        "cmph": 0.01981192524222016,
        "cmps": 0.06126490832502103
    },
    "23": {
        "cmph": 0.018878153506623484,
        "cmps": 0.0679727299074528
    },
    "24": {
        "cmph": 0.0192734324028396,
        "cmps": 0.0678206211689355
    },
    "25": {
        "cmph": 0.01776772713466242,
        "cmps": 0.06368845643829206
    },
    "26": {
        "cmph": 0.01894639001965148,
        "cmps": 0.06892663709444637
    },
    "27": {
        "cmph": 0.017184707210587187,
        "cmps": 0.06673321656952262
    },
    "28": {
        "cmph": 0.018491166434967548,
        "cmps": 0.0656583094417751
    },
    "29": {
        "cmph": 0.02065481384520223,
        "cmps": 0.07620442006875255
    },
    "30": {
        "cmph": 0.018143976683195923,
        "cmps": 0.06340673368512854
    },
    "31": {
        "cmph": 0.018263500796689012,
        "cmps": 0.05674392251883811
    },
    "32": {
        "cmph": 0.01754680824727041,
        "cmps": 0.05773290543385104
    },
    "33": {
        "cmph": 0.01896197400126752,
        "cmps": 0.06041472119141131
    },
    "34": {
        "cmph": 0.020266485626860172,
        "cmps": 0.05749187752309885
    },
    "35": {
        "cmph": 0.023085027416341497,
        "cmps": 0.05889112425642043
    },
    "36": {
        "cmph": 0.022734171488059222,
        "cmps": 0.056824972446079466
    },
    "37": {
        "cmph": 0.020071862815197523,
        "cmps": 0.055258794119256736
    },
    "38": {
        "cmph": 0.019636334148302625,
        "cmps": 0.05535883448780472
    },
    "39": {
        "cmph": 0.020730384104896242,
        "cmps": 0.058599662249949294
    },
    "40": {
        "cmph": 0.022048741147078926,
        "cmps": 0.06496803219161942
    },
    "41": {
        "cmph": 0.022751899550776042,
        "cmps": 0.0672734445339613
    },
    "42": {
        "cmph": 0.02426499388231025,
        "cmps": 0.06673079709267951
    },
    "43": {
        "cmph": 0.02378820950967143,
        "cmps": 0.05829136165749704
    },
    "44": {
        "cmph": 0.022798091076347983,
        "cmps": 0.06350726961047104
    },
    "45": {
        "cmph": 0.02452138543482548,
        "cmps": 0.07060007005396193
    },
    "final": {
        "OverThreshold": 0,
        "Ratio": 0,
        "Frame": 45
    }
}