{
    "1": {
        "cmph": 0.18172053457313508,
        "cmps": 0.0213559961667323
    },
    "2": {
        "cmph": 0.3338121043630866,
        "cmps": 0.031541194175248075
    },
    "3": {
        "cmph": 0.269602437807382,
        "cmps": 0.09797024635270304
    },
    "4": {
        "cmph": 0.15325927978276052,
        "cmps": 0.12634510674454674
    },
    "5": {
        "cmph": 0.18761493569478963,
        "cmps": 0.3225903817965366
    },
    "6": {
        "cmph": 0.240874179434118,
        "cmps": 0.33881098596394
    },
    "7": {
        "cmph": 0.19576426159241975,
        "cmps": 0.2189616737578634
    },
    "8": {
        "cmph": 0.2834862593649927,
        "cmps": 0.340281493347236
    },
    "9": {
        "cmph": 0.20447064341240415,
        "cmps": 0.5196324969086649
    },
    "10": {
        "cmph": 0.2580425800621474,
        "cmps": 0.6205650135719467
    },
    "11": {
        "cmph": 0.32736744786489214,
        "cmps": 0.5914407570154615
    },
    "12": {
        "cmph": 0.418911612425586,
        "cmps": 0.5366412529055722
    },
    "13": {
        "cmph": 0.4312299201415319,
        "cmps": 0.6422865009888262
    },
    "14": {
        "cmph": 0.4022978995293788,
        "cmps": 0.5578382254615616
    },
    "15": {
        "cmph": 0.3154215624306741,
        "cmps": 0.7388336837047619
    },
    "16": {
        "cmph": 0.4419242992721006,
        "cmps": 0.7255986589835303
    },
    "17": {
        "cmph": 0.35070942386708104,
        "cmps": 0.6656634092658076
    },
    "18": {
        "cmph": 0.2792325041856634,
        "cmps": 0.7260730120046146
    },
    "19": {
        "cmph": 0.27227260705911627,
        "cmps": 0.46300472874322607
    },
    "20": {
        "cmph": 0.248497801793503,
        "cmps": 0.5239534430893655
    },
    "21": {
        "cmph": 0.37062669349695215,
        "cmps": 0.47087528119080624
    },
    "22": {
        "cmph": 0.4048769337012457,
        "cmps": 0.49738931481393694
    },
    "23": {
        "cmph": 0.32043958598978173,
        "cmps": 0.4947950377635424
    },
    "24": {
        "cmph": 0.4286595688147009,
        "cmps": 0.5210387681466537
    },
    "25": {
        "cmph": 0.4346269705419678,
        "cmps": 0.5482546865127906
    },
    "26": {
        "cmph": 0.34704990747222725,
        "cmps": 0.4907005815891534
    },
    "27": {
        "cmph": 0.22073307272686837,
        "cmps": 0.4335314641592234
    },
    "28": {
        "cmph": 0.16944505717164332,
        "cmps": 0.3265972999878513
    },
    "29": {
        "cmph": 0.24428953522731217,
        "cmps": 0.42674343222191685
    },
    "30": {
        "cmph": 0.0961043386176739,
        "cmps": 0.2126811389580048
    },
    "31": {
        "cmph": 0.09934063838183675,
        "cmps": 0.17738863687485654
    },
    "32": {
        "cmph": 0.03053867540358855,
        "cmps": 0.19054525385558937
    },
    "33": {
        "cmph": 0.019430708431120113,
        "cmps": 0.14016461262149765
    },
    "34": {
        "cmph": 0.06353151004852789,
        "cmps": 0.10933834700828172
    },
    "35": {
        "cmph": 0.06810629827580665,
        "cmps": 0.07713881821701518
    },
    "36": {
        "cmph": 0.07980111963699678,
        "cmps": 0.040608644202618775
    },
    "37": {
        "cmph": 0.030531449731072368,
        "cmps": 0.011696766928355092
    },
    "38": {
        "cmph": 0.07940191374386392,
        "cmps": 0.016514103389094523
    },
    "39": {
        "cmph": 0.0904693163674906,
        "cmps": 0.002655499405646587
    },
    "40": {
        "cmph": 0.07869423167458409,
        "cmps": 0.017331739924371058
    },
    "41": {
        "cmph": 0.09660341920127874,
        "cmps": 0.008583137488662919
    },
    "42": {
        "cmph": 0.014898681470470439,
        "cmps": 0.02649981179271627
    },
    "43": {
        "cmph": 0.010799249892381329,
        "cmps": 0.02072918471139403
    },
    "44": {
        "cmph": 0.032465126153744556,
        "cmps": 0.0070300240602678065
    },
    "45": {
        "cmph": 0.03246388081117621,
        "cmps": 0.021822815214533702
    },
    "final": {
        "OverThreshold": 29,
        "Ratio": 64,
        "Frame": 45
    }
}