{
    "1": {
        "cmph": 0.018784930624944844,
        "cmps": 0.07370463860304223
    },
    "2": {
        "cmph": 0.020221961826076405,
        "cmps": 0.07168093984632952
    },
    "3": {
        "cmph": 0.021205687588417926,
        "cmps": 0.06486459933819173
    },
    "4": {
        "cmph": 0.01909487572988548,
        "cmps": 0.05924588866721436
    },
    "5": {
        "cmph": 0.0209973596659521,
        "cmps": 0.06526884521306153
    },
    "6": {
        "cmph": 0.019772629147701278,
        "cmps": 0.06306228022544666
    },
    "7": {
        "cmph": 0.0197277523891431,
        "cmps": 0.06041511192039313
    },
    "8": {
        "cmph": 0.018342150293898574,
        "cmps": 0.05942358088198324
    },
    "9": {
        "cmph": 0.019168727538775757,
        "cmps": 0.06429211966035234
    },
    "10": {
        "cmph": 0.020190433772475154,
        "cmps": 0.060736776153348306
    },
    "11": {
        "cmph": 0.018778760724331003,
        "cmps": 0.05579575227387398
    },
    "final": {
        "OverThreshold": 0,
        "Ratio": 0,
        "Frame": 11
    }
}