{
    "1": {
        "cmph": 0.019917131628389127,
        "cmps": 0.06761756913788013
    },
    "2": {
        "cmph": 0.020657603961319274,
        "cmps": 0.07242180193532091
    },
    "3": {
        "cmph": 0.021838741703819352,
        "cmps": 0.07328853484576456
    },
    "4": {
        "cmph": 0.020662805968014942,
        "cmps": 0.06268130523278054
    },
    "5": {
        "cmph": 0.023561893350838744,
        "cmps": 0.0711696458761271
    },
    "6": {
        "cmph": 0.022470209433710933,
        "cmps": 0.06985918710580281
    },
    "7": {
        "cmph": 0.023550753984120775,
        "cmps": 0.06605589569290664
    },
    "8": {
        "cmph": 0.023014107151251063,
        "cmps": 0.06939905391481081
    },
    "9": {
        "cmph": 0.024196827760030005,
        "cmps": 0.0751518719389683
    },
    "10": {
        "cmph": 0.025453851141224008,
        "cmps": 0.07426386049283135
    },
    "11": {
        "cmph": 0.024221768700336575,
        "cmps": 0.0712107719958221
    },
    "12": {
        "cmph": 0.024777544152462444,
        "cmps": 0.07093931145233985
    },
    "13": {
        "cmph": 0.0246228390563546,
        "cmps": 0.07155818875959716
    },
    "14": {
        "cmph": 0.02565334221794031,
        "cmps": 0.07594738246610389
    },
    "15": {
        "cmph": 0.02359628000837037,
        "cmps": 0.08160100321970616
    },
    "16": {
        "cmph": 0.024202593051013434,
        "cmps": 0.08185799414255178
    },
    "17": {
        "cmph": 0.026000853104120626,
        "cmps": 0.08557977319780606
    },
    "18": {
        "cmph": 0.023359385149367827,
        "cmps": 0.0775430532920251
    },
    "19": {
        "cmph": 0.021915502976794586,
        "cmps": 0.06035204224848035
    },
    "20": {
        "cmph": 0.022943354830841922,
        "cmps": 0.0675573290475352
    },
    "21": {
        "cmph": 0.02167132101957765,
        "cmps": 0.06368752828137822
    },
    "22": {
        "cmph": 0.022469301960455743,
        "cmps": 0.06789988814624258
    },
    "23": {
        "cmph": 0.021968847257910862,
        "cmps": 0.07642252989447125
    },
    "24": {
        "cmph": 0.023618571908985277,
        "cmps": 0.08070289395595372
    },
    "25": {
        "cmph": 0.02124190672685156,
        "cmps": 0.06567949066468878
    },
    "26": {
        "cmph": 0.023392242437858337,
        "cmps": 0.0721827511127657
    },
    "27": {
        "cmph": 0.02111709890589933,
        "cmps": 0.072695804117929
    },
    "28": {
        "cmph": 0.021778496253895302,
        "cmps": 0.07415369468598337
    },
    "29": {
        "cmph": 0.024776210682849045,
        "cmps": 0.0821332895281999
    },
    "30": {
        "cmph": 0.021325293579454903,
        "cmps": 0.07192961560649966
    },
    "31": {
        "cmph": 0.022827917679119486,
        "cmps": 0.05997727979943283
    },
    "32": {
        "cmph": 0.022126183736446432,
        "cmps": 0.06645031856004556
    },
    "33": {
        "cmph": 0.02396030523743707,
        "cmps": 0.06298898413798126
    },
    "34": {
        "cmph": 0.023633738525575026,
        "cmps": 0.060008899957147796
    },
    "final": {
        "OverThreshold": 0,
        "Ratio": 0,
        "Frame": 34
    }
}