{
    "1": {
        "cmph": 0.011913769659006828,
        "cmps": 0.10350496322622971
    },
    "2": {
        "cmph": 0.01315963551581998,
        "cmps": 0.06478746320479874
    },
    "3": {
        "cmph": 0.013878100669524383,
        "cmps": 0.07608951592852463
    },
    "4": {
        "cmph": 0.012795286357007413,
        "cmps": 0.06383520517572695
    },
    "5": {
        "cmph": 0.014289561418678858,
        "cmps": 0.07496308891923935
    },
    "6": {
        "cmph": 0.013107050348338478,
        "cmps": 0.08669940891075552
    },
    "7": {
        "cmph": 0.01387085443892761,
        "cmps": 0.05219894908531897
    },
    "8": {
        "cmph": 0.012805735108312073,
        "cmps": 0.04339460968850659
    },
    "9": {
        "cmph": 0.01284997930323941,
        "cmps": 0.09724874116477104
    },
    "10": {
        "cmph": 0.013328238534922798,
        "cmps": 0.06001908388157821
    },
    "11": {
        "cmph": 0.013735995141035674,
        "cmps": 0.010743638554399143
    },
    "12": {
        "cmph": 0.014265932411209612,
        "cmps": 0.02345361659107462
    },
    "13": {
        "cmph": 0.013466508628893802,
        "cmps": 0.03086217976859927
    },
    "14": {
        "cmph": 0.013708549972395557,
        "cmps": 0.005917927075334162
    },
    "15": {
        "cmph": 0.012664601127835483,
        "cmps": 0.03238161170312439
    },
    "16": {
        "cmph": 0.013855970204022326,
        "cmps": 0.024401668406997694
    },
    "17": {
        "cmph": 0.014474593394931,
        "cmps": 0.03534647399300176
    },
    "18": {
        "cmph": 0.0131086131139207,
        "cmps": 0.06353252328445548
    },
    "19": {
        "cmph": 0.011936432258007501,
        "cmps": 0.05474975237798874
    },
    "20": {
        "cmph": 0.012717708226718834,
        "cmps": 0.05320687257155684
    },
    "21": {
        "cmph": 0.011659569919790252,
        "cmps": 0.0516543262019144
    },
    "22": {
        "cmph": 0.012332617298572116,
        "cmps": 0.05265497655159583
    },
    "23": {
        "cmph": 0.012137147503357117,
        "cmps": 0.061603856179820005
    },
    "24": {
        "cmph": 0.012408022057862764,
        "cmps": 0.05795624693220554
    },
    "25": {
        "cmph": 0.01089575236704939,
        "cmps": 0.053710471171992465
    },
    "26": {
        "cmph": 0.011843878017268083,
        "cmps": 0.06000923148330558
    },
    "27": {
        "cmph": 0.010402791080974402,
        "cmps": 0.0545614134174287
    },
    "28": {
        "cmph": 0.010926239288493804,
        "cmps": 0.05153151910519891
    },
    "29": {
        "cmph": 0.012490058772925042,
        "cmps": 0.06343031705619949
    },
    "30": {
        "cmph": 0.011858262133237365,
        "cmps": 0.05696908403298879
    },
    "31": {
        "cmph": 0.013274076012906236,
        "cmps": 0.05575412694088193
    },
    "32": {
        "cmph": 0.013920205934014222,
        "cmps": 0.05680472394861171
    },
    "33": {
        "cmph": 0.0144897333050697,
        "cmps": 0.05956049494300865
    },
    "34": {
        "cmph": 0.020116912998817973,
        "cmps": 0.05565503456213708
    },
    "35": {
        "cmph": 0.021899978098303508,
        "cmps": 0.05619344611402322
    },
    "36": {
        "cmph": 0.021148606527804883,
        "cmps": 0.05346263015823979
    },
    "37": {
        "cmph": 0.01948132526035476,
        "cmps": 0.052685868506350854
    },
    "38": {
        "cmph": 0.01832474963987365,
        "cmps": 0.05581863650474477
    },
    "39": {
        "cmph": 0.016948737076535297,
        "cmps": 0.06249156230129112
    },
    "40": {
        "cmph": 0.005018533013908497,
        "cmps": 0.06657216717604862
    },
    "41": {
        "cmph": 0.007126597382867926,
        "cmps": 0.0675695147714796
    },
    "42": {
        "cmph": 0.00737129069563403,
        "cmps": 0.0698398669073244
    },
    "43": {
        "cmph": 0.04150043766494537,
        "cmps": 0.06434046572150136
    },
    "44": {
        "cmph": 0.009206185592072232,
        "cmps": 0.07501071595447466
    },
    "45": {
        "cmph": 0.0015545232135770058,
        "cmps": 0.08293506257740954
    },
    "46": {
        "cmph": 0.0016248569754296126,
        "cmps": 0.0723154854245716
    },
    "47": {
        "cmph": 0.005667492899537156,
        "cmps": 0.06298599448999284
    },
    "48": {
        "cmph": 0.005240201780085547,
        "cmps": 0.06239305665870352
    },
    "49": {
        "cmph": 0.055623525516017375,
        "cmps": 0.06677281389724637
    },
    "final": {
        "OverThreshold": 0,
        "Ratio": 0,
        "Frame": 49
    }
}