{
    "1": {
        "cmph": 0.12350975755214395,
        "cmps": 0.07703146764561322
    },
    "2": {
        "cmph": 0.10895453105372893,
        "cmps": 0.09142835590448502
    },
    "3": {
        "cmph": 0.10364754282407064,
        "cmps": 0.08684309697803472
    },
    "4": {
        "cmph": 0.06920049184017467,
        "cmps": 0.07599907418716047
    },
    "5": {
        "cmph": 0.08898109610487917,
        "cmps": 0.09146558470348609
    },
    "6": {
        "cmph": 0.05721601421256711,
        "cmps": 0.0949996633038845
    },
    "7": {
        "cmph": 0.05766687885171156,
        "cmps": 0.09997187943586587
    },
    "8": {
        "cmph": 0.0710373941237299,
        "cmps": 0.10631301390483013
    },
    "9": {
        "cmph": 0.07793317079668333,
        "cmps": 0.11668879749339736
    },
    "10": {
        "cmph": 0.07161102332444329,
        "cmps": 0.10550175918567495
    },
    "11": {
        "cmph": 0.08179383453858025,
        "cmps": 0.10067927821584223
    },
    "12": {
        "cmph": 0.07115210850340765,
        "cmps": 0.09362809536350936
    },
    "13": {
        "cmph": 0.06406970006020331,
        "cmps": 0.08748327373778499
    },
    "14": {
        "cmph": 0.08159543515875267,
        "cmps": 0.08736137901046159
    },
    "15": {
        "cmph": 0.04729154368028504,
        "cmps": 0.09345993442273313
    },
    "16": {
        "cmph": 0.056382867002272186,
        "cmps": 0.10104265710070127
    },
    "17": {
        "cmph": 0.0456230686348456,
        "cmps": 0.09540070597898921
    },
    "18": {
        "cmph": 0.11837907850765192,
        "cmps": 0.0800778584238172
    },
    "19": {
        "cmph": 0.026045775524937368,
        "cmps": 0.07448486262473346
    },
    "20": {
        "cmph": 0.025076395952050922,
        "cmps": 0.07274313698662215
    },
    "final": {
        "OverThreshold": 10,
        "Ratio": 50,
        "Frame": 20
    }
}