{
    "1": {
        "cmph": 0.019717289753298763,
        "cmps": 0.06814351504434515
    },
    "2": {
        "cmph": 0.010232280448943327,
        "cmps": 0.07421034324883995
    },
    "3": {
        "cmph": 0.018309636422961083,
        "cmps": 0.07309324298271762
    },
    "4": {
        "cmph": 0.01077459249031996,
        "cmps": 0.0737661791855819
    },
    "5": {
        "cmph": 0.02094735349103992,
        "cmps": 0.07921643951811337
    },
    "6": {
        "cmph": 0.010517777027092728,
        "cmps": 0.08127681643846682
    },
    "7": {
        "cmph": 0.01547545761018674,
        "cmps": 0.074085731878657
    },
    "8": {
        "cmph": 0.013243942413774723,
        "cmps": 0.08045155295382837
    },
    "9": {
        "cmph": 0.010259683006316491,
        "cmps": 0.08837088349120327
    },
    "10": {
        "cmph": 0.008200474802606082,
        "cmps": 0.08678756690630979
    },
    "11": {
        "cmph": 0.02504888155010103,
        "cmps": 0.07462039607658558
    },
    "12": {
        "cmph": 0.020471991752261647,
        "cmps": 0.06386053730659631
    },
    "final": {
        "OverThreshold": 0,
        "Ratio": 0,
        "Frame": 12
    }
}