{
    "1": {
        "cmph": 0.030959221355668674,
        "cmps": 0.06111366432880375
    },
    "2": {
        "cmph": 0.03249518912279406,
        "cmps": 0.06838918718192386
    },
    "3": {
        "cmph": 0.02761777570490446,
        "cmps": 0.07053136484030445
    },
    "4": {
        "cmph": 0.029860471922701023,
        "cmps": 0.07514165614606816
    },
    "5": {
        "cmph": 0.03327602488126539,
        "cmps": 0.08888690698904675
    },
    "6": {
        "cmph": 0.03753575229493009,
        "cmps": 0.09219226821615742
    },
    "7": {
        "cmph": 0.039683901071075216,
        "cmps": 0.07981133262156138
    },
    "8": {
        "cmph": 0.04111437920011173,
        "cmps": 0.08917658081430682
    },
    "9": {
        "cmph": 0.03536832030351624,
        "cmps": 0.09154856913856237
    },
    "10": {
        "cmph": 0.03181192931865122,
        "cmps": 0.09964007436122253
    },
    "11": {
        "cmph": 0.03199540830325169,
        "cmps": 0.08520653015932174
    },
    "12": {
        "cmph": 0.034884984932389215,
        "cmps": 0.06755641189713348
    },
    "13": {
        "cmph": 0.03169024497279775,
        "cmps": 0.07619998893699721
    },
    "14": {
        "cmph": 0.033987893539877335,
        "cmps": 0.08339812183677062
    },
    "15": {
        "cmph": 0.0338685922333279,
        "cmps": 0.08632811625649577
    },
    "16": {
        "cmph": 0.03436485115125473,
        "cmps": 0.0825175697440507
    },
    "17": {
        "cmph": 0.03531640275641572,
        "cmps": 0.07890949447502321
    },
    "18": {
        "cmph": 0.03089111994763025,
        "cmps": 0.10139845013721992
    },
    "19": {
        "cmph": 0.033209065811034326,
        "cmps": 0.08598726299478349
    },
    "20": {
        "cmph": 0.029249354705456018,
        "cmps": 0.07586421295158842
    },
    "21": {
        "cmph": 0.02875370950384719,
        "cmps": 0.08514575583364717
    },
    "22": {
        "cmph": 0.028905455885545887,
        "cmps": 0.08055042551612479
    },
    "23": {
        "cmph": 0.029629608448218436,
        "cmps": 0.08419536667388992
    },
    "24": {
        "cmph": 0.027843145285051385,
        "cmps": 0.08796150003086585
    },
    "25": {
        "cmph": 0.029956614414159782,
        "cmps": 0.07527736326452136
    },
    "26": {
        "cmph": 0.03117368449659342,
        "cmps": 0.07888209701028252
    },
    "27": {
        "cmph": 0.031889076444789465,
        "cmps": 0.08978843338459094
    },
    "28": {
        "cmph": 0.03774897107006243,
        "cmps": 0.0892652409552815
    },
    "29": {
        "cmph": 0.04041530128113584,
        "cmps": 0.08846533809084359
    },
    "30": {
        "cmph": 0.033397817422848024,
        "cmps": 0.0827204204996179
    },
    "31": {
        "cmph": 0.038660077565811614,
        "cmps": 0.07402832197463642
    },
    "32": {
        "cmph": 0.0336670228913917,
        "cmps": 0.08399091991341456
    },
    "33": {
        "cmph": 0.03430494254170055,
        "cmps": 0.09940827212202068
    },
    "34": {
        "cmph": 0.035646815064661545,
        "cmps": 0.10881901765252093
    },
    "final": {
        "OverThreshold": 0,
        "Ratio": 0,
        "Frame": 34
    }
}