{
    "1": {
        "cmph": 0.011268408721916336,
        "cmps": 0.016785323932792817
    },
    "2": {
        "cmph": 0.012082425271172443,
        "cmps": 0.0011685953019176852
    },
    "3": {
        "cmph": 0.013098164644834013,
        "cmps": 0.007347600817760625
    },
    "4": {
        "cmph": 0.011965009818081634,
        "cmps": 0.0007032502904648044
    },
    "5": {
        "cmph": 0.012005586694888137,
        "cmps": 0.004457896556171601
    },
    "6": {
        "cmph": 0.012028030695324883,
        "cmps": 0.0031058932607851615
    },
    "7": {
        "cmph": 0.011904845316944544,
        "cmps": 0.002726640119240968
    },
    "8": {
        "cmph": 0.01161705089428323,
        "cmps": 0.005707692203260448
    },
    "9": {
        "cmph": 0.011836294756659172,
        "cmps": 0.0010549984803195267
    },
    "10": {
        "cmph": 0.013051203454693808,
        "cmps": 0.009629093230233933
    },
    "11": {
        "cmph": 0.013116807549767427,
        "cmps": 0.006081859092541674
    },
    "12": {
        "cmph": 0.013331268485285874,
        "cmps": 0.0014251999104535197
    },
    "13": {
        "cmph": 0.01338384609388884,
        "cmps": 0.009348474870844156
    },
    "14": {
        "cmph": 0.013197608970555838,
        "cmps": 0.003798048629027018
    },
    "15": {
        "cmph": 0.012790927017362699,
        "cmps": 0.009900346637613732
    },
    "16": {
        "cmph": 0.014219686446263044,
        "cmps": 0.00451108059455183
    },
    "17": {
        "cmph": 0.014446030357571818,
        "cmps": 0.016397304659776
    },
    "18": {
        "cmph": 0.01413122649235231,
        "cmps": 0.029126492460435114
    },
    "19": {
        "cmph": 0.012269464797980986,
        "cmps": 0.00841745117929499
    },
    "20": {
        "cmph": 0.012796557376288995,
        "cmps": 0.020925419410477087
    },
    "21": {
        "cmph": 0.012079266297858979,
        "cmps": 0.01014833526975463
    },
    "22": {
        "cmph": 0.012981422590028924,
        "cmps": 0.008483308050340766
    },
    "23": {
        "cmph": 0.011887961788039837,
        "cmps": 0.016800321859609387
    },
    "24": {
        "cmph": 0.014605915732918737,
        "cmps": 0.04830461780992058
    },
    "25": {
        "cmph": 0.010752971628904139,
        "cmps": 0.046491142306636986
    },
    "26": {
        "cmph": 0.012469690000582215,
        "cmps": 0.11116014014542855
    },
    "27": {
        "cmph": 0.024652288146084878,
        "cmps": 0.17595072793813246
    },
    "28": {
        "cmph": 0.014815736372820132,
        "cmps": 0.23896293021490064
    },
    "29": {
        "cmph": 0.016260710164171722,
        "cmps": 0.36666744707955895
    },
    "30": {
        "cmph": 0.019570824706067656,
        "cmps": 0.5236518973356822
    },
    "31": {
        "cmph": 1.0,
        "cmps": 0.5054088414305724
    },
    "32": {
        "cmph": 0.02363026413764889,
        "cmps": 0.550164596654649
    },
    "33": {
        "cmph": 0.011001187060437616,
        "cmps": 0.5464871536759278
    },
    "34": {
        "cmph": 0.02349528771936019,
        "cmps": 0.5952338660802434
    },
    "35": {
        "cmph": 0.039703378772695516,
        "cmps": 0.3926677280428042
    },
    "36": {
        "cmph": 1.0,
        "cmps": 0.27221830639436023
    },
    "37": {
        "cmph": 1.0,
        "cmps": 0.1206568268998505
    },
    "38": {
        "cmph": 1.0,
        "cmps": 0.09273006346437805
    },
    "39": {
        "cmph": 1.0,
        "cmps": 0.06634000914687944
    },
    "40": {
        "cmph": 1.0,
        "cmps": 0.004209871666211168
    },
    "41": {
        "cmph": 1.0,
        "cmps": 0.015570668209517982
    },
    "42": {
        "cmph": 1.0,
        "cmps": 0.007119898881641082
    },
    "43": {
        "cmph": 1.0,
        "cmps": 0.019118731883278856
    },
    "44": {
        "cmph": 1.0,
        "cmps": 0.02757408720980052
    },
    "45": {
        "cmph": 1.0,
        "cmps": 0.04572341556402917
    },
    "46": {
        "cmph": 1.0,
        "cmps": 0.021570047047980188
    },
    "47": {
        "cmph": 1.0,
        "cmps": 0.037417990598432406
    },
    "48": {
        "cmph": 1.0,
        "cmps": 0.046624508689727354
    },
    "49": {
        "cmph": 1.0,
        "cmps": 0.046878638785775625
    },
    "final": {
        "OverThreshold": 3,
        "Ratio": 6,
        "Frame": 49
    }
}