{
    "1": {
        "cmph": 0.013033678858419306,
        "cmps": 0.08649463391373073
    },
    "2": {
        "cmph": 0.09688774594420874,
        "cmps": 0.13249055371399135
    },
    "3": {
        "cmph": 0.1300954391386789,
        "cmps": 0.10253638389967498
    },
    "4": {
        "cmph": 0.11453151234077473,
        "cmps": 0.09047134930577486
    },
    "5": {
        "cmph": 0.12381461880557879,
        "cmps": 0.09915101594360845
    },
    "6": {
        "cmph": 0.1566935997076785,
        "cmps": 0.1018327305309933
    },
    "7": {
        "cmph": 0.14599849600439807,
        "cmps": 0.09536937732980713
    },
    "8": {
        "cmph": 0.14137566828784365,
        "cmps": 0.10100257828062932
    },
    "9": {
        "cmph": 0.1485947889409672,
        "cmps": 0.11338430539741065
    },
    "10": {
        "cmph": 0.12994271024695855,
        "cmps": 0.10872582069554859
    },
    "11": {
        "cmph": 0.15722771375153544,
        "cmps": 0.1022665943834718
    },
    "12": {
        "cmph": 0.16017173020009431,
        "cmps": 0.08649660624233269
    },
    "13": {
        "cmph": 0.15593453047539638,
        "cmps": 0.08586895839822635
    },
    "14": {
        "cmph": 0.14989821932472974,
        "cmps": 0.08714773057353058
    },
    "15": {
        "cmph": 0.1130652930025788,
        "cmps": 0.09561694955762799
    },
    "final": {
        "OverThreshold": 12,
        "Ratio": 80,
        "Frame": 15
    }
}