{
    "1": {
        "cmph": 0.020230957395832277,
        "cmps": 0.05157053214093962
    },
    "2": {
        "cmph": 0.001535973693981807,
        "cmps": 0.036917435771515135
    },
    "3": {
        "cmph": 0.017992498976064884,
        "cmps": 0.00861596042768576
    },
    "4": {
        "cmph": 0.0068912048799825805,
        "cmps": 0.04959221756144151
    },
    "5": {
        "cmph": 0.005215856086928337,
        "cmps": 0.019369813748766188
    },
    "6": {
        "cmph": 0.014829344272587572,
        "cmps": 0.04450871269809301
    },
    "7": {
        "cmph": 0.01813336225521126,
        "cmps": 0.04760976769494784
    },
    "final": {
        "OverThreshold": 0,
        "Ratio": 0,
        "Frame": 7
    }
}