{
    "1": {
        "cmph": 0.02476257769073167,
        "cmps": 0.044369473179465845
    },
    "2": {
        "cmph": 0.03998083851786133,
        "cmps": 0.045080807667715
    },
    "3": {
        "cmph": 0.06387200496586484,
        "cmps": 0.05433758870721242
    },
    "4": {
        "cmph": 0.03705026176109251,
        "cmps": 0.05125223967860506
    },
    "5": {
        "cmph": 0.014225403905642748,
        "cmps": 0.037268732791809527
    },
    "6": {
        "cmph": 0.029687968646588226,
        "cmps": 0.034234051168744596
    },
    "7": {
        "cmph": 0.04360710358118505,
        "cmps": 0.027426240576565744
    },
    "8": {
        "cmph": 0.041469850991995294,
        "cmps": 0.033858341267989804
    },
    "9": {
        "cmph": 0.022535142117291948,
        "cmps": 0.03390295671258714
    },
    "10": {
        "cmph": 0.001529699614792555,
        "cmps": 0.03162259960425211
    },
    "11": {
        "cmph": 0.026181152586586855,
        "cmps": 0.02931158127460016
    },
    "12": {
        "cmph": 0.019001831892082103,
        "cmps": 0.03493222358400228
    },
    "13": {
        "cmph": 0.13225237794369363,
        "cmps": 0.03531916284949309
    },
    "14": {
        "cmph": 0.03919891853888193,
        "cmps": 0.03572443070500319
    },
    "15": {
        "cmph": 0.2026381793999405,
        "cmps": 0.040064394647061345
    },
    "16": {
        "cmph": 0.16207794660663197,
        "cmps": 0.039583316484867286
    },
    "17": {
        "cmph": 0.14258820803360436,
        "cmps": 0.04062640075782002
    },
    "18": {
        "cmph": 0.11402585225258174,
        "cmps": 0.044194553991870895
    },
    "19": {
        "cmph": 0.08590540532174139,
        "cmps": 0.03719963043705491
    },
    "20": {
        "cmph": 0.12296843343703522,
        "cmps": 0.04266471458219487
    },
    "21": {
        "cmph": 0.26472598305211564,
        "cmps": 0.044102033829083745
    },
    "22": {
        "cmph": 0.20654995559476436,
        "cmps": 0.042565891114931566
    },
    "23": {
        "cmph": 0.21942982259677365,
        "cmps": 0.047695591405253264
    },
    "24": {
        "cmph": 0.29901135449881205,
        "cmps": 0.06456767073455208
    },
    "25": {
        "cmph": 0.26220125120690896,
        "cmps": 0.06896619783900268
    },
    "26": {
        "cmph": 0.22903496919293473,
        "cmps": 0.07654295797241864
    },
    "27": {
        "cmph": 0.16041855006511302,
        "cmps": 0.0740232771215359
    },
    "28": {
        "cmph": 0.012305410364955695,
        "cmps": 0.05726862862723827
    },
    "29": {
        "cmph": 0.011842474897487456,
        "cmps": 0.05629570089764747
    },
    "30": {
        "cmph": 0.01684822675595339,
        "cmps": 0.06201568018617108
    },
    "31": {
        "cmph": 1.0,
        "cmps": 0.05753218115286674
    },
    "32": {
        "cmph": 0.01773973260051623,
        "cmps": 0.06242977597592985
    },
    "33": {
        "cmph": 0.007480752194886754,
        "cmps": 0.06669841412344853
    },
    "34": {
        "cmph": 0.01444229748822847,
        "cmps": 0.07554501033741483
    },
    "35": {
        "cmph": 0.023413461148017727,
        "cmps": 0.07564857652854962
    },
    "36": {
        "cmph": 1.0,
        "cmps": 0.06395403087386395
    },
    "37": {
        "cmph": 1.0,
        "cmps": 0.059278381846324446
    },
    "38": {
        "cmph": 1.0,
        "cmps": 0.06756312184110756
    },
    "39": {
        "cmph": 1.0,
        "cmps": 0.06549361702375833
    },
    "40": {
        "cmph": 1.0,
        "cmps": 0.06087969876539627
    },
    "41": {
        "cmph": 1.0,
        "cmps": 0.05847499717215402
    },
    "42": {
        "cmph": 1.0,
        "cmps": 0.056268875015906016
    },
    "final": {
        "OverThreshold": 8,
        "Ratio": 19,
        "Frame": 42
    }
}