{
    "1": {
        "cmph": 0.1523242325915833,
        "cmps": 0.09290807240384363
    },
    "2": {
        "cmph": 0.19027423756647988,
        "cmps": 0.10040603565766607
    },
    "3": {
        "cmph": 0.1695663328303476,
        "cmps": 0.10584531629265381
    },
    "4": {
        "cmph": 0.16077833555888743,
        "cmps": 0.10037018694027766
    },
    "5": {
        "cmph": 0.10769322962812908,
        "cmps": 0.0828373575769472
    },
    "6": {
        "cmph": 0.07701329288758982,
        "cmps": 0.08190188827889738
    },
    "7": {
        "cmph": 0.07587714488660766,
        "cmps": 0.06770649047324204
    },
    "8": {
        "cmph": 0.15417962942822386,
        "cmps": 0.06902607877665833
    },
    "9": {
        "cmph": 0.19092933891812688,
        "cmps": 0.06677618700125452
    },
    "10": {
        "cmph": 0.17607255913464748,
        "cmps": 0.07030362690152718
    },
    "11": {
        "cmph": 0.19075657951706632,
        "cmps": 0.06640480602638221
    },
    "12": {
        "cmph": 0.15200656946967991,
        "cmps": 0.08093531431464764
    },
    "13": {
        "cmph": 0.11265192796741669,
        "cmps": 0.07408865759654187
    },
    "14": {
        "cmph": 0.1710127972739461,
        "cmps": 0.06709756728432782
    },
    "15": {
        "cmph": 0.1872768616294416,
        "cmps": 0.06736216873220927
    },
    "16": {
        "cmph": 0.17977747431269117,
        "cmps": 0.06108129817914763
    },
    "17": {
        "cmph": 0.14604957381170713,
        "cmps": 0.061655399818086494
    },
    "18": {
        "cmph": 0.13543526174215664,
        "cmps": 0.06752057794654566
    },
    "19": {
        "cmph": 0.1739341593718425,
        "cmps": 0.06109136394941934
    },
    "20": {
        "cmph": 0.2086220049212663,
        "cmps": 0.07030102462116862
    },
    "21": {
        "cmph": 0.2675471977823194,
        "cmps": 0.07094297773151248
    },
    "22": {
        "cmph": 0.292976913294559,
        "cmps": 0.0759855358916302
    },
    "23": {
        "cmph": 0.2713240531527207,
        "cmps": 0.08894571369267511
    },
    "24": {
        "cmph": 0.2561977751679215,
        "cmps": 0.11604478299988724
    },
    "25": {
        "cmph": 0.2339352670402551,
        "cmps": 0.12478068057632395
    },
    "26": {
        "cmph": 0.2262945827281961,
        "cmps": 0.15376073643245108
    },
    "27": {
        "cmph": 0.12990468824117346,
        "cmps": 0.14491435994630866
    },
    "28": {
        "cmph": 0.020755961640126157,
        "cmps": 0.10172749933809878
    },
    "29": {
        "cmph": 0.020861923946741658,
        "cmps": 0.10866558898646418
    },
    "30": {
        "cmph": 0.025212708306925916,
        "cmps": 0.11255001048177397
    },
    "31": {
        "cmph": 1.0,
        "cmps": 0.10110015089989291
    },
    "32": {
        "cmph": 0.0342710318703225,
        "cmps": 0.08815602231082989
    },
    "33": {
        "cmph": 0.015628949830445,
        "cmps": 0.08469726073191544
    },
    "34": {
        "cmph": 0.02944659731968798,
        "cmps": 0.10053343026784034
    },
    "final": {
        "OverThreshold": 21,
        "Ratio": 61,
        "Frame": 34
    }
}