{
    "1": {
        "cmph": 0.02101567320280681,
        "cmps": 0.026147031739974628
    },
    "2": {
        "cmph": 0.0023784100720509035,
        "cmps": 0.027941534022963246
    },
    "3": {
        "cmph": 0.0002092067668220065,
        "cmps": 0.03141202083048473
    },
    "4": {
        "cmph": 0.002160568797210571,
        "cmps": 0.026881145169814175
    },
    "5": {
        "cmph": 0.008456394970667375,
        "cmps": 0.022368157924504944
    },
    "6": {
        "cmph": 0.008900097635255804,
        "cmps": 0.02123055974437376
    },
    "7": {
        "cmph": 0.000379694055714606,
        "cmps": 0.017852914921451322
    },
    "8": {
        "cmph": 0.004168927435381569,
        "cmps": 0.020605956762749327
    },
    "9": {
        "cmph": 0.006000607216571937,
        "cmps": 0.019534027460730373
    },
    "10": {
        "cmph": 0.008506836364627995,
        "cmps": 0.02158271972353288
    },
    "11": {
        "cmph": 0.0037714171749429113,
        "cmps": 0.019713849111099836
    },
    "12": {
        "cmph": 0.007392921980328446,
        "cmps": 0.023631413645321134
    },
    "13": {
        "cmph": 0.007670045916458222,
        "cmps": 0.024667952618649572
    },
    "14": {
        "cmph": 0.0029585450793420177,
        "cmps": 0.022055746597054095
    },
    "15": {
        "cmph": 0.002489935744232231,
        "cmps": 0.024821338471883787
    },
    "16": {
        "cmph": 0.0007637525267853177,
        "cmps": 0.024827223668531757
    },
    "17": {
        "cmph": 0.0024651346944028754,
        "cmps": 0.02680218411899036
    },
    "18": {
        "cmph": 0.003417872218972699,
        "cmps": 0.026307561760251147
    },
    "19": {
        "cmph": 0.0046858984512697845,
        "cmps": 0.024941666475039214
    },
    "20": {
        "cmph": 0.0060694796285123,
        "cmps": 0.02698976404143538
    },
    "21": {
        "cmph": 0.0021442341156780215,
        "cmps": 0.02586767573217075
    },
    "22": {
        "cmph": 0.002931132189827318,
        "cmps": 0.027479247823356066
    },
    "23": {
        "cmph": 0.0003916526862321574,
        "cmps": 0.028666085136363647
    },
    "24": {
        "cmph": 0.006318234379749034,
        "cmps": 0.032231271772882895
    },
    "25": {
        "cmph": 0.007218750531616727,
        "cmps": 0.0347696792750811
    },
    "26": {
        "cmph": 0.007796641735684743,
        "cmps": 0.03808836621799793
    },
    "27": {
        "cmph": 0.01764097712766592,
        "cmps": 0.03951883266530443
    },
    "28": {
        "cmph": 0.009852094916107234,
        "cmps": 0.02622964459611061
    },
    "29": {
        "cmph": 0.009149795632026793,
        "cmps": 0.024975723701637382
    },
    "30": {
        "cmph": 0.01299404346536896,
        "cmps": 0.029073249020753873
    },
    "31": {
        "cmph": 1.0,
        "cmps": 0.031684446837315125
    },
    "32": {
        "cmph": 0.014017741229032455,
        "cmps": 0.03244656362554366
    },
    "33": {
        "cmph": 0.006522366450459135,
        "cmps": 0.03421727421103525
    },
    "34": {
        "cmph": 0.013154346467833096,
        "cmps": 0.03810359146337443
    },
    "35": {
        "cmph": 0.020784608330622248,
        "cmps": 0.03727008780392273
    },
    "36": {
        "cmph": 1.0,
        "cmps": 0.03295181380025901
    },
    "37": {
        "cmph": 1.0,
        "cmps": 0.0363205735985381
    },
    "38": {
        "cmph": 1.0,
        "cmps": 0.15161408447671018
    },
    "39": {
        "cmph": 1.0,
        "cmps": 0.14099478381967454
    },
    "40": {
        "cmph": 1.0,
        "cmps": 0.12003666696371129
    },
    "final": {
        "OverThreshold": 6,
        "Ratio": 15,
        "Frame": 40
    }
}