{
    "1": {
        "cmph": 0.014489760369141584,
        "cmps": 0.06741814121826048
    },
    "2": {
        "cmph": 0.01437885549791808,
        "cmps": 0.06349697584568526
    },
    "3": {
        "cmph": 0.01384355527662475,
        "cmps": 0.07481486051673204
    },
    "4": {
        "cmph": 0.014179182584073342,
        "cmps": 0.06434072262041303
    },
    "5": {
        "cmph": 0.012674065452062002,
        "cmps": 0.0481731406705335
    },
    "6": {
        "cmph": 0.013864788316454497,
        "cmps": 0.04949576620688405
    },
    "7": {
        "cmph": 0.013353184566600895,
        "cmps": 0.044469330401656695
    },
    "8": {
        "cmph": 0.012910680806768582,
        "cmps": 0.049871856845150254
    },
    "9": {
        "cmph": 0.013055957048799771,
        "cmps": 0.0497831397464524
    },
    "10": {
        "cmph": 0.014143721950729406,
        "cmps": 0.055425367626414125
    },
    "11": {
        "cmph": 0.014712140489228016,
        "cmps": 0.05720974447842994
    },
    "12": {
        "cmph": 0.014574923655043355,
        "cmps": 0.06463593115865822
    },
    "13": {
        "cmph": 0.012312002407668098,
        "cmps": 0.06372522362851071
    },
    "14": {
        "cmph": 0.022241071797210726,
        "cmps": 0.06263948795034734
    },
    "15": {
        "cmph": 0.017886438500072727,
        "cmps": 0.06725883246056528
    },
    "16": {
        "cmph": 0.031583805189272146,
        "cmps": 0.06523654233131325
    },
    "17": {
        "cmph": 0.012088664241521678,
        "cmps": 0.05639264191578961
    },
    "18": {
        "cmph": 0.01365003839452531,
        "cmps": 0.06314286284380712
    },
    "19": {
        "cmph": 0.012173568829215773,
        "cmps": 0.05567990698292852
    },
    "20": {
        "cmph": 0.01286802516765193,
        "cmps": 0.055486409695705445
    },
    "21": {
        "cmph": 0.001117568227870557,
        "cmps": 0.050211287140157386
    },
    "22": {
        "cmph": 0.004412193330675544,
        "cmps": 0.04954702814713361
    },
    "23": {
        "cmph": 0.00605219695651211,
        "cmps": 0.05054512504378468
    },
    "24": {
        "cmph": 0.005546413985395061,
        "cmps": 0.06029845570695663
    },
    "25": {
        "cmph": 0.01155340371042372,
        "cmps": 0.06928062141196355
    },
    "26": {
        "cmph": 0.012947283567848054,
        "cmps": 0.08318252626031185
    },
    "27": {
        "cmph": 0.026238022719059662,
        "cmps": 0.07534973372141122
    },
    "28": {
        "cmph": 0.01492328030793234,
        "cmps": 0.05777927959800918
    },
    "29": {
        "cmph": 0.015193467649938867,
        "cmps": 0.0612411465572029
    },
    "30": {
        "cmph": 0.019622384109111615,
        "cmps": 0.06678966546167646
    },
    "31": {
        "cmph": 1.0,
        "cmps": 0.05623733410863019
    },
    "32": {
        "cmph": 0.023112530323003356,
        "cmps": 0.03649238716016063
    },
    "33": {
        "cmph": 0.008635087110634477,
        "cmps": 0.01936664731413823
    },
    "34": {
        "cmph": 0.017641337415271057,
        "cmps": 0.003039616763494941
    },
    "35": {
        "cmph": 0.028955088822213235,
        "cmps": 0.11732664636615489
    },
    "36": {
        "cmph": 1.0,
        "cmps": 0.10404965656069323
    },
    "37": {
        "cmph": 1.0,
        "cmps": 0.10507685836500136
    },
    "final": {
        "OverThreshold": 3,
        "Ratio": 8,
        "Frame": 37
    }
}