{
    "1": {
        "cmph": 0.014220972079066077,
        "cmps": 0.05060770644655921
    },
    "2": {
        "cmph": 0.013424763093098448,
        "cmps": 0.05119652789145387
    },
    "3": {
        "cmph": 0.013090119725719149,
        "cmps": 0.05923731208738424
    },
    "4": {
        "cmph": 0.012716037619856386,
        "cmps": 0.04955629699856168
    },
    "5": {
        "cmph": 0.011770278013246652,
        "cmps": 0.041765262189113445
    },
    "6": {
        "cmph": 0.01257242008499602,
        "cmps": 0.03804314297369818
    },
    "7": {
        "cmph": 0.012137495249456468,
        "cmps": 0.03422322166663504
    },
    "8": {
        "cmph": 0.012611112447372157,
        "cmps": 0.03963428023338889
    },
    "9": {
        "cmph": 0.01288991469283699,
        "cmps": 0.040061825910172905
    },
    "10": {
        "cmph": 0.01360812964070633,
        "cmps": 0.0459364643620206
    },
    "11": {
        "cmph": 0.013051481006282471,
        "cmps": 0.04324864001373979
    },
    "12": {
        "cmph": 0.01295974795110345,
        "cmps": 0.052528451064298716
    },
    "13": {
        "cmph": 0.013110833551607038,
        "cmps": 0.05428217151357766
    },
    "14": {
        "cmph": 0.012541351089555113,
        "cmps": 0.05651488485467788
    },
    "15": {
        "cmph": 0.013088710391799551,
        "cmps": 0.05758338624151843
    },
    "16": {
        "cmph": 0.013455863345842029,
        "cmps": 0.054967936807281854
    },
    "17": {
        "cmph": 0.013264044158855579,
        "cmps": 0.06165926600440537
    },
    "18": {
        "cmph": 0.0141536387321101,
        "cmps": 0.07044964177606564
    },
    "19": {
        "cmph": 0.013695024478608256,
        "cmps": 0.05499576867015937
    },
    "20": {
        "cmph": 0.013964626007928698,
        "cmps": 0.06271514408303804
    },
    "21": {
        "cmph": 0.0135426112581609,
        "cmps": 0.06274677880003778
    },
    "22": {
        "cmph": 0.013779935287171625,
        "cmps": 0.06070705307816656
    },
    "23": {
        "cmph": 0.012950147941177093,
        "cmps": 0.06647881675638062
    },
    "24": {
        "cmph": 0.01556755650061188,
        "cmps": 0.09412476243310514
    },
    "25": {
        "cmph": 0.012935614866141627,
        "cmps": 0.0919822957389984
    },
    "26": {
        "cmph": 0.013993875999246693,
        "cmps": 0.10563934900848233
    },
    "27": {
        "cmph": 0.029950975181010843,
        "cmps": 0.10097559292724957
    },
    "28": {
        "cmph": 0.016516371440629844,
        "cmps": 0.0813904467965344
    },
    "29": {
        "cmph": 0.017120063446448695,
        "cmps": 0.07816750307201045
    },
    "30": {
        "cmph": 0.022057634838118356,
        "cmps": 0.0881059062191667
    },
    "31": {
        "cmph": 1.0,
        "cmps": 0.07227989989659388
    },
    "32": {
        "cmph": 0.026752840107993937,
        "cmps": 0.08896871173758249
    },
    "33": {
        "cmph": 0.012167455485036166,
        "cmps": 0.08075039770568591
    },
    "34": {
        "cmph": 0.022861197847481512,
        "cmps": 0.08590799029025804
    },
    "final": {
        "OverThreshold": 1,
        "Ratio": 2,
        "Frame": 34
    }
}