{
    "1": {
        "cmph": 0.19929877714699745,
        "cmps": 0.05120529394546434
    },
    "2": {
        "cmph": 0.22962369406037053,
        "cmps": 0.053116063345785995
    },
    "3": {
        "cmph": 0.22362412157390532,
        "cmps": 0.05682517018954891
    },
    "4": {
        "cmph": 0.4027860650251884,
        "cmps": 0.05649671269275073
    },
    "5": {
        "cmph": 0.29976270172128205,
        "cmps": 0.05258535506390692
    },
    "6": {
        "cmph": 0.04265359497061221,
        "cmps": 0.05386457483957461
    },
    "7": {
        "cmph": 0.06751544396688186,
        "cmps": 0.04636241073140055
    },
    "8": {
        "cmph": 0.07277975248949885,
        "cmps": 0.05581890650841819
    },
    "9": {
        "cmph": 0.09612857629438626,
        "cmps": 0.05614164213578305
    },
    "10": {
        "cmph": 0.05946294779841608,
        "cmps": 0.0568439234742685
    },
    "11": {
        "cmph": 0.08959291975106143,
        "cmps": 0.05258313343981126
    },
    "12": {
        "cmph": 0.07952354223216221,
        "cmps": 0.059545333327686654
    },
    "13": {
        "cmph": 0.07527743125428767,
        "cmps": 0.05528421659902924
    },
    "14": {
        "cmph": 0.10461619961010028,
        "cmps": 0.058005010317162764
    },
    "15": {
        "cmph": 0.1549422148821238,
        "cmps": 0.06294039778905491
    },
    "16": {
        "cmph": 0.13351325695634164,
        "cmps": 0.06750471719213771
    },
    "17": {
        "cmph": 0.14306671287418252,
        "cmps": 0.07483140045590725
    },
    "18": {
        "cmph": 0.07089153414995096,
        "cmps": 0.07983875123651174
    },
    "19": {
        "cmph": 0.12481178721256994,
        "cmps": 0.0750910754135893
    },
    "20": {
        "cmph": 0.08871803987006469,
        "cmps": 0.08118719294695584
    },
    "21": {
        "cmph": 0.09779119533517748,
        "cmps": 0.07764142885924354
    },
    "22": {
        "cmph": 0.09214811599107085,
        "cmps": 0.06962802498288537
    },
    "23": {
        "cmph": 0.07506603520541726,
        "cmps": 0.07506660602589188
    },
    "24": {
        "cmph": 0.028193297698810894,
        "cmps": 0.08591986357103272
    },
    "25": {
        "cmph": 0.029461489819228765,
        "cmps": 0.08809337346822645
    },
    "26": {
        "cmph": 0.15321502229285858,
        "cmps": 0.09303133113257749
    },
    "27": {
        "cmph": 0.17517658792283095,
        "cmps": 0.09799910657610399
    },
    "28": {
        "cmph": 0.018155753080991748,
        "cmps": 0.07973428946446065
    },
    "29": {
        "cmph": 0.017260439074374728,
        "cmps": 0.07823417151391909
    },
    "30": {
        "cmph": 0.02476314639949492,
        "cmps": 0.09436190642930596
    },
    "31": {
        "cmph": 1.0,
        "cmps": 0.08661622167540232
    },
    "32": {
        "cmph": 0.028441995354001857,
        "cmps": 0.10109986907342418
    },
    "33": {
        "cmph": 0.013459110150315399,
        "cmps": 0.10579245811764626
    },
    "34": {
        "cmph": 0.028923117409146888,
        "cmps": 0.13383459812987436
    },
    "35": {
        "cmph": 0.0430499632788584,
        "cmps": 0.13197509849947073
    },
    "36": {
        "cmph": 1.0,
        "cmps": 0.10803421715659213
    },
    "37": {
        "cmph": 1.0,
        "cmps": 0.09575515530083423
    },
    "38": {
        "cmph": 1.0,
        "cmps": 0.110106620141348
    },
    "39": {
        "cmph": 1.0,
        "cmps": 0.11140034455045418
    },
    "40": {
        "cmph": 1.0,
        "cmps": 0.11261260238888414
    },
    "41": {
        "cmph": 1.0,
        "cmps": 0.11454684238022952
    },
    "42": {
        "cmph": 1.0,
        "cmps": 0.09073522087940204
    },
    "43": {
        "cmph": 1.0,
        "cmps": 0.08940659226064056
    },
    "44": {
        "cmph": 1.0,
        "cmps": 0.10750934673046254
    },
    "45": {
        "cmph": 1.0,
        "cmps": 0.09529477691183239
    },
    "46": {
        "cmph": 1.0,
        "cmps": 0.11752473890887712
    },
    "47": {
        "cmph": 1.0,
        "cmps": 0.10222260968878681
    },
    "48": {
        "cmph": 1.0,
        "cmps": 0.09585473090701482
    },
    "49": {
        "cmph": 1.0,
        "cmps": 0.09548823678174277
    },
    "final": {
        "OverThreshold": 23,
        "Ratio": 46,
        "Frame": 49
    }
}