{
    "1": {
        "cmph": 0.14853628780332945,
        "cmps": 0.05516351388744165
    },
    "2": {
        "cmph": 0.15377127007189312,
        "cmps": 0.050672796562086446
    },
    "3": {
        "cmph": 0.15335898853926883,
        "cmps": 0.052428453133985094
    },
    "4": {
        "cmph": 0.09083728612033119,
        "cmps": 0.0484802362451862
    },
    "5": {
        "cmph": 0.14336829912247423,
        "cmps": 0.03844041144295516
    },
    "6": {
        "cmph": 0.11374068279008571,
        "cmps": 0.034823738451347605
    },
    "7": {
        "cmph": 0.11079230583632754,
        "cmps": 0.03059607766645825
    },
    "8": {
        "cmph": 0.09994155179947789,
        "cmps": 0.034100283768594405
    },
    "9": {
        "cmph": 0.14897336261976793,
        "cmps": 0.03354648715241626
    },
    "10": {
        "cmph": 0.13297480421096053,
        "cmps": 0.037207727171416405
    },
    "11": {
        "cmph": 0.071939642729648,
        "cmps": 0.03388659238984453
    },
    "final": {
        "OverThreshold": 2,
        "Ratio": 18,
        "Frame": 11
    }
}