{
    "1": {
        "cmph": 0.012040432314868184,
        "cmps": 0.03573242434824167
    },
    "2": {
        "cmph": 0.012134074153355162,
        "cmps": 0.04827260240094898
    },
    "3": {
        "cmph": 0.012597479230189229,
        "cmps": 0.05612846812089907
    },
    "4": {
        "cmph": 0.013755812222647913,
        "cmps": 0.039710219988186114
    },
    "5": {
        "cmph": 0.015213663414051573,
        "cmps": 0.03573672157739618
    },
    "6": {
        "cmph": 0.017847255604318706,
        "cmps": 0.017608092292548137
    },
    "7": {
        "cmph": 0.01476573941919206,
        "cmps": 0.0008973744400728611
    },
    "8": {
        "cmph": 0.01706363591421807,
        "cmps": 0.009068887801714371
    },
    "9": {
        "cmph": 0.016271126134270737,
        "cmps": 0.0017353284403313293
    },
    "10": {
        "cmph": 0.017270058025439735,
        "cmps": 0.0025782822613285433
    },
    "11": {
        "cmph": 0.01775600650128854,
        "cmps": 0.019782040355545507
    },
    "12": {
        "cmph": 0.018799265908617014,
        "cmps": 0.013395643782652653
    },
    "13": {
        "cmph": 0.020186330578482934,
        "cmps": 0.020712952405000207
    },
    "14": {
        "cmph": 0.02046898618075835,
        "cmps": 0.007470730743313644
    },
    "15": {
        "cmph": 0.024393862472423863,
        "cmps": 0.014220765632296626
    },
    "16": {
        "cmph": 0.024709386593235547,
        "cmps": 0.00552074736678253
    },
    "17": {
        "cmph": 0.028563430167072763,
        "cmps": 0.007073626189430182
    },
    "18": {
        "cmph": 0.029100816086201704,
        "cmps": 0.0040933467612362575
    },
    "19": {
        "cmph": 0.02649581309883522,
        "cmps": 0.0393513252353219
    },
    "20": {
        "cmph": 0.02184314621014595,
        "cmps": 0.017827646659039128
    },
    "21": {
        "cmph": 0.021423256910286806,
        "cmps": 0.001621285108576624
    },
    "22": {
        "cmph": 0.01957752408609152,
        "cmps": 0.0038110691760958686
    },
    "23": {
        "cmph": 0.017160499916897054,
        "cmps": 0.006879985464702581
    },
    "24": {
        "cmph": 0.01866364471025091,
        "cmps": 0.07770112923615444
    },
    "25": {
        "cmph": 0.013267607748887227,
        "cmps": 0.07716372682236983
    },
    "26": {
        "cmph": 0.01578229762312243,
        "cmps": 0.12039358365508618
    },
    "27": {
        "cmph": 0.031125077933035605,
        "cmps": 0.15993136341040812
    },
    "28": {
        "cmph": 0.019510116338016636,
        "cmps": 0.10640145790484219
    },
    "29": {
        "cmph": 0.019124630502495906,
        "cmps": 0.17993321929497386
    },
    "30": {
        "cmph": 0.02740041738539299,
        "cmps": 0.3214219950228304
    },
    "31": {
        "cmph": 1.0,
        "cmps": 0.29860291790972093
    },
    "32": {
        "cmph": 0.03699617370779839,
        "cmps": 0.5216334663212068
    },
    "33": {
        "cmph": 0.015836713616520854,
        "cmps": 0.6673173843730972
    },
    "final": {
        "OverThreshold": 1,
        "Ratio": 3,
        "Frame": 33
    }
}