{
    "1": {
        "cmph": 0.010472102317795794,
        "cmps": 0.053026367982717496
    },
    "2": {
        "cmph": 0.2666362472195368,
        "cmps": 0.05828886334515047
    },
    "3": {
        "cmph": 0.41749409688538786,
        "cmps": 0.06650434208668207
    },
    "4": {
        "cmph": 0.34256514946721794,
        "cmps": 0.0595028098134885
    },
    "5": {
        "cmph": 0.45908105955706346,
        "cmps": 0.049087123115279796
    },
    "6": {
        "cmph": 0.43637116676466736,
        "cmps": 0.04714835338976702
    },
    "7": {
        "cmph": 0.3685205621578028,
        "cmps": 0.04114951121975364
    },
    "8": {
        "cmph": 0.4764787803027916,
        "cmps": 0.048692605360737794
    },
    "9": {
        "cmph": 0.4625143053483724,
        "cmps": 0.048730922144508804
    },
    "10": {
        "cmph": 0.3130623675705829,
        "cmps": 0.053090022942162654
    },
    "11": {
        "cmph": 0.3299864204473,
        "cmps": 0.05047509702537853
    },
    "12": {
        "cmph": 0.31283258528827096,
        "cmps": 0.057785603399772435
    },
    "13": {
        "cmph": 0.33657391966762595,
        "cmps": 0.058367624884503554
    },
    "14": {
        "cmph": 0.2807582192544807,
        "cmps": 0.055151845781948955
    },
    "15": {
        "cmph": 0.24473389499752612,
        "cmps": 0.05443611072819785
    },
    "16": {
        "cmph": 0.20388456128099092,
        "cmps": 0.05600394200136331
    },
    "17": {
        "cmph": 0.04869108563790197,
        "cmps": 0.06072488536251954
    },
    "18": {
        "cmph": 0.012890642129083424,
        "cmps": 0.06531229790746391
    },
    "19": {
        "cmph": 0.026997738043301505,
        "cmps": 0.05474277521869725
    },
    "20": {
        "cmph": 0.054125973245094605,
        "cmps": 0.060268770241009566
    },
    "21": {
        "cmph": 0.07521604589278366,
        "cmps": 0.05891454684583363
    },
    "22": {
        "cmph": 0.06091023875214595,
        "cmps": 0.06030515488396506
    },
    "23": {
        "cmph": 0.0075135811631283226,
        "cmps": 0.06283196019643744
    },
    "24": {
        "cmph": 0.01632120828573694,
        "cmps": 0.08338971250080061
    },
    "25": {
        "cmph": 0.08811351104571073,
        "cmps": 0.09461374230059223
    },
    "26": {
        "cmph": 0.12927946084818737,
        "cmps": 0.10865463745078333
    },
    "27": {
        "cmph": 0.07703376468661194,
        "cmps": 0.09850648561160433
    },
    "28": {
        "cmph": 0.013485689966072209,
        "cmps": 0.081097198047056
    },
    "29": {
        "cmph": 0.013080090491904764,
        "cmps": 0.07796828863340481
    },
    "30": {
        "cmph": 0.017314783918583286,
        "cmps": 0.08805979853752492
    },
    "31": {
        "cmph": 1.0,
        "cmps": 0.0802462896198462
    },
    "32": {
        "cmph": 0.02214260437060771,
        "cmps": 0.0881558365691371
    },
    "33": {
        "cmph": 0.009612470472528424,
        "cmps": 0.08669976264579546
    },
    "34": {
        "cmph": 0.019247764433266947,
        "cmps": 0.09200327213827597
    },
    "35": {
        "cmph": 0.02900707556451775,
        "cmps": 0.09211309883526517
    },
    "36": {
        "cmph": 1.0,
        "cmps": 0.07505315052471455
    },
    "37": {
        "cmph": 1.0,
        "cmps": 0.06828963102822218
    },
    "38": {
        "cmph": 1.0,
        "cmps": 0.07448413645577237
    },
    "39": {
        "cmph": 1.0,
        "cmps": 0.07194257356813566
    },
    "40": {
        "cmph": 1.0,
        "cmps": 0.06399572843480163
    },
    "41": {
        "cmph": 1.0,
        "cmps": 0.06352365621350273
    },
    "42": {
        "cmph": 1.0,
        "cmps": 0.06474831211695721
    },
    "43": {
        "cmph": 1.0,
        "cmps": 0.0732123884411539
    },
    "44": {
        "cmph": 1.0,
        "cmps": 0.07627553591908502
    },
    "45": {
        "cmph": 1.0,
        "cmps": 0.07114525072501826
    },
    "46": {
        "cmph": 1.0,
        "cmps": 0.06891617894264583
    },
    "47": {
        "cmph": 1.0,
        "cmps": 0.06807354386871177
    },
    "48": {
        "cmph": 1.0,
        "cmps": 0.06637168369443298
    },
    "49": {
        "cmph": 1.0,
        "cmps": 0.06528910695515609
    },
    "50": {
        "cmph": 1.0,
        "cmps": 0.06155003783382818
    },
    "51": {
        "cmph": 1.0,
        "cmps": 0.051724936065306926
    },
    "52": {
        "cmph": 1.0,
        "cmps": 0.06067967895878534
    },
    "53": {
        "cmph": 1.0,
        "cmps": 0.0606602571025261
    },
    "54": {
        "cmph": 1.0,
        "cmps": 0.06847007560577965
    },
    "55": {
        "cmph": 1.0,
        "cmps": 0.07642704029229308
    },
    "56": {
        "cmph": 1.0,
        "cmps": 0.0729372821290849
    },
    "57": {
        "cmph": 1.0,
        "cmps": 0.08102027668607226
    },
    "58": {
        "cmph": 1.0,
        "cmps": 0.08298878362367583
    },
    "59": {
        "cmph": 1.0,
        "cmps": 0.07349167664063895
    },
    "final": {
        "OverThreshold": 12,
        "Ratio": 20,
        "Frame": 59
    }
}