{
    "1": {
        "cmph": 0.01703192740312894,
        "cmps": 0.060331756766259174
    },
    "2": {
        "cmph": 0.01703978440359512,
        "cmps": 0.06464971245522219
    },
    "3": {
        "cmph": 0.015825470483583938,
        "cmps": 0.07033654455975553
    },
    "4": {
        "cmph": 0.013372278268419836,
        "cmps": 0.06530877360671257
    },
    "5": {
        "cmph": 0.012137787083889247,
        "cmps": 0.057868284626327295
    },
    "6": {
        "cmph": 0.01149159885775416,
        "cmps": 0.05511114721111287
    },
    "7": {
        "cmph": 0.011790272373261442,
        "cmps": 0.05081431025729128
    },
    "8": {
        "cmph": 0.012783085115889135,
        "cmps": 0.06209508992437219
    },
    "9": {
        "cmph": 0.012427924328408382,
        "cmps": 0.06332457625320548
    },
    "10": {
        "cmph": 0.012638461436670984,
        "cmps": 0.06565301658447084
    },
    "11": {
        "cmph": 0.013248365982419479,
        "cmps": 0.06201138465792011
    },
    "12": {
        "cmph": 0.012511891841303253,
        "cmps": 0.06983974350413504
    },
    "13": {
        "cmph": 0.012160516536383802,
        "cmps": 0.06654935825001011
    },
    "14": {
        "cmph": 0.012308600694356714,
        "cmps": 0.0652179084489109
    },
    "15": {
        "cmph": 0.012515546428668256,
        "cmps": 0.06565633967010305
    },
    "16": {
        "cmph": 0.01374126677541575,
        "cmps": 0.06746489842432593
    },
    "17": {
        "cmph": 0.012527585646940955,
        "cmps": 0.06858796266807933
    },
    "18": {
        "cmph": 0.017060171837783106,
        "cmps": 0.07272333486525685
    },
    "19": {
        "cmph": 0.017572824502796177,
        "cmps": 0.06772904894332182
    },
    "20": {
        "cmph": 0.0175814860378855,
        "cmps": 0.06866150474476981
    },
    "final": {
        "OverThreshold": 0,
        "Ratio": 0,
        "Frame": 20
    }
}