{
    "1": {
        "cmph": 0.013802611436039267,
        "cmps": 0.0647360604369387
    },
    "2": {
        "cmph": 0.015901763828526073,
        "cmps": 0.0936563294918883
    },
    "3": {
        "cmph": 0.017179368979735734,
        "cmps": 0.09581998500965662
    },
    "4": {
        "cmph": 0.016560535063784153,
        "cmps": 0.07756208079519966
    },
    "5": {
        "cmph": 0.01367325729655856,
        "cmps": 0.062220012636362204
    },
    "6": {
        "cmph": 0.015123017265329605,
        "cmps": 0.05771098488013137
    },
    "7": {
        "cmph": 0.013888553996873065,
        "cmps": 0.048501249415482554
    },
    "8": {
        "cmph": 0.013561598776112118,
        "cmps": 0.058531047532932666
    },
    "9": {
        "cmph": 0.013781654525084279,
        "cmps": 0.061187729106090945
    },
    "10": {
        "cmph": 0.013870966757851056,
        "cmps": 0.06797953052687795
    },
    "11": {
        "cmph": 0.015606140518541985,
        "cmps": 0.0627932715249531
    },
    "12": {
        "cmph": 0.016255474611662886,
        "cmps": 0.07543621956244631
    },
    "13": {
        "cmph": 0.01561549423523408,
        "cmps": 0.06989224354914045
    },
    "14": {
        "cmph": 0.014795657806923327,
        "cmps": 0.06814341313974628
    },
    "15": {
        "cmph": 0.014467759896772917,
        "cmps": 0.06953893437007741
    },
    "final": {
        "OverThreshold": 0,
        "Ratio": 0,
        "Frame": 15
    }
}