{
    "1": {
        "cmph": 0.026498895816550926,
        "cmps": 0.0771377908144231
    },
    "2": {
        "cmph": 0.02010440304578037,
        "cmps": 0.0787402599551454
    },
    "3": {
        "cmph": 0.0623022335945816,
        "cmps": 0.08972878799093024
    },
    "4": {
        "cmph": 0.1348651783135906,
        "cmps": 0.08091476652175557
    },
    "5": {
        "cmph": 0.14227534533853164,
        "cmps": 0.06281969441668724
    },
    "6": {
        "cmph": 0.1010260355069089,
        "cmps": 0.049561486768705455
    },
    "7": {
        "cmph": 0.040134812149372104,
        "cmps": 0.046753152021142594
    },
    "8": {
        "cmph": 0.033203097070134115,
        "cmps": 0.060936426482023985
    },
    "9": {
        "cmph": 0.02301494221489937,
        "cmps": 0.06078883083540114
    },
    "10": {
        "cmph": 0.02955735358650682,
        "cmps": 0.06769126859242681
    },
    "11": {
        "cmph": 0.013569153362828323,
        "cmps": 0.06459589559915271
    },
    "12": {
        "cmph": 0.024065380185108225,
        "cmps": 0.07846670611978192
    },
    "13": {
        "cmph": 0.0057775968364872626,
        "cmps": 0.07100880154444124
    },
    "14": {
        "cmph": 0.00512410253913523,
        "cmps": 0.06559692853038208
    },
    "15": {
        "cmph": 0.005635328857979126,
        "cmps": 0.054684679491453184
    },
    "16": {
        "cmph": 0.01634824655874711,
        "cmps": 0.05547061111989872
    },
    "17": {
        "cmph": 0.013101096439486414,
        "cmps": 0.05590486560901191
    },
    "18": {
        "cmph": 0.02837656883490654,
        "cmps": 0.06932404381938144
    },
    "19": {
        "cmph": 0.0775872121898686,
        "cmps": 0.0698840898807194
    },
    "20": {
        "cmph": 0.058356554119997676,
        "cmps": 0.07003140475538347
    },
    "21": {
        "cmph": 0.07094182881561878,
        "cmps": 0.06878524625306093
    },
    "22": {
        "cmph": 0.09557076024457051,
        "cmps": 0.0679143733862124
    },
    "23": {
        "cmph": 0.1029005353421731,
        "cmps": 0.06857253901792366
    },
    "24": {
        "cmph": 0.10975638953574228,
        "cmps": 0.08131424026132741
    },
    "25": {
        "cmph": 0.045836692078441085,
        "cmps": 0.08512035898550378
    },
    "26": {
        "cmph": 0.05459325264742396,
        "cmps": 0.10725671588071178
    },
    "27": {
        "cmph": 0.0352974652664672,
        "cmps": 0.10359542206446601
    },
    "28": {
        "cmph": 0.012121439539950271,
        "cmps": 0.07793284318635939
    },
    "29": {
        "cmph": 0.01272463452793086,
        "cmps": 0.08937136289940738
    },
    "30": {
        "cmph": 0.016455189476188466,
        "cmps": 0.10321187504604985
    },
    "31": {
        "cmph": 1.0,
        "cmps": 0.09528255795042934
    },
    "32": {
        "cmph": 0.021983318110840703,
        "cmps": 0.09001360297395987
    },
    "final": {
        "OverThreshold": 21,
        "Ratio": 65,
        "Frame": 32
    }
}