{
    "1": {
        "cmph": 0.10112884282695209,
        "cmps": 0.05346414437018397
    },
    "2": {
        "cmph": 0.16367670550629643,
        "cmps": 0.055806167118281104
    },
    "3": {
        "cmph": 0.167824879512964,
        "cmps": 0.05897388996317903
    },
    "4": {
        "cmph": 0.07024332282010519,
        "cmps": 0.04754408537395734
    },
    "5": {
        "cmph": 0.05864831750600609,
        "cmps": 0.03758593333086565
    },
    "6": {
        "cmph": 0.07930330163745684,
        "cmps": 0.034319023484281334
    },
    "7": {
        "cmph": 0.05906708645088252,
        "cmps": 0.0297558312795634
    },
    "8": {
        "cmph": 0.04489180662031761,
        "cmps": 0.03484830784621009
    },
    "9": {
        "cmph": 0.06359867999211422,
        "cmps": 0.03735107582879873
    },
    "10": {
        "cmph": 0.08080680130638722,
        "cmps": 0.0418740455595879
    },
    "11": {
        "cmph": 0.06546914088535202,
        "cmps": 0.03634861110347445
    },
    "12": {
        "cmph": 0.006852082062421327,
        "cmps": 0.04102822154617766
    },
    "final": {
        "OverThreshold": 2,
        "Ratio": 16,
        "Frame": 12
    }
}