{
    "1": {
        "cmph": 0.003906828905708745,
        "cmps": 0.10510913070714636
    },
    "2": {
        "cmph": 0.004418331305236154,
        "cmps": 0.16104154058339257
    },
    "3": {
        "cmph": 0.12544432277937254,
        "cmps": 0.16500047061031944
    },
    "4": {
        "cmph": 0.06459827186962837,
        "cmps": 0.16971644162369365
    },
    "5": {
        "cmph": 0.04367651496879645,
        "cmps": 0.13817461561326355
    },
    "6": {
        "cmph": 0.011591460230195198,
        "cmps": 0.08386712046804533
    },
    "7": {
        "cmph": 0.015466236503731199,
        "cmps": 0.002621459367101043
    },
    "final": {
        "OverThreshold": 0,
        "Ratio": 0,
        "Frame": 7
    }
}