{
    "1": {
        "cmph": 0.01937782978100067,
        "cmps": 0.06662668350166734
    },
    "2": {
        "cmph": 0.01775761817668451,
        "cmps": 0.06142325789018285
    },
    "3": {
        "cmph": 0.018171028756386255,
        "cmps": 0.06774427711718288
    },
    "4": {
        "cmph": 0.016688480516164998,
        "cmps": 0.055609735388531506
    },
    "5": {
        "cmph": 0.015091801040908293,
        "cmps": 0.04560813180533107
    },
    "6": {
        "cmph": 0.01616003983239789,
        "cmps": 0.04101407540470834
    },
    "7": {
        "cmph": 0.015369456049584661,
        "cmps": 0.03702185420653289
    },
    "8": {
        "cmph": 0.015657149708605076,
        "cmps": 0.0444578476461937
    },
    "9": {
        "cmph": 0.015046108448568829,
        "cmps": 0.04592241162480308
    },
    "10": {
        "cmph": 0.015977245787398037,
        "cmps": 0.051044097564379526
    },
    "11": {
        "cmph": 0.015172946207772408,
        "cmps": 0.05148732430034886
    },
    "12": {
        "cmph": 0.014295557642952334,
        "cmps": 0.06118069750464574
    },
    "13": {
        "cmph": 0.014446346771946204,
        "cmps": 0.06343151908222608
    },
    "14": {
        "cmph": 0.014147522053520543,
        "cmps": 0.06280632274187092
    },
    "15": {
        "cmph": 0.014461626790343083,
        "cmps": 0.06641851671917294
    },
    "16": {
        "cmph": 0.015199415298753311,
        "cmps": 0.06616838622259337
    },
    "17": {
        "cmph": 0.014446451741577094,
        "cmps": 0.06866929865370501
    },
    "18": {
        "cmph": 0.016172897962032383,
        "cmps": 0.07786154274937548
    },
    "19": {
        "cmph": 0.015001244241100947,
        "cmps": 0.06758005850169849
    },
    "20": {
        "cmph": 0.015328481117932117,
        "cmps": 0.07500347344487765
    },
    "21": {
        "cmph": 0.015598057068395696,
        "cmps": 0.07416948217739568
    },
    "22": {
        "cmph": 0.014735471666844954,
        "cmps": 0.07321700186414172
    },
    "23": {
        "cmph": 0.012941059290245133,
        "cmps": 0.07705554620087633
    },
    "24": {
        "cmph": 0.01486178441553544,
        "cmps": 0.10096182435365571
    },
    "25": {
        "cmph": 0.011639434381248157,
        "cmps": 0.09875003688269439
    },
    "26": {
        "cmph": 0.01209704629986137,
        "cmps": 0.11170359231036682
    },
    "27": {
        "cmph": 0.026265225455591217,
        "cmps": 0.1063333094720624
    },
    "28": {
        "cmph": 0.01509496168938663,
        "cmps": 0.08045042385725117
    },
    "29": {
        "cmph": 0.015270077252819347,
        "cmps": 0.08380712406130199
    },
    "30": {
        "cmph": 0.02065697073896022,
        "cmps": 0.095169518021264
    },
    "31": {
        "cmph": 1.0,
        "cmps": 0.09291287171113158
    },
    "32": {
        "cmph": 0.025107896314826763,
        "cmps": 0.09937677180716417
    },
    "final": {
        "OverThreshold": 1,
        "Ratio": 3,
        "Frame": 32
    }
}