{
    "1": {
        "cmph": 0.5248945405771714,
        "cmps": 0.06850299093722433
    },
    "2": {
        "cmph": 0.7589385498453219,
        "cmps": 0.42959238478584466
    },
    "3": {
        "cmph": 0.8388893617392784,
        "cmps": 0.5388701001332021
    },
    "4": {
        "cmph": 0.8102943787726226,
        "cmps": 0.6679683914258642
    },
    "5": {
        "cmph": 0.7453536586017163,
        "cmps": 0.6786313249813222
    },
    "6": {
        "cmph": 0.7589966507719248,
        "cmps": 0.6936622918904483
    },
    "7": {
        "cmph": 0.7428014031501536,
        "cmps": 0.5992271725171677
    },
    "final": {
        "OverThreshold": 7,
        "Ratio": 100,
        "Frame": 7
    }
}