{
    "1": {
        "cmph": 0.03761590133920964,
        "cmps": 0.19156817710334165
    },
    "2": {
        "cmph": 0.036610795527311404,
        "cmps": 0.1683556043907224
    },
    "3": {
        "cmph": 0.037657258707181444,
        "cmps": 0.0029122991998856832
    },
    "4": {
        "cmph": 0.018510242972384378,
        "cmps": 0.008140508459663381
    },
    "5": {
        "cmph": 0.03579710101409641,
        "cmps": 0.0667808882521163
    },
    "6": {
        "cmph": 0.04826364587303745,
        "cmps": 0.032101586927702624
    },
    "7": {
        "cmph": 0.04932826018095208,
        "cmps": 0.07496963606845689
    },
    "final": {
        "OverThreshold": 0,
        "Ratio": 0,
        "Frame": 7
    }
}