{
    "1": {
        "cmph": 0.03324308480183431,
        "cmps": 0.15059721542489074
    },
    "2": {
        "cmph": 0.035962445068204875,
        "cmps": 0.14832232998487496
    },
    "3": {
        "cmph": 0.039761272146204736,
        "cmps": 0.14554631436660365
    },
    "4": {
        "cmph": 0.037533200145023114,
        "cmps": 0.12179508030637817
    },
    "5": {
        "cmph": 0.033941447691073455,
        "cmps": 0.12612556874812075
    },
    "6": {
        "cmph": 0.036314041342412916,
        "cmps": 0.11565804038639785
    },
    "7": {
        "cmph": 0.03454179129476905,
        "cmps": 0.11788783547853472
    },
    "8": {
        "cmph": 0.03335557536264586,
        "cmps": 0.12613035480751938
    },
    "9": {
        "cmph": 0.03288653857630597,
        "cmps": 0.13440443801766286
    },
    "10": {
        "cmph": 0.03172774089121814,
        "cmps": 0.14004606184161372
    },
    "11": {
        "cmph": 0.0335029725474778,
        "cmps": 0.14863688181344342
    },
    "12": {
        "cmph": 0.03332659806217519,
        "cmps": 0.15230198818769322
    },
    "13": {
        "cmph": 0.03165487905517556,
        "cmps": 0.14025959811787328
    },
    "14": {
        "cmph": 0.032442852365516604,
        "cmps": 0.13259389184720105
    },
    "15": {
        "cmph": 0.02948920768462042,
        "cmps": 0.1259497526657021
    },
    "final": {
        "OverThreshold": 0,
        "Ratio": 0,
        "Frame": 15
    }
}