{
    "1": {
        "cmph": 0.3726581992471047,
        "cmps": 0.02616491846355796
    },
    "2": {
        "cmph": 0.5251740850860265,
        "cmps": 0.3102452846365566
    },
    "3": {
        "cmph": 0.6798401855107273,
        "cmps": 0.39251289275393714
    },
    "4": {
        "cmph": 0.6568727099193841,
        "cmps": 0.543670099691113
    },
    "5": {
        "cmph": 0.41942245439227527,
        "cmps": 0.5733519461065805
    },
    "6": {
        "cmph": 0.45865939285588686,
        "cmps": 0.5336768651732913
    },
    "final": {
        "OverThreshold": 6,
        "Ratio": 100,
        "Frame": 6
    }
}