{
    "1": {
        "cmph": 0.6068608814487536,
        "cmps": 0.44120958287922735
    },
    "2": {
        "cmph": 0.48813182835454455,
        "cmps": 0.3128257961396404
    },
    "3": {
        "cmph": 0.49338798160051006,
        "cmps": 0.3221577786864811
    },
    "4": {
        "cmph": 0.7112155352664338,
        "cmps": 0.047108213815668654
    },
    "5": {
        "cmph": 0.6983446659084211,
        "cmps": 0.006095824494587017
    },
    "6": {
        "cmph": 0.7746239268056667,
        "cmps": 0.0033844864503770437
    },
    "7": {
        "cmph": 0.7614614605622342,
        "cmps": 0.00194524418727009
    },
    "8": {
        "cmph": 0.7772198812609563,
        "cmps": 0.013157299069360629
    },
    "9": {
        "cmph": 0.7287207145565673,
        "cmps": 0.06776038150295895
    },
    "10": {
        "cmph": 0.7534455535331954,
        "cmps": 0.06758071915447039
    },
    "11": {
        "cmph": 0.26906231677446407,
        "cmps": 0.09615596659786901
    },
    "12": {
        "cmph": 0.22492622342135288,
        "cmps": 0.09317451141907741
    },
    "13": {
        "cmph": 0.22718254706560131,
        "cmps": 0.07923769620589
    },
    "14": {
        "cmph": 0.21911508818061706,
        "cmps": 0.05329827361215634
    },
    "15": {
        "cmph": 0.21469848650798767,
        "cmps": 0.03708516221842444
    },
    "16": {
        "cmph": 0.22308981209458317,
        "cmps": 0.02635780228394769
    },
    "17": {
        "cmph": 0.28404885916836264,
        "cmps": 0.04109046029972457
    },
    "18": {
        "cmph": 0.32594255178050274,
        "cmps": 0.03857027204433421
    },
    "19": {
        "cmph": 0.4232737675435293,
        "cmps": 0.000156749515620586
    },
    "20": {
        "cmph": 0.4956560636235098,
        "cmps": 0.023706952864411917
    },
    "21": {
        "cmph": 0.5505632432788744,
        "cmps": 0.056976914743445246
    },
    "22": {
        "cmph": 0.5897400110499759,
        "cmps": 0.15975322517005902
    },
    "23": {
        "cmph": 0.6047837480818807,
        "cmps": 0.17789779099080075
    },
    "24": {
        "cmph": 0.7377018643170848,
        "cmps": 0.28713248981476863
    },
    "25": {
        "cmph": 0.6519925467532176,
        "cmps": 0.4514395616606629
    },
    "26": {
        "cmph": 0.6289061640463082,
        "cmps": 0.5067467371715481
    },
    "27": {
        "cmph": 0.5760379064640786,
        "cmps": 0.47182665864378104
    },
    "28": {
        "cmph": 0.6490711947970854,
        "cmps": 0.42649039311529546
    },
    "29": {
        "cmph": 0.7014680942300993,
        "cmps": 0.44484817394218795
    },
    "30": {
        "cmph": 0.7447898891761882,
        "cmps": 0.4631956418596794
    },
    "31": {
        "cmph": 0.8573419682545408,
        "cmps": 0.4007849189186716
    },
    "32": {
        "cmph": 0.8615403958912253,
        "cmps": 0.47132691294589557
    },
    "final": {
        "OverThreshold": 32,
        "Ratio": 100,
        "Frame": 32
    }
}