{
    "1": {
        "cmph": 0.01985742297145883,
        "cmps": 0.10792488265425774
    },
    "2": {
        "cmph": 0.0182888098342104,
        "cmps": 0.09373710151179597
    },
    "3": {
        "cmph": 0.019170898916953397,
        "cmps": 0.09264541995139242
    },
    "4": {
        "cmph": 0.018155525922834065,
        "cmps": 0.0881855540005416
    },
    "5": {
        "cmph": 0.019769619883146367,
        "cmps": 0.0847926756804181
    },
    "6": {
        "cmph": 0.019980403556678815,
        "cmps": 0.0893105344475195
    },
    "7": {
        "cmph": 0.0206210732316613,
        "cmps": 0.09905665517032218
    },
    "8": {
        "cmph": 0.021433516194536237,
        "cmps": 0.10864267613056347
    },
    "9": {
        "cmph": 0.024576007816224897,
        "cmps": 0.11506989948986146
    },
    "10": {
        "cmph": 0.023843415896380237,
        "cmps": 0.11162266446504317
    },
    "11": {
        "cmph": 0.02239405105732662,
        "cmps": 0.13040988060129755
    },
    "12": {
        "cmph": 0.021267471079509107,
        "cmps": 0.12671974189923232
    },
    "13": {
        "cmph": 0.02067470819922803,
        "cmps": 0.13555145077089473
    },
    "14": {
        "cmph": 0.02196819855558042,
        "cmps": 0.12188193960061842
    },
    "15": {
        "cmph": 0.020695783191958465,
        "cmps": 0.10843809572067534
    },
    "16": {
        "cmph": 0.020895562569469672,
        "cmps": 0.10785575809214015
    },
    "17": {
        "cmph": 0.018975806831446045,
        "cmps": 0.10266364625136613
    },
    "18": {
        "cmph": 0.019911868446675855,
        "cmps": 0.10628065155488595
    },
    "19": {
        "cmph": 0.01928144896818313,
        "cmps": 0.11288528959599502
    },
    "20": {
        "cmph": 0.0199726026158887,
        "cmps": 0.12180885498605085
    },
    "21": {
        "cmph": 0.021293474534904145,
        "cmps": 0.12355241960001626
    },
    "22": {
        "cmph": 0.01949344699202558,
        "cmps": 0.12969197514135392
    },
    "23": {
        "cmph": 0.018297614541145594,
        "cmps": 0.14135981614002593
    },
    "24": {
        "cmph": 0.01822348292130681,
        "cmps": 0.14117674836060648
    },
    "25": {
        "cmph": 0.017731541447672618,
        "cmps": 0.12703827493750275
    },
    "26": {
        "cmph": 0.0175357740643952,
        "cmps": 0.12510021304415547
    },
    "27": {
        "cmph": 0.01732891240477725,
        "cmps": 0.11891643089986875
    },
    "28": {
        "cmph": 0.01780503249062122,
        "cmps": 0.12173038480146799
    },
    "29": {
        "cmph": 0.017738369432695234,
        "cmps": 0.12620975505154516
    },
    "30": {
        "cmph": 0.018518521152569613,
        "cmps": 0.12936121520001304
    },
    "31": {
        "cmph": 0.017909559679594768,
        "cmps": 0.1247859139265029
    },
    "32": {
        "cmph": 0.019222345411402292,
        "cmps": 0.11164604966360911
    },
    "final": {
        "OverThreshold": 0,
        "Ratio": 0,
        "Frame": 32
    }
}