{
    "1": {
        "cmph": 0.14946597443444234,
        "cmps": 0.13247221761599273
    },
    "2": {
        "cmph": 0.0036484134180053,
        "cmps": 0.17075528380264998
    },
    "3": {
        "cmph": 0.002044680460119477,
        "cmps": 0.1887407259736907
    },
    "4": {
        "cmph": 0.04590168089063285,
        "cmps": 0.19776849638214536
    },
    "5": {
        "cmph": 0.015518731523141534,
        "cmps": 0.1758521820102242
    },
    "6": {
        "cmph": 0.023363363014719075,
        "cmps": 0.1539225613355049
    },
    "7": {
        "cmph": 0.03309107794619723,
        "cmps": 0.13354266165480425
    },
    "final": {
        "OverThreshold": 0,
        "Ratio": 0,
        "Frame": 7
    }
}