{
    "1": {
        "cmph": 0.031510614859549875,
        "cmps": 0.11076660194898388
    },
    "2": {
        "cmph": 0.04275978103852082,
        "cmps": 0.1390520934367885
    },
    "3": {
        "cmph": 0.053080835876129155,
        "cmps": 0.1334557280948656
    },
    "4": {
        "cmph": 0.03263559094417555,
        "cmps": 0.1626718433628915
    },
    "5": {
        "cmph": 0.032019537498590295,
        "cmps": 0.1559847527597782
    },
    "6": {
        "cmph": 0.03284941183439276,
        "cmps": 0.16334306477546212
    },
    "7": {
        "cmph": 0.03185953803316462,
        "cmps": 0.1633417552701041
    },
    "final": {
        "OverThreshold": 0,
        "Ratio": 0,
        "Frame": 7
    }
}