{
    "1": {
        "cmph": 0.010799981624334598,
        "cmps": 0.09896288420332736
    },
    "2": {
        "cmph": 0.04368942612341855,
        "cmps": 0.10553278278383348
    },
    "3": {
        "cmph": 0.011140750424014207,
        "cmps": 0.11096229565288886
    },
    "4": {
        "cmph": 0.03303769276575918,
        "cmps": 0.10642068783185912
    },
    "5": {
        "cmph": 0.030042777370086787,
        "cmps": 0.10398088175045529
    },
    "6": {
        "cmph": 0.03944474506499169,
        "cmps": 0.11496238555526594
    },
    "7": {
        "cmph": 0.04008100774703643,
        "cmps": 0.10088729789295649
    },
    "final": {
        "OverThreshold": 0,
        "Ratio": 0,
        "Frame": 7
    }
}