{
    "1": {
        "cmph": 0.0182532128132878,
        "cmps": 0.06981298571954171
    },
    "2": {
        "cmph": 0.017025591252989664,
        "cmps": 0.053221019523991824
    },
    "3": {
        "cmph": 0.01739612924651964,
        "cmps": 0.049672148358881986
    },
    "4": {
        "cmph": 0.01784900650403692,
        "cmps": 0.05159929654566433
    },
    "5": {
        "cmph": 0.015684198770230178,
        "cmps": 0.047414081745361956
    },
    "6": {
        "cmph": 0.01537289441531296,
        "cmps": 0.04405933055973296
    },
    "7": {
        "cmph": 0.015058682906254133,
        "cmps": 0.042848197217127515
    },
    "8": {
        "cmph": 0.015085956985164198,
        "cmps": 0.04488724037364549
    },
    "9": {
        "cmph": 0.01545088189556025,
        "cmps": 0.050985817623199606
    },
    "10": {
        "cmph": 0.014842318747714883,
        "cmps": 0.04698010357935075
    },
    "11": {
        "cmph": 0.014462925000658367,
        "cmps": 0.049576862407101456
    },
    "12": {
        "cmph": 0.01391539714332065,
        "cmps": 0.047981753203202464
    },
    "13": {
        "cmph": 0.015983979952881845,
        "cmps": 0.04997381559006956
    },
    "14": {
        "cmph": 0.014746934263889885,
        "cmps": 0.047675619758870455
    },
    "15": {
        "cmph": 0.015585681039061425,
        "cmps": 0.04994276826930452
    },
    "16": {
        "cmph": 0.01866695037796198,
        "cmps": 0.06565219857193437
    },
    "17": {
        "cmph": 0.01794398003568917,
        "cmps": 0.06353017293332545
    },
    "18": {
        "cmph": 0.02025210448767719,
        "cmps": 0.0633040530965642
    },
    "19": {
        "cmph": 0.014036305121247624,
        "cmps": 0.07362633069652717
    },
    "20": {
        "cmph": 0.018715238943923466,
        "cmps": 0.08966431326777564
    },
    "21": {
        "cmph": 0.022820787526645143,
        "cmps": 0.09352231848419186
    },
    "22": {
        "cmph": 0.019459608984566803,
        "cmps": 0.10116195631887559
    },
    "23": {
        "cmph": 0.02079604119385495,
        "cmps": 0.07769102424430613
    },
    "24": {
        "cmph": 0.019474944316731056,
        "cmps": 0.06949957378278857
    },
    "25": {
        "cmph": 0.017523255471689644,
        "cmps": 0.06405746905234094
    },
    "26": {
        "cmph": 0.017925780369114373,
        "cmps": 0.0601675261231396
    },
    "27": {
        "cmph": 0.018358722009220323,
        "cmps": 0.06647664788844589
    },
    "28": {
        "cmph": 0.017678768488301713,
        "cmps": 0.0629560389318467
    },
    "29": {
        "cmph": 0.01819006150645458,
        "cmps": 0.06242627580028282
    },
    "30": {
        "cmph": 0.018526886098812957,
        "cmps": 0.06234375923538353
    },
    "31": {
        "cmph": 0.01950075787032635,
        "cmps": 0.06480940596746906
    },
    "32": {
        "cmph": 0.021799772163999795,
        "cmps": 0.05212422376732811
    },
    "final": {
        "OverThreshold": 0,
        "Ratio": 0,
        "Frame": 32
    }
}