{
    "1": {
        "cmph": 0.03879302301719926,
        "cmps": 0.016803094217782907
    },
    "2": {
        "cmph": 0.025913138855274884,
        "cmps": 0.025767912877253017
    },
    "3": {
        "cmph": 0.020632555617389792,
        "cmps": 0.05377513662812307
    },
    "4": {
        "cmph": 0.02451113277340377,
        "cmps": 0.06109351417700778
    },
    "5": {
        "cmph": 0.013260493309674609,
        "cmps": 0.0617554754171481
    },
    "6": {
        "cmph": 0.022876343172961992,
        "cmps": 0.06151976366417728
    },
    "7": {
        "cmph": 0.02424221370011974,
        "cmps": 0.05311643413929976
    },
    "final": {
        "OverThreshold": 0,
        "Ratio": 0,
        "Frame": 7
    }
}