{
    "1": {
        "cmph": 0.03489805787417382,
        "cmps": 0.16096275142518032
    },
    "2": {
        "cmph": 0.03251832982577155,
        "cmps": 0.13427228287008058
    },
    "3": {
        "cmph": 0.034767567047671345,
        "cmps": 0.1489335408386957
    },
    "4": {
        "cmph": 0.032136044866369375,
        "cmps": 0.1299509033895593
    },
    "5": {
        "cmph": 0.03146113031038152,
        "cmps": 0.12609349103850676
    },
    "6": {
        "cmph": 0.033292727720532614,
        "cmps": 0.12560744992855713
    },
    "7": {
        "cmph": 0.03321029061224845,
        "cmps": 0.12616872623844502
    },
    "8": {
        "cmph": 0.03175460310710453,
        "cmps": 0.13049978676581564
    },
    "9": {
        "cmph": 0.031154839526302946,
        "cmps": 0.1421206625817495
    },
    "10": {
        "cmph": 0.03235162718821906,
        "cmps": 0.13541983866705531
    },
    "11": {
        "cmph": 0.031583749892525784,
        "cmps": 0.1555636731999787
    },
    "12": {
        "cmph": 0.02988117136180191,
        "cmps": 0.1532295050655732
    },
    "13": {
        "cmph": 0.03065898053254097,
        "cmps": 0.14973422243888812
    },
    "14": {
        "cmph": 0.031706699185899204,
        "cmps": 0.1533322051194142
    },
    "15": {
        "cmph": 0.030852753540589018,
        "cmps": 0.15562592310169793
    },
    "16": {
        "cmph": 0.0309263905787735,
        "cmps": 0.1457773253974003
    },
    "17": {
        "cmph": 0.027194001702269245,
        "cmps": 0.11900448035188249
    },
    "18": {
        "cmph": 0.029883563109745086,
        "cmps": 0.12794078968211156
    },
    "19": {
        "cmph": 0.02776238460636944,
        "cmps": 0.12555533338968006
    },
    "20": {
        "cmph": 0.027244527401345538,
        "cmps": 0.12129197572982685
    },
    "21": {
        "cmph": 0.026795828486665042,
        "cmps": 0.12179608911918977
    },
    "22": {
        "cmph": 0.0262944839917789,
        "cmps": 0.12578819511943243
    },
    "23": {
        "cmph": 0.023520279536181847,
        "cmps": 0.11630216066985395
    },
    "24": {
        "cmph": 0.022380836435035113,
        "cmps": 0.1154945615992878
    },
    "25": {
        "cmph": 0.020536183969258853,
        "cmps": 0.10392598261321528
    },
    "26": {
        "cmph": 0.020995981473101902,
        "cmps": 0.1144032516691627
    },
    "27": {
        "cmph": 0.02080714127793771,
        "cmps": 0.11118526936265498
    },
    "28": {
        "cmph": 0.020048704663011275,
        "cmps": 0.1075951296243029
    },
    "29": {
        "cmph": 0.020648482802997255,
        "cmps": 0.11009793889700258
    },
    "30": {
        "cmph": 0.020023747309905502,
        "cmps": 0.10882414214884321
    },
    "31": {
        "cmph": 0.020620661827158385,
        "cmps": 0.11679211479954979
    },
    "32": {
        "cmph": 0.0211440068661647,
        "cmps": 0.09936925581478567
    },
    "final": {
        "OverThreshold": 0,
        "Ratio": 0,
        "Frame": 32
    }
}