{
    "1": {
        "cmph": 0.07212891210187576,
        "cmps": 0.1465966023256872
    },
    "2": {
        "cmph": 0.0200196060782459,
        "cmps": 0.13475713668433106
    },
    "3": {
        "cmph": 0.038195539409854935,
        "cmps": 0.0532168029079773
    },
    "4": {
        "cmph": 0.033408376548212125,
        "cmps": 0.05626504387619154
    },
    "5": {
        "cmph": 0.038149261530403086,
        "cmps": 0.07834095239701495
    },
    "6": {
        "cmph": 0.05036337051040067,
        "cmps": 0.018839038481402313
    },
    "7": {
        "cmph": 0.039338086544423535,
        "cmps": 0.032806505726399385
    },
    "final": {
        "OverThreshold": 0,
        "Ratio": 0,
        "Frame": 7
    }
}