{
    "1": {
        "cmph": 0.03611361697462233,
        "cmps": 0.07696003627555965
    },
    "2": {
        "cmph": 0.023083989644623437,
        "cmps": 0.11134055375230231
    },
    "3": {
        "cmph": 0.03271500754791982,
        "cmps": 0.11352895898422294
    },
    "4": {
        "cmph": 0.01431057039205387,
        "cmps": 0.110339017138519
    },
    "5": {
        "cmph": 0.022192682986531098,
        "cmps": 0.11796523144944822
    },
    "6": {
        "cmph": 0.01992509854366548,
        "cmps": 0.12471282179528784
    },
    "7": {
        "cmph": 0.019821534470144214,
        "cmps": 0.13653941147631193
    },
    "final": {
        "OverThreshold": 0,
        "Ratio": 0,
        "Frame": 7
    }
}