{
    "1": {
        "cmph": 0.39076083450436655,
        "cmps": 0.0028090787506761653
    },
    "2": {
        "cmph": 0.6443955102482491,
        "cmps": 0.2877074704522373
    },
    "3": {
        "cmph": 0.5781432909952314,
        "cmps": 0.38746346848431806
    },
    "4": {
        "cmph": 0.6423431153822621,
        "cmps": 0.6036915183016792
    },
    "5": {
        "cmph": 0.6643203452110433,
        "cmps": 0.6648605177754645
    },
    "6": {
        "cmph": 0.693371672175866,
        "cmps": 0.5834872666193573
    },
    "7": {
        "cmph": 0.6954458299755615,
        "cmps": 0.6275831843120787
    },
    "final": {
        "OverThreshold": 7,
        "Ratio": 100,
        "Frame": 7
    }
}