{
    "1": {
        "cmph": 0.037089693038848556,
        "cmps": 0.06546090964579514
    },
    "2": {
        "cmph": 0.024319244467943646,
        "cmps": 0.03647087246481898
    },
    "3": {
        "cmph": 0.06189641961420221,
        "cmps": 0.07117648849855143
    },
    "4": {
        "cmph": 0.020909323420303626,
        "cmps": 0.07019451216098044
    },
    "5": {
        "cmph": 0.015015198178172913,
        "cmps": 0.08494001775625407
    },
    "6": {
        "cmph": 0.024776863375969484,
        "cmps": 0.0921800928480763
    },
    "7": {
        "cmph": 0.0261375796469675,
        "cmps": 0.0990271891650066
    },
    "final": {
        "OverThreshold": 0,
        "Ratio": 0,
        "Frame": 7
    }
}