{
    "1": {
        "cmph": 0.024699414363343112,
        "cmps": 0.08405448611936277
    },
    "2": {
        "cmph": 0.01688016797908353,
        "cmps": 0.14396439175768413
    },
    "3": {
        "cmph": 0.001952325368144746,
        "cmps": 0.0716871418027879
    },
    "4": {
        "cmph": 0.023436197045181045,
        "cmps": 0.0513591499668766
    },
    "5": {
        "cmph": 0.010010426605145813,
        "cmps": 0.04230228664285179
    },
    "6": {
        "cmph": 0.027576004504339807,
        "cmps": 0.041796581191005544
    },
    "7": {
        "cmph": 0.032947802838965236,
        "cmps": 0.05148827466635126
    },
    "final": {
        "OverThreshold": 0,
        "Ratio": 0,
        "Frame": 7
    }
}