{
    "1": {
        "cmph": 0.0323036905282029,
        "cmps": 0.04530161782482608
    },
    "2": {
        "cmph": 0.029720347432871747,
        "cmps": 0.056265505492877774
    },
    "3": {
        "cmph": 0.029418561257745467,
        "cmps": 0.08583077031780165
    },
    "4": {
        "cmph": 0.02663302967751995,
        "cmps": 0.07245915361902674
    },
    "5": {
        "cmph": 0.026873130951444165,
        "cmps": 0.08482620217614394
    },
    "6": {
        "cmph": 0.026565152909218914,
        "cmps": 0.0759332967552017
    },
    "7": {
        "cmph": 0.025831145575893,
        "cmps": 0.08059248818303642
    },
    "8": {
        "cmph": 0.024721058360054973,
        "cmps": 0.0815300204944664
    },
    "9": {
        "cmph": 0.024366979641768722,
        "cmps": 0.08394167068034881
    },
    "10": {
        "cmph": 0.024725560696646248,
        "cmps": 0.0776303690450564
    },
    "11": {
        "cmph": 0.021722444675492367,
        "cmps": 0.09085258409610517
    },
    "final": {
        "OverThreshold": 0,
        "Ratio": 0,
        "Frame": 11
    }
}