{
    "1": {
        "cmph": 0.02813595510932744,
        "cmps": 0.0011258722645826863
    },
    "2": {
        "cmph": 0.01571530437143473,
        "cmps": 0.011107775721323668
    },
    "3": {
        "cmph": 0.09012303554288655,
        "cmps": 0.07102675742682275
    },
    "4": {
        "cmph": 0.03754094440148566,
        "cmps": 0.06338431449669132
    },
    "5": {
        "cmph": 0.024231396443233924,
        "cmps": 0.06583892945375587
    },
    "6": {
        "cmph": 0.02288778682828143,
        "cmps": 0.07458637050422952
    },
    "7": {
        "cmph": 0.025146637622551607,
        "cmps": 0.07979753727493939
    },
    "final": {
        "OverThreshold": 0,
        "Ratio": 0,
        "Frame": 7
    }
}