{
    "1": {
        "cmph": 0.025347735153886906,
        "cmps": 0.012273245213606133
    },
    "2": {
        "cmph": 0.015558418816029502,
        "cmps": 0.030018250668183866
    },
    "3": {
        "cmph": 0.08946528334706011,
        "cmps": 0.06995088015798204
    },
    "4": {
        "cmph": 0.039441689347251056,
        "cmps": 0.06667440166588903
    },
    "5": {
        "cmph": 0.02720972231063181,
        "cmps": 0.08280344117357048
    },
    "6": {
        "cmph": 0.02205563090010508,
        "cmps": 0.08824112581488669
    },
    "7": {
        "cmph": 0.023273650342406072,
        "cmps": 0.10435196085345251
    },
    "final": {
        "OverThreshold": 0,
        "Ratio": 0,
        "Frame": 7
    }
}