{
    "1": {
        "cmph": 0.028998940841644557,
        "cmps": 0.09847376018270733
    },
    "2": {
        "cmph": 0.02744167124471792,
        "cmps": 0.08820606532502111
    },
    "3": {
        "cmph": 0.02915658896543595,
        "cmps": 0.08699244004537315
    },
    "4": {
        "cmph": 0.03117650796435214,
        "cmps": 0.07166225642703082
    },
    "5": {
        "cmph": 0.03776523397154213,
        "cmps": 0.09173816361947666
    },
    "6": {
        "cmph": 0.042855599943647536,
        "cmps": 0.09712995776320588
    },
    "7": {
        "cmph": 0.03672341191498469,
        "cmps": 0.09868739484191949
    },
    "8": {
        "cmph": 0.04196904827327608,
        "cmps": 0.11267614523961025
    },
    "9": {
        "cmph": 0.03882705202925281,
        "cmps": 0.11976531896392838
    },
    "10": {
        "cmph": 0.039502648645402955,
        "cmps": 0.1216819346173439
    },
    "11": {
        "cmph": 0.03811826490083944,
        "cmps": 0.13373492449188334
    },
    "12": {
        "cmph": 0.038541820141684634,
        "cmps": 0.1595803557259834
    },
    "13": {
        "cmph": 0.04092062943405714,
        "cmps": 0.1913457783982522
    },
    "14": {
        "cmph": 0.04488291804257622,
        "cmps": 0.19562468623296134
    },
    "15": {
        "cmph": 0.049721289391858804,
        "cmps": 0.18585296718824817
    },
    "16": {
        "cmph": 0.04750607569303888,
        "cmps": 0.18832485066560983
    },
    "17": {
        "cmph": 0.05533581290715045,
        "cmps": 0.17743034330155322
    },
    "18": {
        "cmph": 0.055506544194255596,
        "cmps": 0.17601445951328043
    },
    "19": {
        "cmph": 0.05227186538278973,
        "cmps": 0.18823557022903617
    },
    "20": {
        "cmph": 0.04298815244678385,
        "cmps": 0.19340862712755608
    },
    "21": {
        "cmph": 0.044268868163522476,
        "cmps": 0.19512641519960303
    },
    "22": {
        "cmph": 0.036236139536704154,
        "cmps": 0.16817492495522135
    },
    "23": {
        "cmph": 0.03169019427246288,
        "cmps": 0.14390051927036965
    },
    "24": {
        "cmph": 0.028811894034049244,
        "cmps": 0.15281601180308738
    },
    "25": {
        "cmph": 0.023583182964279862,
        "cmps": 0.12529896858500938
    },
    "26": {
        "cmph": 0.02559338619267874,
        "cmps": 0.11995784863694049
    },
    "27": {
        "cmph": 0.023380706599631682,
        "cmps": 0.11897529048994542
    },
    "28": {
        "cmph": 0.026210896822327523,
        "cmps": 0.12169941717035795
    },
    "29": {
        "cmph": 0.025991078083221666,
        "cmps": 0.11482876488900039
    },
    "30": {
        "cmph": 0.027960875236168775,
        "cmps": 0.1200846734214979
    },
    "31": {
        "cmph": 0.02990923337675007,
        "cmps": 0.11581304699680299
    },
    "32": {
        "cmph": 0.03384516277393302,
        "cmps": 0.11871375342528911
    },
    "final": {
        "OverThreshold": 0,
        "Ratio": 0,
        "Frame": 32
    }
}