{
    "1": {
        "cmph": 0.007158004032501123,
        "cmps": 0.25679871395296594
    },
    "2": {
        "cmph": 0.05645220866920897,
        "cmps": 0.005215155690162102
    },
    "3": {
        "cmph": 0.05803207551886561,
        "cmps": 0.0005958388444301407
    },
    "4": {
        "cmph": 0.03401719325769062,
        "cmps": 0.08563781635854602
    },
    "5": {
        "cmph": 0.03346879667509255,
        "cmps": 0.10270245016985505
    },
    "6": {
        "cmph": 0.032199509316562666,
        "cmps": 0.008544245511028881
    },
    "7": {
        "cmph": 0.02203550478296256,
        "cmps": 0.0041630660098870695
    },
    "final": {
        "OverThreshold": 0,
        "Ratio": 0,
        "Frame": 7
    }
}