{
    "1": {
        "cmph": 0.023809900496477302,
        "cmps": 0.023488331637550833
    },
    "2": {
        "cmph": 0.004693085976275656,
        "cmps": 0.013271199226589873
    },
    "3": {
        "cmph": 0.0022437689655788024,
        "cmps": 0.013866623483335904
    },
    "4": {
        "cmph": 0.00028653374247971075,
        "cmps": 0.014542654686119804
    },
    "5": {
        "cmph": 0.00631835410285477,
        "cmps": 0.00572145068643792
    },
    "6": {
        "cmph": 0.006402056589315414,
        "cmps": 0.0008196729820152601
    },
    "7": {
        "cmph": 0.003899472231508397,
        "cmps": 0.002973889637955807
    },
    "8": {
        "cmph": 0.0014207013260621871,
        "cmps": 0.00133526216174957
    },
    "9": {
        "cmph": 0.0040616758651968645,
        "cmps": 0.00346923232146198
    },
    "10": {
        "cmph": 0.006488873905799169,
        "cmps": 0.0030339559090776643
    },
    "11": {
        "cmph": 0.006182295557894724,
        "cmps": 0.014349834197916925
    },
    "12": {
        "cmph": 0.009634814901058109,
        "cmps": 0.012837902548452988
    },
    "13": {
        "cmph": 0.008944110445234077,
        "cmps": 0.007430100490565693
    },
    "14": {
        "cmph": 0.0039799204825940486,
        "cmps": 0.008768536816522655
    },
    "15": {
        "cmph": 0.0009123527332854955,
        "cmps": 0.011013784116156488
    },
    "16": {
        "cmph": 0.001455129980598096,
        "cmps": 0.008850584935765205
    },
    "17": {
        "cmph": 0.0038093099812460222,
        "cmps": 0.008472084471608982
    },
    "18": {
        "cmph": 0.003187900176528882,
        "cmps": 0.02303306577251204
    },
    "19": {
        "cmph": 0.0052840296695167085,
        "cmps": 0.023468911570856548
    },
    "20": {
        "cmph": 0.0013432523777007507,
        "cmps": 0.02121690014426795
    },
    "21": {
        "cmph": 0.003916150084348998,
        "cmps": 0.02824400197312747
    },
    "22": {
        "cmph": 0.005181211988825284,
        "cmps": 0.024425642793719775
    },
    "23": {
        "cmph": 0.006402282114218344,
        "cmps": 0.02867351411517244
    },
    "24": {
        "cmph": 0.0072423420302116515,
        "cmps": 0.03334362166439843
    },
    "25": {
        "cmph": 0.01054308284622745,
        "cmps": 0.044381703365654494
    },
    "26": {
        "cmph": 0.011054027739128083,
        "cmps": 0.05068111234852604
    },
    "27": {
        "cmph": 0.022142589884754097,
        "cmps": 0.03067323907166673
    },
    "28": {
        "cmph": 0.013159215125589149,
        "cmps": 0.011067117150607595
    },
    "29": {
        "cmph": 0.013384523874490146,
        "cmps": 0.018490421587505745
    },
    "30": {
        "cmph": 0.018155526523091346,
        "cmps": 0.030383897562085743
    },
    "31": {
        "cmph": 1.0,
        "cmps": 0.03254534236180374
    },
    "32": {
        "cmph": 0.02235957046847286,
        "cmps": 0.03317616112666836
    },
    "33": {
        "cmph": 0.007385855155214909,
        "cmps": 0.03169781971892107
    },
    "34": {
        "cmph": 0.01900936170532791,
        "cmps": 0.032963990593230935
    },
    "35": {
        "cmph": 0.02867341804418287,
        "cmps": 0.03777538433290373
    },
    "36": {
        "cmph": 1.0,
        "cmps": 0.02133219673782863
    },
    "final": {
        "OverThreshold": 2,
        "Ratio": 5,
        "Frame": 36
    }
}