{
    "1": {
        "cmph": 0.014071601634424705,
        "cmps": 0.05994604146593678
    },
    "2": {
        "cmph": 0.012825381073881556,
        "cmps": 0.044346518022878714
    },
    "3": {
        "cmph": 0.01259455375833836,
        "cmps": 0.04084875343800022
    },
    "4": {
        "cmph": 0.013753883014751748,
        "cmps": 0.04685034113918502
    },
    "5": {
        "cmph": 0.012025419720897169,
        "cmps": 0.04094600968670216
    },
    "6": {
        "cmph": 0.011599350633952045,
        "cmps": 0.041556379979382406
    },
    "final": {
        "OverThreshold": 0,
        "Ratio": 0,
        "Frame": 6
    }
}