{
    "1": {
        "cmph": 0.09124533659674673,
        "cmps": 0.04504470505215721
    },
    "2": {
        "cmph": 0.11796637791100399,
        "cmps": 0.047831529019848
    },
    "3": {
        "cmph": 0.12146815677094604,
        "cmps": 0.053433835821306085
    },
    "4": {
        "cmph": 0.10613785888257897,
        "cmps": 0.04984504485611638
    },
    "5": {
        "cmph": 0.11887454866943255,
        "cmps": 0.05013514524914341
    },
    "6": {
        "cmph": 0.13406490081960604,
        "cmps": 0.051286380163664005
    },
    "7": {
        "cmph": 0.12146198561569392,
        "cmps": 0.045018069706043155
    },
    "8": {
        "cmph": 0.05863301794432183,
        "cmps": 0.04450547095534322
    },
    "9": {
        "cmph": 0.03002962609001242,
        "cmps": 0.05358517969517529
    },
    "10": {
        "cmph": 0.033794604202517974,
        "cmps": 0.05336251184190317
    },
    "11": {
        "cmph": 0.0344004109679851,
        "cmps": 0.05633882034034307
    },
    "12": {
        "cmph": 0.006574532897985795,
        "cmps": 0.05335008002383573
    },
    "final": {
        "OverThreshold": 0,
        "Ratio": 0,
        "Frame": 12
    }
}