{
    "1": {
        "cmph": 0.015335730837313178,
        "cmps": 0.031169951231203294
    },
    "2": {
        "cmph": 0.01527706427806434,
        "cmps": 0.027392836217810763
    },
    "3": {
        "cmph": 0.005464927224103056,
        "cmps": 0.026435113304113595
    },
    "4": {
        "cmph": 0.007639958350878749,
        "cmps": 0.03862722263662409
    },
    "5": {
        "cmph": 0.011903156493912959,
        "cmps": 0.06433313951595614
    },
    "6": {
        "cmph": 0.013597784863944761,
        "cmps": 0.05904044775390408
    },
    "7": {
        "cmph": 0.015624066871209045,
        "cmps": 0.09230947667395241
    },
    "8": {
        "cmph": 0.018055047246575237,
        "cmps": 0.09747575929650074
    },
    "9": {
        "cmph": 0.00405871699091843,
        "cmps": 0.12327888597366042
    },
    "10": {
        "cmph": 0.008134761093041456,
        "cmps": 0.1743131863281697
    },
    "11": {
        "cmph": 0.016438863707142815,
        "cmps": 0.10219051014456901
    },
    "12": {
        "cmph": 0.017964630022777466,
        "cmps": 0.020589242820877676
    },
    "13": {
        "cmph": 0.011851488305392911,
        "cmps": 0.03578491880040671
    },
    "14": {
        "cmph": 0.0076015535779713275,
        "cmps": 0.014684594059959309
    },
    "15": {
        "cmph": 0.007323918895226387,
        "cmps": 0.0047750038021553524
    },
    "16": {
        "cmph": 0.013398709987706823,
        "cmps": 0.029774846254869442
    },
    "17": {
        "cmph": 0.005557847146130022,
        "cmps": 0.00047741884726882445
    },
    "18": {
        "cmph": 0.01701223241769992,
        "cmps": 0.015039259607682839
    },
    "19": {
        "cmph": 0.012519883393266472,
        "cmps": 0.023494377444437747
    },
    "20": {
        "cmph": 0.019980691443225403,
        "cmps": 0.02780275659420072
    },
    "21": {
        "cmph": 0.015220632108956939,
        "cmps": 0.030217097446271518
    },
    "22": {
        "cmph": 0.008516367222919798,
        "cmps": 0.021241405210422552
    },
    "23": {
        "cmph": 0.007259772998626303,
        "cmps": 0.02909307382721108
    },
    "24": {
        "cmph": 0.011239720215254267,
        "cmps": 0.025895589024444297
    },
    "25": {
        "cmph": 0.011367483830107775,
        "cmps": 0.02761043133653325
    },
    "26": {
        "cmph": 0.005437211970433225,
        "cmps": 0.01277914789628825
    },
    "27": {
        "cmph": 0.009221720478997102,
        "cmps": 0.012365443855025733
    },
    "28": {
        "cmph": 0.015523944475969447,
        "cmps": 0.015307161116906992
    },
    "29": {
        "cmph": 0.0001421624718121065,
        "cmps": 0.015083598848283886
    },
    "30": {
        "cmph": 0.007811720161759021,
        "cmps": 0.021566871861274844
    },
    "31": {
        "cmph": 0.021915501292790088,
        "cmps": 0.016431678995993553
    },
    "32": {
        "cmph": 0.0020755780205841314,
        "cmps": 0.019703030102427566
    },
    "33": {
        "cmph": 0.016859497714324604,
        "cmps": 0.02290540303893988
    },
    "34": {
        "cmph": 0.014352852489270039,
        "cmps": 0.03329363461069266
    },
    "35": {
        "cmph": 0.00798211306219837,
        "cmps": 0.03909064411030143
    },
    "36": {
        "cmph": 0.012284834577888787,
        "cmps": 0.0061269331424904675
    },
    "final": {
        "OverThreshold": 0,
        "Ratio": 0,
        "Frame": 36
    }
}