{
    "1": {
        "cmph": 0.0130015593473819,
        "cmps": 0.06783194698127654
    },
    "2": {
        "cmph": 0.01524624127246607,
        "cmps": 0.055410632765929814
    },
    "3": {
        "cmph": 0.01644675858212485,
        "cmps": 0.03741118970535552
    },
    "4": {
        "cmph": 0.017712163655492642,
        "cmps": 0.03060358017652501
    },
    "5": {
        "cmph": 0.013957169557678329,
        "cmps": 0.04257225148099891
    },
    "6": {
        "cmph": 0.014386384567863406,
        "cmps": 0.04868417918606052
    },
    "7": {
        "cmph": 0.013416962454064079,
        "cmps": 0.05264317276640145
    },
    "8": {
        "cmph": 0.013066854414379239,
        "cmps": 0.05329798722087527
    },
    "9": {
        "cmph": 0.014152411377358192,
        "cmps": 0.06324069446141482
    },
    "10": {
        "cmph": 0.012881232697391205,
        "cmps": 0.05945567613646367
    },
    "11": {
        "cmph": 0.01487584789259895,
        "cmps": 0.05556786093920942
    },
    "12": {
        "cmph": 0.015823194213481537,
        "cmps": 0.03237210807149715
    },
    "13": {
        "cmph": 0.017277568561141352,
        "cmps": 0.05287314078659591
    },
    "14": {
        "cmph": 0.015422530690836551,
        "cmps": 0.04383101284333088
    },
    "15": {
        "cmph": 0.015632815477105173,
        "cmps": 0.03523439035845498
    },
    "final": {
        "OverThreshold": 0,
        "Ratio": 0,
        "Frame": 15
    }
}