{
    "1": {
        "cmph": 0.010614432307064355,
        "cmps": 0.45816212641062964
    },
    "2": {
        "cmph": 0.011584348304203858,
        "cmps": 0.3818104756393623
    },
    "3": {
        "cmph": 0.012539596305115384,
        "cmps": 0.5335793324172428
    },
    "4": {
        "cmph": 0.012797063091330583,
        "cmps": 0.4615712448290233
    },
    "5": {
        "cmph": 0.0122548713525734,
        "cmps": 0.4547923885909107
    },
    "6": {
        "cmph": 0.011442152854887843,
        "cmps": 0.44100639302767086
    },
    "7": {
        "cmph": 0.011500611415331445,
        "cmps": 0.5034552133744223
    },
    "8": {
        "cmph": 0.011193246111027563,
        "cmps": 0.4683480259684498
    },
    "9": {
        "cmph": 0.012154717147713726,
        "cmps": 0.486084933904609
    },
    "10": {
        "cmph": 0.012119961904295706,
        "cmps": 0.35211551134983543
    },
    "11": {
        "cmph": 0.012503003783350746,
        "cmps": 0.27268065807632264
    },
    "12": {
        "cmph": 0.0129767512419107,
        "cmps": 0.19837865210606137
    },
    "13": {
        "cmph": 0.014808389348136566,
        "cmps": 0.11387377325236914
    },
    "14": {
        "cmph": 0.013756774592260069,
        "cmps": 0.17595340282081404
    },
    "15": {
        "cmph": 0.013820951085050258,
        "cmps": 0.13996912127187508
    },
    "16": {
        "cmph": 0.01700764517261943,
        "cmps": 0.10242092195432569
    },
    "17": {
        "cmph": 0.020040339559164018,
        "cmps": 0.06417726082592998
    },
    "18": {
        "cmph": 0.01717005567317205,
        "cmps": 0.016885440651030564
    },
    "19": {
        "cmph": 0.01622967151831238,
        "cmps": 0.024945420262214045
    },
    "20": {
        "cmph": 0.01746060955165116,
        "cmps": 0.02907718342132314
    },
    "21": {
        "cmph": 0.018805216331658527,
        "cmps": 0.03673704900294119
    },
    "22": {
        "cmph": 0.02079454625394771,
        "cmps": 0.032684338089550735
    },
    "23": {
        "cmph": 0.019103733126499503,
        "cmps": 0.03553595435262415
    },
    "24": {
        "cmph": 0.01913965292728345,
        "cmps": 0.034534595876872805
    },
    "25": {
        "cmph": 0.017313068203601557,
        "cmps": 0.030056862302752375
    },
    "26": {
        "cmph": 0.018477975423136145,
        "cmps": 0.02755460553253679
    },
    "27": {
        "cmph": 0.016569661997553314,
        "cmps": 0.015190183547110953
    },
    "28": {
        "cmph": 0.016391886670581807,
        "cmps": 0.019509279961945118
    },
    "29": {
        "cmph": 0.016226900535970815,
        "cmps": 0.026899060205265585
    },
    "30": {
        "cmph": 0.015860756260514943,
        "cmps": 0.02641209778665626
    },
    "31": {
        "cmph": 0.01782465545107268,
        "cmps": 0.027614130497348583
    },
    "32": {
        "cmph": 0.019615576651926824,
        "cmps": 0.02924811733472735
    },
    "33": {
        "cmph": 0.01661468376407227,
        "cmps": 0.0250654127525796
    },
    "34": {
        "cmph": 0.01823299346362558,
        "cmps": 0.024467670253484657
    },
    "35": {
        "cmph": 0.0181066697878176,
        "cmps": 0.02805313285666815
    },
    "36": {
        "cmph": 0.020493192740732063,
        "cmps": 0.02480963317869852
    },
    "final": {
        "OverThreshold": 0,
        "Ratio": 0,
        "Frame": 36
    }
}