{
    "1": {
        "cmph": 0.011377464321306631,
        "cmps": 0.05763407094934092
    },
    "2": {
        "cmph": 0.011995712143017263,
        "cmps": 0.04967919587934953
    },
    "3": {
        "cmph": 0.011043560108942948,
        "cmps": 0.04666619137289924
    },
    "4": {
        "cmph": 0.012418339537005557,
        "cmps": 0.05491752865774241
    },
    "5": {
        "cmph": 0.010606663936842311,
        "cmps": 0.05078442973417501
    },
    "6": {
        "cmph": 0.009965501347565617,
        "cmps": 0.04777234360631215
    },
    "7": {
        "cmph": 0.010177985885396357,
        "cmps": 0.048453054531884976
    },
    "8": {
        "cmph": 0.01011573831778568,
        "cmps": 0.047496629755226755
    },
    "9": {
        "cmph": 0.011620482812272832,
        "cmps": 0.05581966250673745
    },
    "10": {
        "cmph": 0.011281323452174486,
        "cmps": 0.052016667542512045
    },
    "11": {
        "cmph": 0.01048147402973435,
        "cmps": 0.05156381620936218
    },
    "12": {
        "cmph": 0.011071358084928559,
        "cmps": 0.04773213520915122
    },
    "13": {
        "cmph": 0.014090893580290777,
        "cmps": 0.04809832304379312
    },
    "14": {
        "cmph": 0.012887856608660932,
        "cmps": 0.04521110365664958
    },
    "15": {
        "cmph": 0.014400387371931046,
        "cmps": 0.05331313312343701
    },
    "16": {
        "cmph": 0.01633961686876363,
        "cmps": 0.06479187589720273
    },
    "17": {
        "cmph": 0.016945720383488096,
        "cmps": 0.06954566549169074
    },
    "18": {
        "cmph": 0.012574787257476867,
        "cmps": 0.07595203392196835
    },
    "19": {
        "cmph": 0.011865822021483828,
        "cmps": 0.08513926272289563
    },
    "20": {
        "cmph": 0.01278833252131791,
        "cmps": 0.09589962244904573
    },
    "21": {
        "cmph": 0.019097384664250407,
        "cmps": 0.08932870519860382
    },
    "final": {
        "OverThreshold": 0,
        "Ratio": 0,
        "Frame": 21
    }
}