{
    "1": {
        "cmph": 0.11091526628642055,
        "cmps": 0.046476460850014674
    },
    "2": {
        "cmph": 0.13173008572600803,
        "cmps": 0.04360041562025171
    },
    "3": {
        "cmph": 0.12311394990118021,
        "cmps": 0.04667662884316355
    },
    "4": {
        "cmph": 0.09618214681232122,
        "cmps": 0.05082619278022671
    },
    "5": {
        "cmph": 0.10658191547447532,
        "cmps": 0.051463406992974324
    },
    "6": {
        "cmph": 0.12158458350118664,
        "cmps": 0.05214770185768502
    },
    "7": {
        "cmph": 0.11060231934670191,
        "cmps": 0.045907849109181324
    },
    "8": {
        "cmph": 0.05897814636469761,
        "cmps": 0.04338955565875
    },
    "9": {
        "cmph": 0.03323606969891088,
        "cmps": 0.04814178913875297
    },
    "10": {
        "cmph": 0.03782676960051771,
        "cmps": 0.0475781516224328
    },
    "11": {
        "cmph": 0.03454881511108347,
        "cmps": 0.052683051237996256
    },
    "final": {
        "OverThreshold": 0,
        "Ratio": 0,
        "Frame": 11
    }
}