{
    "1": {
        "cmph": 0.5095437659261904,
        "cmps": 0.017514313915924472
    },
    "2": {
        "cmph": 0.41686386207479703,
        "cmps": 0.01376010682464276
    },
    "3": {
        "cmph": 0.36640829362664085,
        "cmps": 0.025958557891702573
    },
    "4": {
        "cmph": 0.296133938544831,
        "cmps": 0.0010200785124226382
    },
    "5": {
        "cmph": 0.22006059069760903,
        "cmps": 0.02209228214600693
    },
    "6": {
        "cmph": 0.48856089429710603,
        "cmps": 0.04038058145429888
    },
    "7": {
        "cmph": 0.11013973799649691,
        "cmps": 0.055563434271588
    },
    "8": {
        "cmph": 0.13369359750999396,
        "cmps": 0.06598436751063154
    },
    "9": {
        "cmph": 0.04976680007348199,
        "cmps": 0.0733187325872082
    },
    "10": {
        "cmph": 0.13874807656684052,
        "cmps": 0.06386460871228931
    },
    "11": {
        "cmph": 0.04360956114339921,
        "cmps": 0.08118282454332394
    },
    "12": {
        "cmph": 0.027921074155678533,
        "cmps": 0.08528613511695708
    },
    "13": {
        "cmph": 0.21525279468970396,
        "cmps": 0.08452409621505667
    },
    "14": {
        "cmph": 0.11166146498370476,
        "cmps": 0.06988785946520105
    },
    "15": {
        "cmph": 0.1099020858965607,
        "cmps": 0.056923912713982054
    },
    "16": {
        "cmph": 0.10910922670254007,
        "cmps": 0.05464948162412079
    },
    "17": {
        "cmph": 0.010574002180615117,
        "cmps": 0.055018705612641744
    },
    "18": {
        "cmph": 0.010850196720164912,
        "cmps": 0.05490364501440056
    },
    "19": {
        "cmph": 0.0066297731810562996,
        "cmps": 0.03337919495653441
    },
    "20": {
        "cmph": 0.002272112724870882,
        "cmps": 0.03928745019763821
    },
    "21": {
        "cmph": 0.04259130017996735,
        "cmps": 0.030489861892765067
    },
    "final": {
        "OverThreshold": 3,
        "Ratio": 14,
        "Frame": 21
    }
}