{
    "1": {
        "cmph": 1.0,
        "cmps": 0.014269899881308884
    },
    "2": {
        "cmph": 1.0,
        "cmps": 0.013942121993632718
    },
    "3": {
        "cmph": 1.0,
        "cmps": 0.013354437576353132
    },
    "4": {
        "cmph": 0.006859753646527535,
        "cmps": 0.016996329289387137
    },
    "5": {
        "cmph": 0.007207428984052843,
        "cmps": 0.01562084165018688
    },
    "6": {
        "cmph": 1.0,
        "cmps": 0.009830567117866972
    },
    "7": {
        "cmph": 0.013651720032030338,
        "cmps": 0.008725517533585622
    },
    "8": {
        "cmph": 0.010972322129708462,
        "cmps": 0.011740241003889484
    },
    "9": {
        "cmph": 0.01433047325169633,
        "cmps": 0.021377460470042235
    },
    "10": {
        "cmph": 0.0075907223408043225,
        "cmps": 0.024771518104619684
    },
    "11": {
        "cmph": 0.12268164334348006,
        "cmps": 0.02428016870254964
    },
    "12": {
        "cmph": 0.015428014112533616,
        "cmps": 0.02632834181335455
    },
    "13": {
        "cmph": 0.00902466533567977,
        "cmps": 0.030124327331188264
    },
    "14": {
        "cmph": 0.013802103220371129,
        "cmps": 0.029745666317590066
    },
    "15": {
        "cmph": 0.008584449695042731,
        "cmps": 0.035212176053823444
    },
    "16": {
        "cmph": 0.6419380700118391,
        "cmps": 0.04739795465501742
    },
    "17": {
        "cmph": 1.0,
        "cmps": 0.0382781338657254
    },
    "18": {
        "cmph": 0.017672951834448704,
        "cmps": 0.03907856361250335
    },
    "19": {
        "cmph": 0.013620990900329161,
        "cmps": 0.0482965935058764
    },
    "20": {
        "cmph": 1.0,
        "cmps": 0.052624478177831974
    },
    "21": {
        "cmph": 0.014695620894586809,
        "cmps": 0.05454378983107388
    },
    "22": {
        "cmph": 0.020120691578531604,
        "cmps": 0.0544298918671436
    },
    "23": {
        "cmph": 0.019685200031018788,
        "cmps": 0.04132607573587539
    },
    "24": {
        "cmph": 0.019789135349095006,
        "cmps": 0.03480219001465954
    },
    "25": {
        "cmph": 0.025955744472842972,
        "cmps": 0.039696763178174534
    },
    "26": {
        "cmph": 0.022828433621483183,
        "cmps": 0.03554159023376158
    },
    "27": {
        "cmph": 0.0301859139582849,
        "cmps": 0.0413954208480978
    },
    "28": {
        "cmph": 0.01400409928462127,
        "cmps": 0.036327529682764745
    },
    "29": {
        "cmph": 0.019937265202768933,
        "cmps": 0.03400055065911859
    },
    "30": {
        "cmph": 0.02166197263827901,
        "cmps": 0.034139863926052
    },
    "31": {
        "cmph": 0.026512857490057506,
        "cmps": 0.03257765050175679
    },
    "32": {
        "cmph": 0.030189579989796607,
        "cmps": 0.029073291276272766
    },
    "33": {
        "cmph": 0.014696029290653192,
        "cmps": 0.020318064607320517
    },
    "34": {
        "cmph": 0.0174088259801334,
        "cmps": 0.025666838100328437
    },
    "35": {
        "cmph": 0.011773916715703808,
        "cmps": 0.028249917660974448
    },
    "final": {
        "OverThreshold": 7,
        "Ratio": 20,
        "Frame": 35
    }
}