{
    "1": {
        "cmph": 0.01395292383835374,
        "cmps": 0.017335886447108633
    },
    "2": {
        "cmph": 0.016130053440817783,
        "cmps": 0.0017658379854130757
    },
    "3": {
        "cmph": 0.017311522245135557,
        "cmps": 0.0012348249341679557
    },
    "4": {
        "cmph": 0.01568432726954499,
        "cmps": 0.015745688576275754
    },
    "5": {
        "cmph": 0.017687522979521756,
        "cmps": 0.0026290733623184183
    },
    "6": {
        "cmph": 0.01669191633629182,
        "cmps": 0.002418230830456709
    },
    "7": {
        "cmph": 0.016831792439654193,
        "cmps": 0.005777366129028722
    },
    "8": {
        "cmph": 0.013280212709047862,
        "cmps": 0.01816894553907936
    },
    "9": {
        "cmph": 0.01325695045458286,
        "cmps": 0.0014231015327625235
    },
    "10": {
        "cmph": 0.010084017172995239,
        "cmps": 0.002524248952038176
    },
    "11": {
        "cmph": 0.01718030034616912,
        "cmps": 0.01588586580212151
    },
    "12": {
        "cmph": 0.01911966679885649,
        "cmps": 0.023920102488351806
    },
    "13": {
        "cmph": 0.01907680718730124,
        "cmps": 0.0023937402708896385
    },
    "14": {
        "cmph": 0.018996036927680107,
        "cmps": 0.02488789010064389
    },
    "15": {
        "cmph": 0.018497482939454708,
        "cmps": 0.03996175061587122
    },
    "16": {
        "cmph": 0.018851195031612117,
        "cmps": 0.09613191744987638
    },
    "17": {
        "cmph": 0.017008235831029513,
        "cmps": 0.21593899436173
    },
    "18": {
        "cmph": 0.016157471682309656,
        "cmps": 0.17524676238987297
    },
    "19": {
        "cmph": 0.014874603051540794,
        "cmps": 0.17272456491814744
    },
    "20": {
        "cmph": 0.016686190203987986,
        "cmps": 0.1125085252707082
    },
    "21": {
        "cmph": 0.016064184682780928,
        "cmps": 0.13743077164064693
    },
    "final": {
        "OverThreshold": 0,
        "Ratio": 0,
        "Frame": 21
    }
}