{
    "1": {
        "cmph": 0.20407496958233556,
        "cmps": 0.040443247738656804
    },
    "2": {
        "cmph": 0.1981429303409401,
        "cmps": 0.1013724829429179
    },
    "3": {
        "cmph": 0.16260788242078195,
        "cmps": 0.06307902654642983
    },
    "4": {
        "cmph": 0.1457158017038767,
        "cmps": 0.08954682596845069
    },
    "5": {
        "cmph": 0.14416171084360443,
        "cmps": 0.05712925173509168
    },
    "6": {
        "cmph": 0.12932878231815376,
        "cmps": 0.03225315437369898
    },
    "7": {
        "cmph": 0.14888016271847507,
        "cmps": 0.010793324001881238
    },
    "8": {
        "cmph": 0.15058331881982434,
        "cmps": 0.008395171437465177
    },
    "9": {
        "cmph": 0.200699938980722,
        "cmps": 0.017144121864497854
    },
    "10": {
        "cmph": 0.05642848320698147,
        "cmps": 0.019835838083744523
    },
    "11": {
        "cmph": 0.1833671801986229,
        "cmps": 0.05441242596552325
    },
    "12": {
        "cmph": 0.39167343963060025,
        "cmps": 0.1237387208615231
    },
    "13": {
        "cmph": 0.5270136449439355,
        "cmps": 0.05405708773711203
    },
    "14": {
        "cmph": 0.9223012597050936,
        "cmps": 0.2958746162472616
    },
    "15": {
        "cmph": 0.8994140311132544,
        "cmps": 0.4236360441423144
    },
    "16": {
        "cmph": 0.8921878551063803,
        "cmps": 0.6742949640734359
    },
    "17": {
        "cmph": 0.8889195110609436,
        "cmps": 0.6060797192736305
    },
    "18": {
        "cmph": 0.4299126094489994,
        "cmps": 0.3077185634406877
    },
    "19": {
        "cmph": 0.6253025451027276,
        "cmps": 0.3773392184637116
    },
    "20": {
        "cmph": 0.49738653154500034,
        "cmps": 0.33557268535409884
    },
    "21": {
        "cmph": 0.490697666684575,
        "cmps": 0.2968628356878533
    },
    "final": {
        "OverThreshold": 16,
        "Ratio": 76,
        "Frame": 21
    }
}