{
    "1": {
        "cmph": 0.4295837402453647,
        "cmps": 0.37956525182137607
    },
    "2": {
        "cmph": 0.41287688766245967,
        "cmps": 0.317564535549235
    },
    "3": {
        "cmph": 0.37199820248051285,
        "cmps": 0.3128789820457892
    },
    "4": {
        "cmph": 0.4655473866911388,
        "cmps": 0.330109916890962
    },
    "5": {
        "cmph": 0.4632340545283296,
        "cmps": 0.3007097771832742
    },
    "6": {
        "cmph": 0.4503818092065749,
        "cmps": 0.35223957383699717
    },
    "7": {
        "cmph": 0.46651386961470015,
        "cmps": 0.3163052984590796
    },
    "8": {
        "cmph": 0.19390488233540754,
        "cmps": 0.3073420743630095
    },
    "9": {
        "cmph": 0.19911688609738637,
        "cmps": 0.3676498101330351
    },
    "10": {
        "cmph": 0.33534304417782657,
        "cmps": 0.3965824185292266
    },
    "11": {
        "cmph": 0.3419147794434756,
        "cmps": 0.39246903884761686
    },
    "12": {
        "cmph": 0.23934577797373396,
        "cmps": 0.32513889704524485
    },
    "13": {
        "cmph": 0.2549458714752486,
        "cmps": 0.23770738751273285
    },
    "14": {
        "cmph": 0.0613851215057797,
        "cmps": 0.040613096554060236
    },
    "15": {
        "cmph": 0.08571968939969231,
        "cmps": 0.06284424079690154
    },
    "16": {
        "cmph": 0.08132155982681458,
        "cmps": 0.053250268352380524
    },
    "17": {
        "cmph": 0.01922022863528508,
        "cmps": 0.06306352438566175
    },
    "18": {
        "cmph": 0.019370834028607137,
        "cmps": 0.07039713930307526
    },
    "19": {
        "cmph": 0.019728228074680606,
        "cmps": 0.07072134688105393
    },
    "20": {
        "cmph": 0.022035722620656756,
        "cmps": 0.05981335483449518
    },
    "21": {
        "cmph": 0.011302518779150594,
        "cmps": 0.024029149177975034
    },
    "final": {
        "OverThreshold": 2,
        "Ratio": 14,
        "Frame": 21
    }
}