{
    "1": {
        "cmph": 0.014931711548145049,
        "cmps": 0.021284904898464484
    },
    "2": {
        "cmph": 0.02134526552063309,
        "cmps": 0.03836991716434755
    },
    "3": {
        "cmph": 0.020831540370152727,
        "cmps": 0.029296144104645067
    },
    "4": {
        "cmph": 0.018324765048977554,
        "cmps": 0.027489453636645973
    },
    "5": {
        "cmph": 0.015105749332461105,
        "cmps": 0.0015088425443695484
    },
    "6": {
        "cmph": 0.016092767543974224,
        "cmps": 0.020996071996444758
    },
    "7": {
        "cmph": 0.015125205743707446,
        "cmps": 0.01549380053560913
    },
    "8": {
        "cmph": 0.015418531212612708,
        "cmps": 0.04510271607137151
    },
    "9": {
        "cmph": 0.015380265727304901,
        "cmps": 0.06286060495492406
    },
    "10": {
        "cmph": 0.012475482634519973,
        "cmps": 0.05996535374773511
    },
    "11": {
        "cmph": 0.014685768228492081,
        "cmps": 0.0734838692323715
    },
    "12": {
        "cmph": 0.01663007573785057,
        "cmps": 0.0725350628116785
    },
    "13": {
        "cmph": 0.0166797645267213,
        "cmps": 0.06901126292172045
    },
    "14": {
        "cmph": 0.01631986141061646,
        "cmps": 0.0587642045399793
    },
    "15": {
        "cmph": 0.017406865798548478,
        "cmps": 0.05667385643748621
    },
    "16": {
        "cmph": 0.016352523705743163,
        "cmps": 0.05631739432950975
    },
    "17": {
        "cmph": 0.012099349110744178,
        "cmps": 0.06682481957393023
    },
    "18": {
        "cmph": 0.01227110646084998,
        "cmps": 0.06818309269058383
    },
    "19": {
        "cmph": 0.011876136266538126,
        "cmps": 0.06607392349633746
    },
    "20": {
        "cmph": 0.012781631623185543,
        "cmps": 0.06891492008120181
    },
    "21": {
        "cmph": 0.013191686096586597,
        "cmps": 0.07148113916870083
    },
    "final": {
        "OverThreshold": 0,
        "Ratio": 0,
        "Frame": 21
    }
}