{
    "1": {
        "cmph": 0.020770453028842235,
        "cmps": 0.2775639408848554
    },
    "2": {
        "cmph": 0.01772569040200592,
        "cmps": 0.3693947741427562
    },
    "3": {
        "cmph": 3.461946150306364e-05,
        "cmps": 0.3523091686110678
    },
    "4": {
        "cmph": 0.011251190157783773,
        "cmps": 0.34549853737928815
    },
    "5": {
        "cmph": 0.012189728434260659,
        "cmps": 0.2301491112476521
    },
    "6": {
        "cmph": 0.011874531213705098,
        "cmps": 0.2984707251037566
    },
    "7": {
        "cmph": 0.011021015841196297,
        "cmps": 0.35342160429622094
    },
    "8": {
        "cmph": 0.010013212190803499,
        "cmps": 0.3366605298007461
    },
    "9": {
        "cmph": 0.011649105739290089,
        "cmps": 0.26184931233427133
    },
    "10": {
        "cmph": 0.011215438777225816,
        "cmps": 0.2335750313561423
    },
    "11": {
        "cmph": 0.012433959580693738,
        "cmps": 0.14868202923807697
    },
    "12": {
        "cmph": 0.010018609007864361,
        "cmps": 0.06451133964202564
    },
    "13": {
        "cmph": 0.046195940456741115,
        "cmps": 0.08688555030460912
    },
    "14": {
        "cmph": 0.028336336777983483,
        "cmps": 0.03993984830968233
    },
    "15": {
        "cmph": 0.012306084841396505,
        "cmps": 0.028438233466017333
    },
    "16": {
        "cmph": 0.02337059384639284,
        "cmps": 0.04747154875761249
    },
    "17": {
        "cmph": 0.0421390010516157,
        "cmps": 0.0447337152808239
    },
    "18": {
        "cmph": 0.012819334404124253,
        "cmps": 0.031886123257831474
    },
    "19": {
        "cmph": 0.004745172313718197,
        "cmps": 0.019736634990217286
    },
    "20": {
        "cmph": 0.01749436848843606,
        "cmps": 0.16136444264981234
    },
    "21": {
        "cmph": 0.02051787123176547,
        "cmps": 0.10892351613317643
    },
    "22": {
        "cmph": 0.014753807302592042,
        "cmps": 0.06721777169014877
    },
    "final": {
        "OverThreshold": 0,
        "Ratio": 0,
        "Frame": 22
    }
}