{
    "1": {
        "cmph": 0.018497455182611068,
        "cmps": 0.04820073050252559
    },
    "2": {
        "cmph": 0.017897207186874625,
        "cmps": 0.04382884902895296
    },
    "3": {
        "cmph": 0.017563906422945783,
        "cmps": 0.05047717641677544
    },
    "4": {
        "cmph": 0.01688685230151645,
        "cmps": 0.052579603266219334
    },
    "5": {
        "cmph": 0.016030592847318666,
        "cmps": 0.05184921066274737
    },
    "6": {
        "cmph": 0.01692123788177962,
        "cmps": 0.05715582110209998
    },
    "final": {
        "OverThreshold": 0,
        "Ratio": 0,
        "Frame": 6
    }
}