{
    "1": {
        "cmph": 0.012176329957706298,
        "cmps": 0.055455866554587695
    },
    "2": {
        "cmph": 0.015329830824428478,
        "cmps": 0.049818061031077526
    },
    "3": {
        "cmph": 0.015446700111656412,
        "cmps": 0.047854812151082476
    },
    "4": {
        "cmph": 0.016247782428880864,
        "cmps": 0.05290412615464465
    },
    "5": {
        "cmph": 0.012390529230476946,
        "cmps": 0.05138665894029606
    },
    "6": {
        "cmph": 0.012310030541662556,
        "cmps": 0.05064832039905304
    },
    "7": {
        "cmph": 0.011746867836840463,
        "cmps": 0.048248329029002626
    },
    "8": {
        "cmph": 0.011212685522842455,
        "cmps": 0.04870011406792662
    },
    "9": {
        "cmph": 0.011854696384914357,
        "cmps": 0.05358121698034723
    },
    "10": {
        "cmph": 0.010672430754128793,
        "cmps": 0.04901318530168372
    },
    "11": {
        "cmph": 0.011419999916506354,
        "cmps": 0.04860219431125754
    },
    "12": {
        "cmph": 0.011616784552151928,
        "cmps": 0.04529102035291984
    },
    "13": {
        "cmph": 0.013295775686351362,
        "cmps": 0.04598428296549903
    },
    "14": {
        "cmph": 0.01181871016873161,
        "cmps": 0.04186518671546309
    },
    "15": {
        "cmph": 0.013006063664620145,
        "cmps": 0.0433316106572789
    },
    "16": {
        "cmph": 0.01498530203490469,
        "cmps": 0.057031043799333075
    },
    "17": {
        "cmph": 0.01358330170123974,
        "cmps": 0.055577069145415825
    },
    "18": {
        "cmph": 0.010097854328236113,
        "cmps": 0.0359615699709074
    },
    "19": {
        "cmph": 0.012238276043980475,
        "cmps": 0.054671102908096986
    },
    "20": {
        "cmph": 0.012635928777765527,
        "cmps": 0.04132813689774091
    },
    "21": {
        "cmph": 0.014677622586979652,
        "cmps": 0.030590118866165885
    },
    "22": {
        "cmph": 0.014051934365174844,
        "cmps": 0.02299196171463739
    },
    "23": {
        "cmph": 0.013796157342717589,
        "cmps": 0.005570410533002485
    },
    "24": {
        "cmph": 0.014454558438672318,
        "cmps": 0.031642733061607746
    },
    "25": {
        "cmph": 0.010306988619992564,
        "cmps": 0.0578151388157322
    },
    "26": {
        "cmph": 0.014546929399395909,
        "cmps": 0.07310592753282094
    },
    "27": {
        "cmph": 0.012548490978916528,
        "cmps": 0.07351734527853797
    },
    "28": {
        "cmph": 0.008574164090120543,
        "cmps": 0.13319521450811042
    },
    "29": {
        "cmph": 0.009928800440650308,
        "cmps": 0.08967787374716746
    },
    "30": {
        "cmph": 0.01205291841133857,
        "cmps": 0.09579974110597686
    },
    "31": {
        "cmph": 0.013397220595747444,
        "cmps": 0.06100809192366694
    },
    "32": {
        "cmph": 0.008729537819898284,
        "cmps": 0.08727393673974711
    },
    "33": {
        "cmph": 0.011142105246424392,
        "cmps": 0.1289596010159988
    },
    "34": {
        "cmph": 0.009059144206507191,
        "cmps": 0.17435101738949785
    },
    "35": {
        "cmph": 0.006753961315010094,
        "cmps": 0.1352681747711047
    },
    "36": {
        "cmph": 0.005057353664544428,
        "cmps": 0.17352689332581445
    },
    "final": {
        "OverThreshold": 0,
        "Ratio": 0,
        "Frame": 36
    }
}