{
    "1": {
        "cmph": 0.29324671941084246,
        "cmps": 0.09463730327593589
    },
    "2": {
        "cmph": 0.292340809007017,
        "cmps": 0.10697352148302522
    },
    "3": {
        "cmph": 0.2521821373772548,
        "cmps": 0.14964853709518935
    },
    "4": {
        "cmph": 0.19446222764405735,
        "cmps": 0.17011924682413196
    },
    "5": {
        "cmph": 0.2049431564040421,
        "cmps": 0.18058710612841322
    },
    "6": {
        "cmph": 0.2187972601166111,
        "cmps": 0.24430923646718747
    },
    "7": {
        "cmph": 0.22069112068911123,
        "cmps": 0.3007345690161291
    },
    "8": {
        "cmph": 0.1302615413578808,
        "cmps": 0.3060304407482449
    },
    "9": {
        "cmph": 0.10950130950748041,
        "cmps": 0.27554892171504897
    },
    "10": {
        "cmph": 0.11723333608436572,
        "cmps": 0.38538956825395027
    },
    "11": {
        "cmph": 0.08768300608071553,
        "cmps": 0.2885982655335716
    },
    "12": {
        "cmph": 0.03170739156298136,
        "cmps": 0.24175038371729993
    },
    "13": {
        "cmph": 0.027070639801612315,
        "cmps": 0.2609081742106611
    },
    "14": {
        "cmph": 0.00999819855034764,
        "cmps": 0.19005405848954432
    },
    "15": {
        "cmph": 0.003439499390459858,
        "cmps": 0.18065231791117797
    },
    "16": {
        "cmph": 0.011284469294280184,
        "cmps": 0.20235837181479527
    },
    "17": {
        "cmph": 0.008823137416160956,
        "cmps": 0.03896606641428092
    },
    "18": {
        "cmph": 0.009084789782610314,
        "cmps": 0.008229769578268062
    },
    "19": {
        "cmph": 0.00904599508122329,
        "cmps": 0.0030638565790676955
    },
    "20": {
        "cmph": 0.010093581311650727,
        "cmps": 0.01840817399513109
    },
    "21": {
        "cmph": 0.008208884433458184,
        "cmps": 0.05026453484270368
    },
    "final": {
        "OverThreshold": 3,
        "Ratio": 14,
        "Frame": 21
    }
}