{
    "1": {
        "cmph": 0.01495594757744362,
        "cmps": 0.04634174757262612
    },
    "2": {
        "cmph": 0.016706185461617288,
        "cmps": 0.04933199145917979
    },
    "3": {
        "cmph": 0.01540094711186033,
        "cmps": 0.05766583742155334
    },
    "4": {
        "cmph": 0.01524708806717156,
        "cmps": 0.062173991053660366
    },
    "5": {
        "cmph": 0.015066036890076495,
        "cmps": 0.06514884007772671
    },
    "6": {
        "cmph": 0.014537763727890625,
        "cmps": 0.06659342628477885
    },
    "7": {
        "cmph": 0.01488349400751889,
        "cmps": 0.061552290411197336
    },
    "8": {
        "cmph": 0.01402629996832688,
        "cmps": 0.06051882253371685
    },
    "9": {
        "cmph": 0.015526416193133568,
        "cmps": 0.07253125090457092
    },
    "10": {
        "cmph": 0.013671272562777854,
        "cmps": 0.07166706548303269
    },
    "11": {
        "cmph": 0.016424754104589268,
        "cmps": 0.08341532247439647
    },
    "12": {
        "cmph": 0.015273260003534883,
        "cmps": 0.07912852604710989
    },
    "13": {
        "cmph": 0.01756691964365716,
        "cmps": 0.07457059442208147
    },
    "14": {
        "cmph": 0.01760176223875966,
        "cmps": 0.06346071166037016
    },
    "15": {
        "cmph": 0.020079830001921994,
        "cmps": 0.06661974430260992
    },
    "16": {
        "cmph": 0.017672668105829376,
        "cmps": 0.06235447253191452
    },
    "17": {
        "cmph": 0.01619787885317547,
        "cmps": 0.07287196748292776
    },
    "18": {
        "cmph": 0.018581235815407583,
        "cmps": 0.08490861156390374
    },
    "19": {
        "cmph": 0.017982278369181943,
        "cmps": 0.08340361409100025
    },
    "20": {
        "cmph": 0.019276398698022643,
        "cmps": 0.0850321443525876
    },
    "21": {
        "cmph": 0.01801699633790483,
        "cmps": 0.08010171484908132
    },
    "final": {
        "OverThreshold": 0,
        "Ratio": 0,
        "Frame": 21
    }
}