{
    "1": {
        "cmph": 0.012306279720789444,
        "cmps": 0.05780161047889066
    },
    "2": {
        "cmph": 0.01259991045669183,
        "cmps": 0.04390634196338629
    },
    "3": {
        "cmph": 0.012168624108918858,
        "cmps": 0.038419492147871215
    },
    "4": {
        "cmph": 0.00913722317070166,
        "cmps": 0.04500507349748898
    },
    "5": {
        "cmph": 0.011050584779082457,
        "cmps": 0.04014086370213449
    },
    "6": {
        "cmph": 0.010524207489122297,
        "cmps": 0.037409367116379544
    },
    "7": {
        "cmph": 0.010033512951880545,
        "cmps": 0.03614965511342346
    },
    "8": {
        "cmph": 0.009684332140825877,
        "cmps": 0.034105370384609326
    },
    "9": {
        "cmph": 0.0030810586283038684,
        "cmps": 0.03714770879323164
    },
    "10": {
        "cmph": 0.007431876422248614,
        "cmps": 0.03453658869379582
    },
    "11": {
        "cmph": 0.014447771363084042,
        "cmps": 0.03262921410630521
    },
    "final": {
        "OverThreshold": 0,
        "Ratio": 0,
        "Frame": 11
    }
}