{
    "1": {
        "cmph": 0.008256246731982993,
        "cmps": 0.029388834297865592
    },
    "2": {
        "cmph": 0.006946962183407067,
        "cmps": 0.020195395838689467
    },
    "3": {
        "cmph": 0.12913909599557566,
        "cmps": 0.023008281472609717
    },
    "4": {
        "cmph": 0.2797507584130565,
        "cmps": 0.029400923467240693
    },
    "5": {
        "cmph": 0.5764009068716256,
        "cmps": 0.027472867736797784
    },
    "6": {
        "cmph": 0.5990282314390328,
        "cmps": 0.022078719059413592
    },
    "7": {
        "cmph": 0.7105360906422777,
        "cmps": 0.028508031263355497
    },
    "8": {
        "cmph": 0.7016032322125826,
        "cmps": 0.027539820869105287
    },
    "9": {
        "cmph": 0.8692875988981223,
        "cmps": 0.018352154264085416
    },
    "10": {
        "cmph": 0.8629932785743958,
        "cmps": 0.012694226759184607
    },
    "11": {
        "cmph": 0.7331906539488058,
        "cmps": 0.01790816890689293
    },
    "12": {
        "cmph": 0.7387944759549018,
        "cmps": 0.019618702498429192
    },
    "13": {
        "cmph": 0.6831004734070476,
        "cmps": 0.023859114419440507
    },
    "final": {
        "OverThreshold": 10,
        "Ratio": 76,
        "Frame": 13
    }
}