{
    "1": {
        "cmph": 0.0007101461726771217,
        "cmps": 0.04649136404011647
    },
    "2": {
        "cmph": 0.006380986422380176,
        "cmps": 0.03843823209604257
    },
    "3": {
        "cmph": 0.010604695730515581,
        "cmps": 0.0387655737621922
    },
    "4": {
        "cmph": 0.008376129291337466,
        "cmps": 0.04454427285397208
    },
    "5": {
        "cmph": 0.009678536313093315,
        "cmps": 0.03895287005807706
    },
    "6": {
        "cmph": 0.010001822449985511,
        "cmps": 0.03677561168157771
    },
    "7": {
        "cmph": 0.00977164094943628,
        "cmps": 0.03206983113058614
    },
    "8": {
        "cmph": 0.010472469174797815,
        "cmps": 0.0340727734836444
    },
    "9": {
        "cmph": 0.009942936046956714,
        "cmps": 0.03711371274320734
    },
    "10": {
        "cmph": 0.010595940018718247,
        "cmps": 0.029236697733433518
    },
    "11": {
        "cmph": 0.005194543501128905,
        "cmps": 0.028223960975489605
    },
    "12": {
        "cmph": 0.0012105343971498942,
        "cmps": 0.027396048087215935
    },
    "13": {
        "cmph": 0.014840459304778786,
        "cmps": 0.027825808944417624
    },
    "14": {
        "cmph": 0.01318978558607548,
        "cmps": 0.027118040032271955
    },
    "15": {
        "cmph": 0.02115463999813655,
        "cmps": 0.03146022608323145
    },
    "16": {
        "cmph": 0.061442589166926895,
        "cmps": 0.03963341448301948
    },
    "17": {
        "cmph": 0.1345198497157429,
        "cmps": 0.0399635534686929
    },
    "18": {
        "cmph": 0.44784369282897024,
        "cmps": 0.01843827904349422
    },
    "19": {
        "cmph": 0.24163330420617235,
        "cmps": 0.03676617732472183
    },
    "20": {
        "cmph": 0.41541615019338773,
        "cmps": 0.029874810102156736
    },
    "21": {
        "cmph": 0.3671989289497685,
        "cmps": 0.03430543828035927
    },
    "22": {
        "cmph": 0.5694878560788686,
        "cmps": 0.00417090654929594
    },
    "23": {
        "cmph": 0.552392476587708,
        "cmps": 0.03056806231930174
    },
    "24": {
        "cmph": 0.6753978473595793,
        "cmps": 0.016888722159030818
    },
    "25": {
        "cmph": 0.5975725812471224,
        "cmps": 0.01637310555336452
    },
    "26": {
        "cmph": 0.67325147487228,
        "cmps": 0.026410082945629576
    },
    "27": {
        "cmph": 0.7158248237992388,
        "cmps": 0.022751924778008865
    },
    "28": {
        "cmph": 0.7582458650054986,
        "cmps": 0.006209589598067201
    },
    "29": {
        "cmph": 0.807965414170951,
        "cmps": 0.02701284046218989
    },
    "30": {
        "cmph": 0.722108001904094,
        "cmps": 0.01706824445701956
    },
    "31": {
        "cmph": 0.6480792367360918,
        "cmps": 0.034250466743188
    },
    "32": {
        "cmph": 0.5644158946165284,
        "cmps": 0.03279712136269094
    },
    "33": {
        "cmph": 0.8413877104291945,
        "cmps": 0.011579300060072266
    },
    "34": {
        "cmph": 0.7482799835824554,
        "cmps": 0.0008263417681344189
    },
    "35": {
        "cmph": 0.748824000202896,
        "cmps": 0.007523673650670388
    },
    "36": {
        "cmph": 0.8190936956159416,
        "cmps": 0.004513798235503911
    },
    "final": {
        "OverThreshold": 4,
        "Ratio": 11,
        "Frame": 36
    }
}