{
    "1": {
        "cmph": 0.006035305746821514,
        "cmps": 0.01783025885248185
    },
    "2": {
        "cmph": 0.010854925422504139,
        "cmps": 0.020134986152011796
    },
    "3": {
        "cmph": 0.02529217402323932,
        "cmps": 0.01010770725908667
    },
    "4": {
        "cmph": 0.001293376427998453,
        "cmps": 0.0190459211415903
    },
    "5": {
        "cmph": 0.0016094672585569099,
        "cmps": 0.034591855998238316
    },
    "6": {
        "cmph": 0.001337450601816891,
        "cmps": 0.04042756429348663
    },
    "7": {
        "cmph": 0.009632453803129054,
        "cmps": 0.013770998110165716
    },
    "8": {
        "cmph": 0.005716956557408039,
        "cmps": 0.023656727884695628
    },
    "9": {
        "cmph": 0.0031213461426028116,
        "cmps": 0.00786529637853707
    },
    "10": {
        "cmph": 0.00031483606930405916,
        "cmps": 0.02070705263818459
    },
    "11": {
        "cmph": 0.022654700364056923,
        "cmps": 0.06683388866242204
    },
    "12": {
        "cmph": 0.04265262680810555,
        "cmps": 0.01924961008768453
    },
    "13": {
        "cmph": 0.020365194972650352,
        "cmps": 0.002101781071078241
    },
    "14": {
        "cmph": 0.0715571973327226,
        "cmps": 0.0662043516446635
    },
    "15": {
        "cmph": 0.08276490314679699,
        "cmps": 0.08065701404114206
    },
    "16": {
        "cmph": 0.10074265263952044,
        "cmps": 0.14990958941157453
    },
    "17": {
        "cmph": 0.16377797135891914,
        "cmps": 0.1781878503852588
    },
    "18": {
        "cmph": 0.2589326563251644,
        "cmps": 0.3399284667022277
    },
    "19": {
        "cmph": 0.2882115438002476,
        "cmps": 0.29663970675131884
    },
    "20": {
        "cmph": 0.006776760075931332,
        "cmps": 0.2226990775969449
    },
    "21": {
        "cmph": 0.010132418611034666,
        "cmps": 0.21806941091227494
    },
    "final": {
        "OverThreshold": 3,
        "Ratio": 14,
        "Frame": 21
    }
}