{
    "1": {
        "cmph": 0.00010858141049532356,
        "cmps": 0.04647741390306061
    },
    "2": {
        "cmph": 0.02499728491822625,
        "cmps": 0.06038457214486406
    },
    "3": {
        "cmph": 0.002039852442329194,
        "cmps": 0.07307511998543938
    },
    "4": {
        "cmph": 0.01892360869845161,
        "cmps": 0.08601513760942107
    },
    "5": {
        "cmph": 0.0018484972909276248,
        "cmps": 0.07953088635050273
    },
    "6": {
        "cmph": 0.015721630972567846,
        "cmps": 0.07259566924042907
    },
    "7": {
        "cmph": 0.024294804827929246,
        "cmps": 0.04782172130393819
    },
    "final": {
        "OverThreshold": 0,
        "Ratio": 0,
        "Frame": 7
    }
}