{
    "1": {
        "cmph": 0.02108950711150753,
        "cmps": 0.21076072717610492
    },
    "2": {
        "cmph": 0.0212903919258297,
        "cmps": 0.22334168152808154
    },
    "3": {
        "cmph": 0.01708815717970553,
        "cmps": 0.2587530865633956
    },
    "4": {
        "cmph": 0.015903446704284476,
        "cmps": 0.2660007809399857
    },
    "5": {
        "cmph": 0.017882290422195295,
        "cmps": 0.27044259370357765
    },
    "6": {
        "cmph": 0.015947482307175638,
        "cmps": 0.2236477905582495
    },
    "7": {
        "cmph": 0.016620414910756866,
        "cmps": 0.21429377817495598
    },
    "8": {
        "cmph": 0.016989607354634118,
        "cmps": 0.20311602848553376
    },
    "9": {
        "cmph": 0.016500269654605885,
        "cmps": 0.15300035245346272
    },
    "10": {
        "cmph": 0.014099899160688352,
        "cmps": 0.06606978094861818
    },
    "11": {
        "cmph": 0.016714813915961392,
        "cmps": 0.057522701567555026
    },
    "12": {
        "cmph": 0.017622603794525047,
        "cmps": 0.019603206182110863
    },
    "13": {
        "cmph": 0.01700414034465708,
        "cmps": 0.029510120922675756
    },
    "14": {
        "cmph": 0.017716438927665976,
        "cmps": 0.06034795473455492
    },
    "15": {
        "cmph": 0.018099243802110098,
        "cmps": 0.06451496674309226
    },
    "16": {
        "cmph": 0.018216948801487106,
        "cmps": 0.06658952652461908
    },
    "17": {
        "cmph": 0.014749528126590942,
        "cmps": 0.07557134262981975
    },
    "18": {
        "cmph": 0.019506391997431784,
        "cmps": 0.07595040148497394
    },
    "19": {
        "cmph": 0.021304009040108745,
        "cmps": 0.07844089378373593
    },
    "20": {
        "cmph": 0.02292554250883947,
        "cmps": 0.024880026296706978
    },
    "final": {
        "OverThreshold": 0,
        "Ratio": 0,
        "Frame": 20
    }
}