{
    "1": {
        "cmph": 0.005719225354537281,
        "cmps": 0.09580486766572903
    },
    "2": {
        "cmph": 0.007862765125461555,
        "cmps": 0.043677336152224064
    },
    "3": {
        "cmph": 0.012225332214310628,
        "cmps": 0.11561213550627421
    },
    "4": {
        "cmph": 0.011397765175992162,
        "cmps": 0.104313296558679
    },
    "5": {
        "cmph": 0.011899609175087084,
        "cmps": 0.08045797680285816
    },
    "6": {
        "cmph": 0.012035510286499828,
        "cmps": 0.05865751242222052
    },
    "7": {
        "cmph": 0.012883521818149113,
        "cmps": 0.016630465931744862
    },
    "8": {
        "cmph": 0.012439682759950325,
        "cmps": 0.0023514667526048807
    },
    "9": {
        "cmph": 0.013196757662939148,
        "cmps": 0.02696387494084818
    },
    "10": {
        "cmph": 0.013108158627280929,
        "cmps": 0.017880365038952392
    },
    "11": {
        "cmph": 0.009517131450152783,
        "cmps": 0.004894254973962677
    },
    "12": {
        "cmph": 0.011556882304736551,
        "cmps": 0.0011638911379324907
    },
    "13": {
        "cmph": 0.01673399658998434,
        "cmps": 0.046836345613475584
    },
    "14": {
        "cmph": 0.015072581651895893,
        "cmps": 0.043096525109028436
    },
    "15": {
        "cmph": 0.005910904374783016,
        "cmps": 0.003985625874023065
    },
    "16": {
        "cmph": 0.0007981076417037444,
        "cmps": 0.03620410523225044
    },
    "17": {
        "cmph": 0.20760192519281725,
        "cmps": 0.02835033545152036
    },
    "18": {
        "cmph": 0.4935129686961698,
        "cmps": 0.06366730969931637
    },
    "19": {
        "cmph": 0.2846200239505676,
        "cmps": 0.039300706535595434
    },
    "20": {
        "cmph": 0.512328015133585,
        "cmps": 0.10351758296828362
    },
    "21": {
        "cmph": 0.6161565033517101,
        "cmps": 0.28118149586393865
    },
    "22": {
        "cmph": 0.6755680128522764,
        "cmps": 0.25403738864153774
    },
    "23": {
        "cmph": 0.7053670856873171,
        "cmps": 0.2151339154486311
    },
    "24": {
        "cmph": 0.8410870833971144,
        "cmps": 0.20555973317457524
    },
    "25": {
        "cmph": 0.8764153594409135,
        "cmps": 0.31521467637187034
    },
    "26": {
        "cmph": 0.8635411800836919,
        "cmps": 0.25571219687084235
    },
    "27": {
        "cmph": 0.9063854160863681,
        "cmps": 0.24262041222322583
    },
    "28": {
        "cmph": 0.9450082600296057,
        "cmps": 0.17854970554821603
    },
    "29": {
        "cmph": 0.9288057612010119,
        "cmps": 0.16086620499690302
    },
    "30": {
        "cmph": 0.9284542587619606,
        "cmps": 0.17423517228948351
    },
    "31": {
        "cmph": 0.88931743488437,
        "cmps": 0.22544087442893998
    },
    "32": {
        "cmph": 0.8237702878960341,
        "cmps": 0.2275480614785255
    },
    "33": {
        "cmph": 0.9694334874627936,
        "cmps": 0.00458440303544482
    },
    "34": {
        "cmph": 0.9097208192736345,
        "cmps": 0.005499290847272155
    },
    "35": {
        "cmph": 0.9361600301394777,
        "cmps": 0.02016671658236567
    },
    "36": {
        "cmph": 0.9740432012842603,
        "cmps": 0.22686366690211668
    },
    "final": {
        "OverThreshold": 5,
        "Ratio": 13,
        "Frame": 36
    }
}