{
    "1": {
        "cmph": 0.011333233647152732,
        "cmps": 0.05796629116716036
    },
    "2": {
        "cmph": 0.011269764675562191,
        "cmps": 0.04747281900822974
    },
    "3": {
        "cmph": 0.011168189239663676,
        "cmps": 0.04276770790258854
    },
    "4": {
        "cmph": 0.007850597372681189,
        "cmps": 0.04761401275494044
    },
    "5": {
        "cmph": 0.010533920084323209,
        "cmps": 0.04358572884577203
    },
    "6": {
        "cmph": 0.01012600142506364,
        "cmps": 0.042847051750882575
    },
    "7": {
        "cmph": 0.009949165874024099,
        "cmps": 0.0410886610291472
    },
    "8": {
        "cmph": 0.009795438893426805,
        "cmps": 0.03958948774834389
    },
    "9": {
        "cmph": 0.004728181899743291,
        "cmps": 0.04225789167912077
    },
    "10": {
        "cmph": 0.006743830040221148,
        "cmps": 0.03802604578451491
    },
    "11": {
        "cmph": 0.015135937350082878,
        "cmps": 0.037493960129202135
    },
    "12": {
        "cmph": 0.027491491203995598,
        "cmps": 0.038276625554749935
    },
    "13": {
        "cmph": 0.012561963447299526,
        "cmps": 0.03996427452236522
    },
    "14": {
        "cmph": 0.011192569136833842,
        "cmps": 0.037357458672871116
    },
    "15": {
        "cmph": 0.05513706760029897,
        "cmps": 0.041639846504308714
    },
    "16": {
        "cmph": 0.1291033289268301,
        "cmps": 0.05272110496003914
    },
    "17": {
        "cmph": 0.24455063561693682,
        "cmps": 0.05700197359751491
    },
    "18": {
        "cmph": 0.700901435666171,
        "cmps": 0.05585932920244916
    },
    "19": {
        "cmph": 0.32488017331035096,
        "cmps": 0.06312302306491459
    },
    "20": {
        "cmph": 0.5491764364994143,
        "cmps": 0.07168911557804938
    },
    "21": {
        "cmph": 0.5728151512880304,
        "cmps": 0.07319816445146238
    },
    "22": {
        "cmph": 0.6430237976178814,
        "cmps": 0.07393655813302515
    },
    "23": {
        "cmph": 0.6634579646435529,
        "cmps": 0.059487995963384846
    },
    "24": {
        "cmph": 0.7334060475318274,
        "cmps": 0.05436744354880612
    },
    "25": {
        "cmph": 0.6551788862047494,
        "cmps": 0.05744346807777746
    },
    "26": {
        "cmph": 0.7168774309712193,
        "cmps": 0.05429930457694556
    },
    "27": {
        "cmph": 0.7288257495900097,
        "cmps": 0.05721033425004605
    },
    "28": {
        "cmph": 0.7272665258138434,
        "cmps": 0.05592049403952163
    },
    "29": {
        "cmph": 0.4174253892151926,
        "cmps": 0.053744941051737556
    },
    "30": {
        "cmph": 0.4416769355867286,
        "cmps": 0.0503729408690806
    },
    "31": {
        "cmph": 0.3876114497967745,
        "cmps": 0.046226399792878944
    },
    "32": {
        "cmph": 0.33297136173725905,
        "cmps": 0.04590259902966498
    },
    "33": {
        "cmph": 0.5078847876639334,
        "cmps": 0.03348213926835293
    },
    "34": {
        "cmph": 0.5016916962639812,
        "cmps": 0.03210099668292551
    },
    "35": {
        "cmph": 0.49588817775460003,
        "cmps": 0.030962926095987244
    },
    "36": {
        "cmph": 0.5470964456403731,
        "cmps": 0.03666125254365566
    },
    "final": {
        "OverThreshold": 5,
        "Ratio": 13,
        "Frame": 36
    }
}