{
    "1": {
        "cmph": 0.004541524601192086,
        "cmps": 0.022761156079688986
    },
    "2": {
        "cmph": 0.008236742212271912,
        "cmps": 0.021334806621524573
    },
    "3": {
        "cmph": 0.008884172155332949,
        "cmps": 0.026142203908520033
    },
    "4": {
        "cmph": 0.008591911006924104,
        "cmps": 0.027085176082526984
    },
    "5": {
        "cmph": 0.009116974213872671,
        "cmps": 0.022042226619595835
    },
    "6": {
        "cmph": 0.009339378203063355,
        "cmps": 0.022533413492576475
    },
    "7": {
        "cmph": 0.007305989406662774,
        "cmps": 0.01772851716800095
    },
    "8": {
        "cmph": 0.007765844743610796,
        "cmps": 0.01922502741595617
    },
    "9": {
        "cmph": 0.008144377315336257,
        "cmps": 0.01870747536419734
    },
    "10": {
        "cmph": 0.00787725674428401,
        "cmps": 0.019394063671164936
    },
    "11": {
        "cmph": 0.006967307894833192,
        "cmps": 0.024259016901924543
    },
    "12": {
        "cmph": 0.0035089785926923907,
        "cmps": 0.024016444567546768
    },
    "13": {
        "cmph": 0.0011118884456867955,
        "cmps": 0.025854485135104122
    },
    "14": {
        "cmph": 0.0005387013348259003,
        "cmps": 0.055839964736769186
    },
    "15": {
        "cmph": 0.0043536244654778415,
        "cmps": 0.06433685943106308
    },
    "16": {
        "cmph": 0.0028797428518788004,
        "cmps": 0.03320811598628873
    },
    "17": {
        "cmph": 0.0026882127826894655,
        "cmps": 0.0010023653017482656
    },
    "18": {
        "cmph": 0.0003256707333338895,
        "cmps": 0.019317783226888208
    },
    "19": {
        "cmph": 0.0059112051593305116,
        "cmps": 0.010953730803070848
    },
    "20": {
        "cmph": 0.0005760687739424639,
        "cmps": 0.07139225592404286
    },
    "21": {
        "cmph": 0.0016635123508733655,
        "cmps": 0.01202704215257983
    },
    "final": {
        "OverThreshold": 0,
        "Ratio": 0,
        "Frame": 21
    }
}