{
    "1": {
        "cmph": 0.10924020910247126,
        "cmps": 0.0388012572330107
    },
    "2": {
        "cmph": 0.10886675244078792,
        "cmps": 0.040666608901362276
    },
    "3": {
        "cmph": 0.09505512745897451,
        "cmps": 0.04898638071399479
    },
    "4": {
        "cmph": 0.12693740938486453,
        "cmps": 0.05317815700359819
    },
    "5": {
        "cmph": 0.15149697565896875,
        "cmps": 0.058377604285749715
    },
    "6": {
        "cmph": 0.17604943208798063,
        "cmps": 0.0641974565405889
    },
    "7": {
        "cmph": 0.18719929735688884,
        "cmps": 0.05879051428401841
    },
    "8": {
        "cmph": 0.19786019956481357,
        "cmps": 0.06254586016905582
    },
    "9": {
        "cmph": 0.22404596149308076,
        "cmps": 0.0713802665312099
    },
    "10": {
        "cmph": 0.1834173970769253,
        "cmps": 0.0686351084919213
    },
    "11": {
        "cmph": 0.2020492389640168,
        "cmps": 0.08096736025756311
    },
    "12": {
        "cmph": 0.21368184860843617,
        "cmps": 0.08315075242531215
    },
    "13": {
        "cmph": 0.1977616839380863,
        "cmps": 0.07756974834402686
    },
    "14": {
        "cmph": 0.08529301283895674,
        "cmps": 0.06875231150883554
    },
    "15": {
        "cmph": 0.07703697741385836,
        "cmps": 0.06803049017490968
    },
    "16": {
        "cmph": 0.07539468836894898,
        "cmps": 0.06303328462059468
    },
    "17": {
        "cmph": 0.0115322769277645,
        "cmps": 0.06969029884668021
    },
    "18": {
        "cmph": 0.011936212434616669,
        "cmps": 0.07143512060664621
    },
    "19": {
        "cmph": 0.01184864495738603,
        "cmps": 0.07175751428704145
    },
    "20": {
        "cmph": 0.013233207277952916,
        "cmps": 0.07185450321542991
    },
    "21": {
        "cmph": 0.002575918393661649,
        "cmps": 0.07563812215457398
    },
    "final": {
        "OverThreshold": 3,
        "Ratio": 14,
        "Frame": 21
    }
}