{
    "1": {
        "cmph": 1.0,
        "cmps": 0.011473978625725138
    },
    "2": {
        "cmph": 1.0,
        "cmps": 0.01384468147960968
    },
    "3": {
        "cmph": 1.0,
        "cmps": 0.01650220006129501
    },
    "4": {
        "cmph": 0.008422323101734644,
        "cmps": 0.019178446017157225
    },
    "5": {
        "cmph": 0.0104025217491929,
        "cmps": 0.020039325698324447
    },
    "6": {
        "cmph": 1.0,
        "cmps": 0.013703559366820479
    },
    "7": {
        "cmph": 0.019980061035457707,
        "cmps": 0.011084452660499022
    },
    "8": {
        "cmph": 0.01521402360417038,
        "cmps": 0.015386910072581934
    },
    "9": {
        "cmph": 0.01912968335336616,
        "cmps": 0.023383690218553476
    },
    "10": {
        "cmph": 0.009214860640094984,
        "cmps": 0.028828285278999815
    },
    "11": {
        "cmph": 0.0019286097345251562,
        "cmps": 0.03521425150393793
    },
    "12": {
        "cmph": 0.022731304908351294,
        "cmps": 0.04279492525457573
    },
    "13": {
        "cmph": 0.02627284676975139,
        "cmps": 0.04406579103515778
    },
    "14": {
        "cmph": 0.014410085296452435,
        "cmps": 0.04164721625306476
    },
    "15": {
        "cmph": 0.012242516169208639,
        "cmps": 0.04435654050107571
    },
    "16": {
        "cmph": 0.5845832873475931,
        "cmps": 0.04544892713479993
    },
    "17": {
        "cmph": 1.0,
        "cmps": 0.04191264072837761
    },
    "18": {
        "cmph": 0.016301063873024636,
        "cmps": 0.04553445612332659
    },
    "19": {
        "cmph": 0.01248372972813644,
        "cmps": 0.048848010769271845
    },
    "20": {
        "cmph": 1.0,
        "cmps": 0.04821366137249261
    },
    "21": {
        "cmph": 0.012270163162306731,
        "cmps": 0.051140421849444444
    },
    "final": {
        "OverThreshold": 4,
        "Ratio": 19,
        "Frame": 21
    }
}