{
    "1": {
        "cmph": 0.1641005522067288,
        "cmps": 0.04351598080927177
    },
    "2": {
        "cmph": 0.18448149369250985,
        "cmps": 0.04330380408054175
    },
    "3": {
        "cmph": 0.16690694253720822,
        "cmps": 0.048280800058429475
    },
    "4": {
        "cmph": 0.1273247201996784,
        "cmps": 0.05130932365826535
    },
    "5": {
        "cmph": 0.13443875965153654,
        "cmps": 0.053573840417320946
    },
    "6": {
        "cmph": 0.13986380596512551,
        "cmps": 0.05746018262461562
    },
    "7": {
        "cmph": 0.12818775278785857,
        "cmps": 0.05375158769814957
    },
    "8": {
        "cmph": 0.06505732151555937,
        "cmps": 0.053296146069130385
    },
    "9": {
        "cmph": 0.03708501802193476,
        "cmps": 0.05881399447424783
    },
    "10": {
        "cmph": 0.04251912796214937,
        "cmps": 0.059529898344899024
    },
    "11": {
        "cmph": 0.03343677783899399,
        "cmps": 0.06890075931978777
    },
    "12": {
        "cmph": 0.00680874693736699,
        "cmps": 0.06470938651632215
    },
    "13": {
        "cmph": 0.001840115368184708,
        "cmps": 0.06250442434477362
    },
    "14": {
        "cmph": 0.01561626111659155,
        "cmps": 0.05375234831113949
    },
    "15": {
        "cmph": 0.016451111963216605,
        "cmps": 0.053609412513828524
    },
    "16": {
        "cmph": 0.016131364487239102,
        "cmps": 0.053262961810901274
    },
    "17": {
        "cmph": 0.012899813659290865,
        "cmps": 0.0625144698119972
    },
    "18": {
        "cmph": 0.012928908855596144,
        "cmps": 0.06242424879576334
    },
    "19": {
        "cmph": 0.012721781259059036,
        "cmps": 0.06093129828636334
    },
    "20": {
        "cmph": 0.01389007926835348,
        "cmps": 0.06282593472080186
    },
    "21": {
        "cmph": 0.014025797386665692,
        "cmps": 0.06261324361745708
    },
    "final": {
        "OverThreshold": 3,
        "Ratio": 14,
        "Frame": 21
    }
}