{
    "1": {
        "cmph": 0.023994282578783152,
        "cmps": 0.05613443069725325
    },
    "2": {
        "cmph": 0.023706443345853517,
        "cmps": 0.05217178352490338
    },
    "3": {
        "cmph": 0.024260008895118854,
        "cmps": 0.06138032582847589
    },
    "4": {
        "cmph": 0.021914795715449693,
        "cmps": 0.05830104277064145
    },
    "5": {
        "cmph": 0.021041154444210293,
        "cmps": 0.060825546283603794
    },
    "6": {
        "cmph": 0.022426117766591133,
        "cmps": 0.06141758097458305
    },
    "7": {
        "cmph": 0.02203923043210945,
        "cmps": 0.0544321654059874
    },
    "8": {
        "cmph": 0.020917915364729225,
        "cmps": 0.057229532962586184
    },
    "9": {
        "cmph": 0.02062531173960623,
        "cmps": 0.06628067202143786
    },
    "10": {
        "cmph": 0.01801803473970429,
        "cmps": 0.06468358968955185
    },
    "11": {
        "cmph": 0.01988690189443491,
        "cmps": 0.08023442647116497
    },
    "12": {
        "cmph": 0.0205026475266606,
        "cmps": 0.07950763947436876
    },
    "13": {
        "cmph": 0.020591253814189168,
        "cmps": 0.07747858556720429
    },
    "14": {
        "cmph": 0.020363298531076744,
        "cmps": 0.06692003764659554
    },
    "15": {
        "cmph": 0.020913550242919583,
        "cmps": 0.06558334222319066
    },
    "16": {
        "cmph": 0.020150032368580633,
        "cmps": 0.06267283876629967
    },
    "17": {
        "cmph": 0.01705929688839646,
        "cmps": 0.06846363533286531
    },
    "18": {
        "cmph": 0.01868000614211446,
        "cmps": 0.07206253683907378
    },
    "19": {
        "cmph": 0.018344174610341654,
        "cmps": 0.07711332639465122
    },
    "20": {
        "cmph": 0.019987715754393644,
        "cmps": 0.08295501534834279
    },
    "21": {
        "cmph": 0.020781986329620573,
        "cmps": 0.08640085566859865
    },
    "final": {
        "OverThreshold": 0,
        "Ratio": 0,
        "Frame": 21
    }
}