{
    "1": {
        "cmph": 0.031061928865224606,
        "cmps": 0.05743469905553587
    },
    "2": {
        "cmph": 0.021378938313695445,
        "cmps": 0.0794361410912338
    },
    "3": {
        "cmph": 0.016953537498982936,
        "cmps": 0.06763039187452825
    },
    "4": {
        "cmph": 0.026868421632422583,
        "cmps": 0.06633023892596444
    },
    "5": {
        "cmph": 0.018845832202212694,
        "cmps": 0.06188352217061005
    },
    "6": {
        "cmph": 0.018573701760785023,
        "cmps": 0.0009336513923662951
    },
    "7": {
        "cmph": 0.01760291444998237,
        "cmps": 0.010056216203031118
    },
    "final": {
        "OverThreshold": 0,
        "Ratio": 0,
        "Frame": 7
    }
}