{
    "1": {
        "cmph": 0.012730008356477767,
        "cmps": 0.000541181222416315
    },
    "2": {
        "cmph": 0.013215889161017005,
        "cmps": 0.0015912819163267236
    },
    "3": {
        "cmph": 0.013213861746269361,
        "cmps": 0.0031480222782058437
    },
    "4": {
        "cmph": 0.014710356208485128,
        "cmps": 0.01239062183479297
    },
    "5": {
        "cmph": 0.017978334343921733,
        "cmps": 0.00404620083414888
    },
    "6": {
        "cmph": 0.01921739727765855,
        "cmps": 0.010733843144508719
    },
    "7": {
        "cmph": 0.01720420691860911,
        "cmps": 0.0766018599398176
    },
    "8": {
        "cmph": 0.01880962763188783,
        "cmps": 0.12631864492614472
    },
    "9": {
        "cmph": 0.017664618731140093,
        "cmps": 0.1992689861343786
    },
    "10": {
        "cmph": 0.017636645821518908,
        "cmps": 0.2319293950883482
    },
    "11": {
        "cmph": 0.018594190552885078,
        "cmps": 0.19045473788791922
    },
    "12": {
        "cmph": 0.02011729469920254,
        "cmps": 0.24863277712882143
    },
    "13": {
        "cmph": 0.020250678824515488,
        "cmps": 0.39426925308345134
    },
    "14": {
        "cmph": 0.021261436110830763,
        "cmps": 0.32072257104889973
    },
    "15": {
        "cmph": 0.02287030671175105,
        "cmps": 0.3224450138063832
    },
    "16": {
        "cmph": 0.02051736976609521,
        "cmps": 0.2953259995097032
    },
    "17": {
        "cmph": 0.02744565307010015,
        "cmps": 0.4081512126407801
    },
    "18": {
        "cmph": 0.02595904251029498,
        "cmps": 0.42804070318801984
    },
    "19": {
        "cmph": 0.025266292958188948,
        "cmps": 0.4843685194606843
    },
    "20": {
        "cmph": 0.021579344616040847,
        "cmps": 0.5171855946639135
    },
    "21": {
        "cmph": 0.020638637552846943,
        "cmps": 0.2538540042387621
    },
    "22": {
        "cmph": 0.0185165984901312,
        "cmps": 0.1387212146553373
    },
    "23": {
        "cmph": 0.0174385282422512,
        "cmps": 0.07664345668034973
    },
    "24": {
        "cmph": 0.01585220927202307,
        "cmps": 0.10745578243467323
    },
    "25": {
        "cmph": 0.013443778475750833,
        "cmps": 0.008558555086845561
    },
    "26": {
        "cmph": 0.014987036054874225,
        "cmps": 0.0006202345394518097
    },
    "27": {
        "cmph": 0.01313418378033351,
        "cmps": 0.008479898007064264
    },
    "28": {
        "cmph": 0.014388228454617513,
        "cmps": 0.004503858441154377
    },
    "29": {
        "cmph": 0.014689872494804175,
        "cmps": 0.028529088105120465
    },
    "30": {
        "cmph": 0.016602332134494427,
        "cmps": 0.00947489120783009
    },
    "31": {
        "cmph": 0.01857214416740188,
        "cmps": 0.01196921271329832
    },
    "32": {
        "cmph": 0.021793846813696928,
        "cmps": 0.05311340732877676
    },
    "33": {
        "cmph": 0.02085863602459505,
        "cmps": 0.06554599415259
    },
    "final": {
        "OverThreshold": 0,
        "Ratio": 0,
        "Frame": 33
    }
}