{
    "1": {
        "cmph": 0.07655753142647193,
        "cmps": 0.3511183002798553
    },
    "2": {
        "cmph": 0.06990805553589716,
        "cmps": 0.38290676027856585
    },
    "3": {
        "cmph": 0.0635005431769304,
        "cmps": 0.45306731775928577
    },
    "4": {
        "cmph": 0.08638179929593605,
        "cmps": 0.5009861796341882
    },
    "5": {
        "cmph": 0.09821849314985034,
        "cmps": 0.4584809070822157
    },
    "6": {
        "cmph": 0.46591904000224166,
        "cmps": 0.3827487516754151
    },
    "7": {
        "cmph": 0.49796567321761415,
        "cmps": 0.4194689754341367
    },
    "8": {
        "cmph": 0.5029875084627229,
        "cmps": 0.412315919693939
    },
    "9": {
        "cmph": 0.4291462417856456,
        "cmps": 0.47621210459860547
    },
    "10": {
        "cmph": 0.4435905244813045,
        "cmps": 0.5083055130388006
    },
    "11": {
        "cmph": 0.4622648765608116,
        "cmps": 0.5020195697705924
    },
    "12": {
        "cmph": 0.4191798214069695,
        "cmps": 0.5064341449877493
    },
    "13": {
        "cmph": 0.44702115287658556,
        "cmps": 0.5764929600579078
    },
    "14": {
        "cmph": 0.44074542678874,
        "cmps": 0.642850583064023
    },
    "15": {
        "cmph": 0.4234935666362911,
        "cmps": 0.6397894964082705
    },
    "16": {
        "cmph": 0.5074761111111972,
        "cmps": 0.6374447427893778
    },
    "17": {
        "cmph": 0.408810808959903,
        "cmps": 0.6536522595744079
    },
    "18": {
        "cmph": 0.4500534156812071,
        "cmps": 0.6784758673622534
    },
    "19": {
        "cmph": 0.43031660126124227,
        "cmps": 0.4769290150049328
    },
    "20": {
        "cmph": 0.3488023043775608,
        "cmps": 0.504820221494052
    },
    "21": {
        "cmph": 0.27112191217154674,
        "cmps": 0.44980571105086586
    },
    "22": {
        "cmph": 0.38678903415815696,
        "cmps": 0.5124305959654779
    },
    "23": {
        "cmph": 0.35868972861832465,
        "cmps": 0.5340156703189686
    },
    "24": {
        "cmph": 0.31765434698871936,
        "cmps": 0.5167823137622564
    },
    "25": {
        "cmph": 0.23921614877909017,
        "cmps": 0.5413937351357886
    },
    "26": {
        "cmph": 0.1887167738801923,
        "cmps": 0.6374571673735604
    },
    "27": {
        "cmph": 0.24825482653809056,
        "cmps": 0.6802994152126207
    },
    "28": {
        "cmph": 0.23320187770404394,
        "cmps": 0.7297573700329101
    },
    "29": {
        "cmph": 0.1986603870894486,
        "cmps": 0.7070520773467794
    },
    "30": {
        "cmph": 0.1730905268605263,
        "cmps": 0.7005081250593862
    },
    "31": {
        "cmph": 0.12375714195622715,
        "cmps": 0.5468848548214608
    },
    "32": {
        "cmph": 0.16966475858662414,
        "cmps": 0.4962931593088724
    },
    "33": {
        "cmph": 0.1223178215161078,
        "cmps": 0.31441657284571983
    },
    "34": {
        "cmph": 0.20812711972746498,
        "cmps": 0.1684268939379534
    },
    "35": {
        "cmph": 0.16827704648072966,
        "cmps": 0.23798442153150304
    },
    "36": {
        "cmph": 0.15985540831397224,
        "cmps": 0.09528945948540943
    },
    "37": {
        "cmph": 0.19970814985536148,
        "cmps": 0.0809484170701912
    },
    "final": {
        "OverThreshold": 7,
        "Ratio": 18,
        "Frame": 37
    }
}