{
    "1": {
        "cmph": 0.0429899893030419,
        "cmps": 0.08336179047605548
    },
    "2": {
        "cmph": 0.015968314753427783,
        "cmps": 0.08026234588562678
    },
    "3": {
        "cmph": 0.011406943747206457,
        "cmps": 0.09647535012789009
    },
    "4": {
        "cmph": 0.012703366057253128,
        "cmps": 0.10800793704133312
    },
    "5": {
        "cmph": 0.018132673959972135,
        "cmps": 0.09218124654716067
    },
    "6": {
        "cmph": 0.006943763076206412,
        "cmps": 0.08336951782820484
    },
    "7": {
        "cmph": 0.005234819991413026,
        "cmps": 0.06377121731013868
    },
    "8": {
        "cmph": 0.019355635041476936,
        "cmps": 0.08886737279397273
    },
    "9": {
        "cmph": 0.017436859764670094,
        "cmps": 0.05841142571158054
    },
    "10": {
        "cmph": 0.02042950990680287,
        "cmps": 0.09395037473440102
    },
    "11": {
        "cmph": 0.02491065668722462,
        "cmps": 0.10784953666943424
    },
    "12": {
        "cmph": 0.006559019965349521,
        "cmps": 0.09920096122370498
    },
    "13": {
        "cmph": 0.02129104496736017,
        "cmps": 0.09514317687784139
    },
    "14": {
        "cmph": 0.016983172393672166,
        "cmps": 0.09407993452927478
    },
    "15": {
        "cmph": 0.021133768838386607,
        "cmps": 0.09673478647593929
    },
    "16": {
        "cmph": 0.022257652900010968,
        "cmps": 0.09094917756041783
    },
    "17": {
        "cmph": 0.01381874619018641,
        "cmps": 0.06756018102675093
    },
    "18": {
        "cmph": 0.0087756835647447,
        "cmps": 0.08306308851332471
    },
    "19": {
        "cmph": 0.016447857872701515,
        "cmps": 0.0745022687327931
    },
    "20": {
        "cmph": 0.024473861606605543,
        "cmps": 0.06289165511939468
    },
    "21": {
        "cmph": 0.015710034600867336,
        "cmps": 0.042234381734303494
    },
    "22": {
        "cmph": 0.010822745579605083,
        "cmps": 0.05608919224854862
    },
    "23": {
        "cmph": 0.0112851610985907,
        "cmps": 0.049792389834186664
    },
    "24": {
        "cmph": 0.011618623928227802,
        "cmps": 0.02998739482386439
    },
    "25": {
        "cmph": 0.01575036980674055,
        "cmps": 0.03372042411030591
    },
    "26": {
        "cmph": 0.008476627111427805,
        "cmps": 0.02605486898452541
    },
    "27": {
        "cmph": 0.012941398142326562,
        "cmps": 0.007794233597420371
    },
    "28": {
        "cmph": 0.016258291945177777,
        "cmps": 0.0259069511719734
    },
    "29": {
        "cmph": 0.006670734747304394,
        "cmps": 0.06084170820507747
    },
    "30": {
        "cmph": 0.010361181613909911,
        "cmps": 0.04032424543358106
    },
    "31": {
        "cmph": 0.014983293991213625,
        "cmps": 0.01614721000919181
    },
    "32": {
        "cmph": 0.009671450217047085,
        "cmps": 0.008694673861300697
    },
    "33": {
        "cmph": 0.016334026675370206,
        "cmps": 0.17828548971218544
    },
    "34": {
        "cmph": 0.012186550036391132,
        "cmps": 0.2966189158659965
    },
    "35": {
        "cmph": 0.006954177031458763,
        "cmps": 0.48217178837064245
    },
    "36": {
        "cmph": 0.012929125579562736,
        "cmps": 0.6692765127130008
    },
    "37": {
        "cmph": 0.004759017378321486,
        "cmps": 0.5670673931334392
    },
    "final": {
        "OverThreshold": 0,
        "Ratio": 0,
        "Frame": 37
    }
}