{
    "1": {
        "cmph": 0.026903294956545226,
        "cmps": 0.13794016104034698
    },
    "2": {
        "cmph": 0.024549751212037167,
        "cmps": 0.11263250879247655
    },
    "3": {
        "cmph": 0.025171231256294276,
        "cmps": 0.12267968658994595
    },
    "4": {
        "cmph": 0.02476302541258482,
        "cmps": 0.11724666997955065
    },
    "5": {
        "cmph": 0.024187421656974614,
        "cmps": 0.10690488317285028
    },
    "6": {
        "cmph": 0.025120449796785453,
        "cmps": 0.11756250475701832
    },
    "final": {
        "OverThreshold": 0,
        "Ratio": 0,
        "Frame": 6
    }
}