{
    "1": {
        "cmph": 0.01459311047370138,
        "cmps": 0.11103899499686902
    },
    "2": {
        "cmph": 0.017319487714220077,
        "cmps": 0.045752663213677804
    },
    "3": {
        "cmph": 0.01820232212714702,
        "cmps": 0.07649016406818814
    },
    "4": {
        "cmph": 0.01770970451241585,
        "cmps": 0.07822418174295807
    },
    "5": {
        "cmph": 0.016274494108294214,
        "cmps": 0.0883577115961033
    },
    "6": {
        "cmph": 0.01647968430879642,
        "cmps": 0.07484774973723134
    },
    "7": {
        "cmph": 0.01618215992975677,
        "cmps": 0.0966545171625163
    },
    "8": {
        "cmph": 0.01494925374369862,
        "cmps": 0.0979647264241159
    },
    "9": {
        "cmph": 0.014961943670091064,
        "cmps": 0.07203420052850046
    },
    "10": {
        "cmph": 0.014165402776870664,
        "cmps": 0.05972999634170699
    },
    "11": {
        "cmph": 0.016342838721973438,
        "cmps": 0.0919072606704927
    },
    "12": {
        "cmph": 0.017395156535784356,
        "cmps": 0.07296142454837051
    },
    "13": {
        "cmph": 0.015711940079708428,
        "cmps": 0.020675229984538208
    },
    "14": {
        "cmph": 0.015368466733116927,
        "cmps": 0.03349012973654968
    },
    "15": {
        "cmph": 0.014324873252517568,
        "cmps": 0.064403754571916
    },
    "final": {
        "OverThreshold": 0,
        "Ratio": 0,
        "Frame": 15
    }
}