{
    "1": {
        "cmph": 0.02048763105772609,
        "cmps": 0.12436288052891906
    },
    "2": {
        "cmph": 0.019340801005557715,
        "cmps": 0.11917337695010832
    },
    "3": {
        "cmph": 0.01925303072514147,
        "cmps": 0.12247096861290095
    },
    "4": {
        "cmph": 0.017846528361805076,
        "cmps": 0.10808528133723402
    },
    "5": {
        "cmph": 0.018288263922322488,
        "cmps": 0.10109802293695273
    },
    "6": {
        "cmph": 0.017609736878766203,
        "cmps": 0.09474311038022096
    },
    "7": {
        "cmph": 0.018162234257925205,
        "cmps": 0.10202182658373708
    },
    "8": {
        "cmph": 0.017259226420213856,
        "cmps": 0.10101427269613623
    },
    "9": {
        "cmph": 0.01633468801962959,
        "cmps": 0.10571600712536228
    },
    "10": {
        "cmph": 0.016321995584060882,
        "cmps": 0.10627636074635154
    },
    "11": {
        "cmph": 0.015889195186739848,
        "cmps": 0.11655690735593338
    },
    "12": {
        "cmph": 0.015297828510467942,
        "cmps": 0.11668980799592438
    },
    "13": {
        "cmph": 0.014535571620868748,
        "cmps": 0.11488147606226644
    },
    "14": {
        "cmph": 0.014695238621552097,
        "cmps": 0.12203628577212533
    },
    "15": {
        "cmph": 0.014318800717938725,
        "cmps": 0.12054864777644611
    },
    "16": {
        "cmph": 0.01481063920037658,
        "cmps": 0.12213200034588279
    },
    "17": {
        "cmph": 0.014518048110108072,
        "cmps": 0.10781979992508559
    },
    "18": {
        "cmph": 0.015155154116763252,
        "cmps": 0.11150861110830168
    },
    "19": {
        "cmph": 0.014720661573736771,
        "cmps": 0.11205795840436505
    },
    "20": {
        "cmph": 0.015234030894734536,
        "cmps": 0.11819780874116552
    },
    "21": {
        "cmph": 0.015056099643574678,
        "cmps": 0.11445181012001297
    },
    "22": {
        "cmph": 0.013998999841568709,
        "cmps": 0.1254033436644325
    },
    "23": {
        "cmph": 0.013212319172611797,
        "cmps": 0.12691887128763207
    },
    "24": {
        "cmph": 0.012627527650723377,
        "cmps": 0.11713805497544308
    },
    "25": {
        "cmph": 0.011793985801069693,
        "cmps": 0.09691507548649966
    },
    "26": {
        "cmph": 0.0114899360559976,
        "cmps": 0.09884601696064226
    },
    "27": {
        "cmph": 0.011083419579151687,
        "cmps": 0.09220688770269679
    },
    "28": {
        "cmph": 0.011132161056230433,
        "cmps": 0.0887669307849947
    },
    "29": {
        "cmph": 0.011729141004865478,
        "cmps": 0.09807260078167743
    },
    "30": {
        "cmph": 0.012516374633168074,
        "cmps": 0.0941522816079524
    },
    "31": {
        "cmph": 0.013602945500948371,
        "cmps": 0.10375179012546544
    },
    "32": {
        "cmph": 0.015397451220325663,
        "cmps": 0.09249138657501192
    },
    "final": {
        "OverThreshold": 0,
        "Ratio": 0,
        "Frame": 32
    }
}