{
    "1": {
        "cmph": 0.004177162184940025,
        "cmps": 0.4762261713399105
    },
    "2": {
        "cmph": 0.0008586388754031163,
        "cmps": 0.5718276256083085
    },
    "3": {
        "cmph": 0.09949684197976563,
        "cmps": 0.6090213314445438
    },
    "4": {
        "cmph": 0.11039791137429415,
        "cmps": 0.536047306918535
    },
    "5": {
        "cmph": 0.12729238692447736,
        "cmps": 0.48532887198194885
    },
    "6": {
        "cmph": 0.09645975715860537,
        "cmps": 0.4731758476480407
    },
    "7": {
        "cmph": 0.06479197426045893,
        "cmps": 0.4659012485287609
    },
    "8": {
        "cmph": 0.002360346039246235,
        "cmps": 0.4976824099932008
    },
    "9": {
        "cmph": 0.01773205161546484,
        "cmps": 0.5174612869715618
    },
    "10": {
        "cmph": 0.01326825024185642,
        "cmps": 0.5041391575407856
    },
    "11": {
        "cmph": 0.01883629604637641,
        "cmps": 0.5246878501243454
    },
    "12": {
        "cmph": 0.03167811644363159,
        "cmps": 0.5932894995172701
    },
    "13": {
        "cmph": 0.032169335518207755,
        "cmps": 0.5786503657386713
    },
    "14": {
        "cmph": 0.06030799179755987,
        "cmps": 0.6166802222085616
    },
    "15": {
        "cmph": 0.0886924587767137,
        "cmps": 0.6538171725460161
    },
    "16": {
        "cmph": 0.09371096525452752,
        "cmps": 0.6691851204801684
    },
    "17": {
        "cmph": 0.6786383496608286,
        "cmps": 0.7371225142217512
    },
    "18": {
        "cmph": 0.6081460515821696,
        "cmps": 0.6998081051959335
    },
    "19": {
        "cmph": 0.7414532023156974,
        "cmps": 0.7549203713949162
    },
    "20": {
        "cmph": 0.770877806028521,
        "cmps": 0.7098235310077513
    },
    "21": {
        "cmph": 0.7667187546391915,
        "cmps": 0.6595286351546265
    },
    "22": {
        "cmph": 0.7407764267791626,
        "cmps": 0.6689981558295566
    },
    "23": {
        "cmph": 0.8052954348880561,
        "cmps": 0.5911748436460665
    },
    "24": {
        "cmph": 0.8277882641674696,
        "cmps": 0.6445373526893374
    },
    "25": {
        "cmph": 0.7889510326325959,
        "cmps": 0.7558937152712004
    },
    "26": {
        "cmph": 0.7324107761715372,
        "cmps": 0.7766473141440662
    },
    "27": {
        "cmph": 0.7687951609643732,
        "cmps": 0.7585741538453568
    },
    "28": {
        "cmph": 0.7481323999831383,
        "cmps": 0.7706002950382702
    },
    "29": {
        "cmph": 0.8296995384044192,
        "cmps": 0.8109912929396702
    },
    "30": {
        "cmph": 0.8644505586428622,
        "cmps": 0.8403603920270655
    },
    "31": {
        "cmph": 0.8678495809439561,
        "cmps": 0.8431463571277673
    },
    "32": {
        "cmph": 0.9009681248930503,
        "cmps": 0.8428358517093172
    },
    "33": {
        "cmph": 0.9500151200476334,
        "cmps": 0.6904286184391006
    },
    "34": {
        "cmph": 0.33682841213562864,
        "cmps": 0.4095920695765121
    },
    "35": {
        "cmph": 0.3704944193281813,
        "cmps": 0.46059247582770807
    },
    "36": {
        "cmph": 0.2987960114045991,
        "cmps": 0.2569526315397944
    },
    "37": {
        "cmph": 0.20809313861322742,
        "cmps": 0.35219226995430586
    },
    "final": {
        "OverThreshold": 23,
        "Ratio": 62,
        "Frame": 37
    }
}