{
    "1": {
        "cmph": 0.0040301649446989355,
        "cmps": 0.12808911439313642
    },
    "2": {
        "cmph": 0.006605305848118029,
        "cmps": 0.09260248679319635
    },
    "3": {
        "cmph": 0.007536796015857339,
        "cmps": 0.10890770867772923
    },
    "4": {
        "cmph": 0.0027723136097349585,
        "cmps": 0.1205237958486069
    },
    "5": {
        "cmph": 0.007310968989691969,
        "cmps": 0.08293079623984498
    },
    "6": {
        "cmph": 0.006876799403101193,
        "cmps": 0.07060274790302948
    },
    "7": {
        "cmph": 0.007054701160139361,
        "cmps": 0.06679054940203165
    },
    "8": {
        "cmph": 0.0067612024822183425,
        "cmps": 0.058754263274470905
    },
    "9": {
        "cmph": 0.00973950540748389,
        "cmps": 0.1355893106772807
    },
    "10": {
        "cmph": 0.0033631767484664115,
        "cmps": 0.1432276705921721
    },
    "11": {
        "cmph": 0.021546363198094613,
        "cmps": 0.13241152036157552
    },
    "12": {
        "cmph": 0.03608588765459372,
        "cmps": 0.0957651186987548
    },
    "13": {
        "cmph": 0.007933669082014042,
        "cmps": 0.028557621249235582
    },
    "14": {
        "cmph": 0.006985753474960985,
        "cmps": 0.012117228995457046
    },
    "15": {
        "cmph": 0.07028382122185425,
        "cmps": 0.06946681721620951
    },
    "16": {
        "cmph": 0.15693189367019267,
        "cmps": 0.1515664613165908
    },
    "17": {
        "cmph": 0.2912948859445636,
        "cmps": 0.13879570329460483
    },
    "18": {
        "cmph": 0.8209116300755164,
        "cmps": 0.07094312936735553
    },
    "19": {
        "cmph": 0.3809522385737626,
        "cmps": 0.10520432821393318
    },
    "20": {
        "cmph": 0.6442415662626668,
        "cmps": 0.1266283148077863
    },
    "21": {
        "cmph": 0.673233693575168,
        "cmps": 0.2612091776660634
    },
    "22": {
        "cmph": 0.7584027486321028,
        "cmps": 0.1895131032279629
    },
    "23": {
        "cmph": 0.7745903271814579,
        "cmps": 0.19296775636835908
    },
    "24": {
        "cmph": 0.8457208468994774,
        "cmps": 0.14744244956216157
    },
    "25": {
        "cmph": 0.7609981234949551,
        "cmps": 0.17722147638111274
    },
    "26": {
        "cmph": 0.8157248046693748,
        "cmps": 0.12576866130834402
    },
    "27": {
        "cmph": 0.8278183622916208,
        "cmps": 0.10663923087917976
    },
    "28": {
        "cmph": 0.8329672231925486,
        "cmps": 0.05546166341330981
    },
    "29": {
        "cmph": 0.8714894305019281,
        "cmps": 0.07896871075384612
    },
    "30": {
        "cmph": 0.8286141719246644,
        "cmps": 0.08602033372799843
    },
    "31": {
        "cmph": 0.6942362703446304,
        "cmps": 0.16907072348800337
    },
    "32": {
        "cmph": 0.6089714117357302,
        "cmps": 0.21015914863633103
    },
    "33": {
        "cmph": 0.8651823908435671,
        "cmps": 0.029469752684077186
    },
    "34": {
        "cmph": 0.41836824890809415,
        "cmps": 0.14728979218791421
    },
    "35": {
        "cmph": 0.43004951137642033,
        "cmps": 0.1779833748494643
    },
    "36": {
        "cmph": 0.401600424153745,
        "cmps": 0.149733691968498
    },
    "final": {
        "OverThreshold": 4,
        "Ratio": 11,
        "Frame": 36
    }
}