{
    "1": {
        "cmph": 0.01312712290188845,
        "cmps": 0.08569266046254155
    },
    "2": {
        "cmph": 0.0004008947492869661,
        "cmps": 0.08787604179509953
    },
    "3": {
        "cmph": 0.001119756244212871,
        "cmps": 0.09125342537962094
    },
    "4": {
        "cmph": 0.008461499843599772,
        "cmps": 0.07897914292874515
    },
    "5": {
        "cmph": 0.01444774272654084,
        "cmps": 0.0706717895946103
    },
    "6": {
        "cmph": 0.01199167301036512,
        "cmps": 0.07452970488605325
    },
    "7": {
        "cmph": 0.009017815164006777,
        "cmps": 0.07795436358064341
    },
    "8": {
        "cmph": 0.009791506062188801,
        "cmps": 0.08866808605820489
    },
    "9": {
        "cmph": 0.011370144239795347,
        "cmps": 0.09525577398050307
    },
    "10": {
        "cmph": 0.009485385503482699,
        "cmps": 0.09070634859162205
    },
    "11": {
        "cmph": 0.006195315656318927,
        "cmps": 0.09383152245011091
    },
    "12": {
        "cmph": 0.006673578782018127,
        "cmps": 0.06636873301066334
    },
    "13": {
        "cmph": 0.0005311268516131161,
        "cmps": 0.08695339621191864
    },
    "14": {
        "cmph": 0.008223326390260723,
        "cmps": 0.10396456953915555
    },
    "15": {
        "cmph": 0.00947737526634915,
        "cmps": 0.08684375521644143
    },
    "16": {
        "cmph": 0.00848823540412757,
        "cmps": 0.09248341012936144
    },
    "17": {
        "cmph": 0.0010120590116586012,
        "cmps": 0.10368031348740789
    },
    "18": {
        "cmph": 0.001266914982466733,
        "cmps": 0.09956084466476577
    },
    "19": {
        "cmph": 0.0014356067152118276,
        "cmps": 0.09268012052108805
    },
    "20": {
        "cmph": 0.013440959249310745,
        "cmps": 0.0995838246919937
    },
    "21": {
        "cmph": 0.008920225963869214,
        "cmps": 0.09718251131836354
    },
    "22": {
        "cmph": 0.011911445320317255,
        "cmps": 0.08817037841246335
    },
    "23": {
        "cmph": 0.0021469022756426272,
        "cmps": 0.08792906618315602
    },
    "24": {
        "cmph": 0.0017207560717826195,
        "cmps": 0.09276920065877957
    },
    "25": {
        "cmph": 0.002886781463479983,
        "cmps": 0.08936181703170067
    },
    "26": {
        "cmph": 0.006174328070697015,
        "cmps": 0.08979262261916081
    },
    "27": {
        "cmph": 9.215287722905628e-05,
        "cmps": 0.08223916283269646
    },
    "28": {
        "cmph": 0.0009167196602212545,
        "cmps": 0.0864298922355215
    },
    "29": {
        "cmph": 0.018607570497845585,
        "cmps": 0.08866607749283509
    },
    "30": {
        "cmph": 0.02727037651925583,
        "cmps": 0.08504881657615788
    },
    "31": {
        "cmph": 0.07048652838583003,
        "cmps": 0.08528744213099215
    },
    "32": {
        "cmph": 0.11967135023915769,
        "cmps": 0.0914039728384084
    },
    "33": {
        "cmph": 0.12244781027939583,
        "cmps": 0.090465309260837
    },
    "34": {
        "cmph": 0.5558187175243862,
        "cmps": 0.05564008531741465
    },
    "35": {
        "cmph": 0.5374697859559744,
        "cmps": 0.05513856199906771
    },
    "36": {
        "cmph": 0.44284879947625516,
        "cmps": 0.057435254165483465
    },
    "37": {
        "cmph": 0.499285460030538,
        "cmps": 0.061753532599067136
    },
    "38": {
        "cmph": 0.48909448042870435,
        "cmps": 0.04717151300447469
    },
    "39": {
        "cmph": 0.41646483425984415,
        "cmps": 0.040307935115962854
    },
    "40": {
        "cmph": 0.44044607386273565,
        "cmps": 0.030254642155738573
    },
    "41": {
        "cmph": 0.4428002757704773,
        "cmps": 0.013714489594539293
    },
    "42": {
        "cmph": 0.4018392662268001,
        "cmps": 0.011162691303671526
    },
    "43": {
        "cmph": 0.4919829629380427,
        "cmps": 0.03507694559103272
    },
    "44": {
        "cmph": 0.43578139671032734,
        "cmps": 0.06717450896606761
    },
    "45": {
        "cmph": 0.5156248177034896,
        "cmps": 0.0674326570831045
    },
    "46": {
        "cmph": 0.5167198116105818,
        "cmps": 0.08155277214722732
    },
    "47": {
        "cmph": 0.5535191863776219,
        "cmps": 0.07576741410455173
    },
    "48": {
        "cmph": 0.5502536767344964,
        "cmps": 0.09561629999815924
    },
    "49": {
        "cmph": 0.612365122977041,
        "cmps": 0.19949442162242761
    },
    "50": {
        "cmph": 0.6271475796476328,
        "cmps": 0.22573132135078608
    },
    "51": {
        "cmph": 0.6409490865882328,
        "cmps": 0.21346763143335937
    },
    "52": {
        "cmph": 0.5802180606466616,
        "cmps": 0.16252014357830288
    },
    "53": {
        "cmph": 0.6127441090408612,
        "cmps": 0.28194034730658196
    },
    "54": {
        "cmph": 0.21308865385185186,
        "cmps": 0.5335337194052266
    },
    "final": {
        "OverThreshold": 34,
        "Ratio": 62,
        "Frame": 54
    }
}