{
    "1": {
        "cmph": 0.021469858614173786,
        "cmps": 0.030205257166585803
    },
    "2": {
        "cmph": 0.020992054922714217,
        "cmps": 0.03985839665294035
    },
    "3": {
        "cmph": 0.06593341221031838,
        "cmps": 0.0556753142537769
    },
    "4": {
        "cmph": 0.07895223059871631,
        "cmps": 0.06867097340168433
    },
    "5": {
        "cmph": 0.09478885649100548,
        "cmps": 0.07580820825360367
    },
    "6": {
        "cmph": 0.060774541509264625,
        "cmps": 0.05847902225993848
    },
    "7": {
        "cmph": 0.028780826077269405,
        "cmps": 0.05978582047247293
    },
    "8": {
        "cmph": 0.01866958307047426,
        "cmps": 0.0623545323104381
    },
    "9": {
        "cmph": 0.010186351393293035,
        "cmps": 0.06961775184871721
    },
    "10": {
        "cmph": 0.015487702029358189,
        "cmps": 0.07179808223185767
    },
    "11": {
        "cmph": 0.017094674856801367,
        "cmps": 0.06297560125489131
    },
    "12": {
        "cmph": 0.002045015914360404,
        "cmps": 0.0743895776130112
    },
    "13": {
        "cmph": 0.0005403604255298624,
        "cmps": 0.06329190185336038
    },
    "14": {
        "cmph": 0.009706049832511606,
        "cmps": 0.07835347581865347
    },
    "15": {
        "cmph": 0.03536531065146005,
        "cmps": 0.08338456786503272
    },
    "16": {
        "cmph": 0.01922015697602954,
        "cmps": 0.09400134360265791
    },
    "17": {
        "cmph": 0.5614257754475125,
        "cmps": 0.0997167655037113
    },
    "18": {
        "cmph": 0.5231774275154986,
        "cmps": 0.08184789183250399
    },
    "19": {
        "cmph": 0.6537150247041967,
        "cmps": 0.09228501970147399
    },
    "20": {
        "cmph": 0.6707368081130595,
        "cmps": 0.09034246257548648
    },
    "21": {
        "cmph": 0.681716356267997,
        "cmps": 0.09350846296856387
    },
    "22": {
        "cmph": 0.648792327770106,
        "cmps": 0.08857670110904614
    },
    "23": {
        "cmph": 0.6998050305047521,
        "cmps": 0.0850510359631657
    },
    "24": {
        "cmph": 0.7177697902134236,
        "cmps": 0.08717607591568399
    },
    "25": {
        "cmph": 0.6901177614868097,
        "cmps": 0.09008433661528024
    },
    "26": {
        "cmph": 0.6219254488137987,
        "cmps": 0.10208106612342445
    },
    "27": {
        "cmph": 0.6531754680074957,
        "cmps": 0.09639235763552402
    },
    "28": {
        "cmph": 0.6543782358600715,
        "cmps": 0.09196577211651052
    },
    "29": {
        "cmph": 0.714008158627275,
        "cmps": 0.08953408422557456
    },
    "30": {
        "cmph": 0.3423951193638135,
        "cmps": 0.09047472357567822
    },
    "31": {
        "cmph": 0.29967375592239925,
        "cmps": 0.09215267403497263
    },
    "32": {
        "cmph": 0.3225921029637922,
        "cmps": 0.09447571164882829
    },
    "33": {
        "cmph": 0.3958995085808177,
        "cmps": 0.09781402133653803
    },
    "34": {
        "cmph": 0.44952596654861643,
        "cmps": 0.0877762450906674
    },
    "35": {
        "cmph": 0.5421807368999263,
        "cmps": 0.10892460133520986
    },
    "36": {
        "cmph": 0.5991431936876204,
        "cmps": 0.11810045212816991
    },
    "37": {
        "cmph": 0.6261429474989257,
        "cmps": 0.12756153788387228
    },
    "final": {
        "OverThreshold": 21,
        "Ratio": 78,
        "Frame": 37
    }
}