{
    "1": {
        "cmph": 0.0028890230097081545,
        "cmps": 0.04844744672270783
    },
    "2": {
        "cmph": 8.324860202812553e-05,
        "cmps": 0.053036800457448005
    },
    "3": {
        "cmph": 0.00025859123363249607,
        "cmps": 0.05519167577452291
    },
    "4": {
        "cmph": 0.07769766548152848,
        "cmps": 0.0462789238835339
    },
    "5": {
        "cmph": 0.08450053471340752,
        "cmps": 0.044923668207601804
    },
    "6": {
        "cmph": 0.09868516034664124,
        "cmps": 0.048829240170391905
    },
    "7": {
        "cmph": 0.10309479533502007,
        "cmps": 0.05023150436922489
    },
    "8": {
        "cmph": 0.10100384496501155,
        "cmps": 0.04596573165027551
    },
    "9": {
        "cmph": 0.09647696574791836,
        "cmps": 0.045130241945879286
    },
    "10": {
        "cmph": 0.08798226917653183,
        "cmps": 0.04488266320482459
    },
    "11": {
        "cmph": 0.1090002552493413,
        "cmps": 0.04438312392841473
    },
    "12": {
        "cmph": 0.11481537033765822,
        "cmps": 0.04355272176240866
    },
    "13": {
        "cmph": 0.1191167746083587,
        "cmps": 0.04431054762624103
    },
    "14": {
        "cmph": 0.08657388433340461,
        "cmps": 0.042773130706281165
    },
    "15": {
        "cmph": 0.1403190138619834,
        "cmps": 0.04799358929963989
    },
    "16": {
        "cmph": 0.08884828064509669,
        "cmps": 0.048366423206922575
    },
    "17": {
        "cmph": 0.09279948816858276,
        "cmps": 0.04828281188710365
    },
    "18": {
        "cmph": 0.09904950997469171,
        "cmps": 0.04381835352512208
    },
    "19": {
        "cmph": 0.09646375547804038,
        "cmps": 0.046717551900061396
    },
    "20": {
        "cmph": 0.15588736775647669,
        "cmps": 0.04785450908083133
    },
    "21": {
        "cmph": 0.13570442437997254,
        "cmps": 0.04439449488499611
    },
    "22": {
        "cmph": 0.1662654575099238,
        "cmps": 0.04724045987491047
    },
    "23": {
        "cmph": 0.1271285929728312,
        "cmps": 0.04701071324393018
    },
    "24": {
        "cmph": 0.05505149610952415,
        "cmps": 0.037395406719626066
    },
    "25": {
        "cmph": 0.05067105192184502,
        "cmps": 0.034061921579060586
    },
    "26": {
        "cmph": 0.059629593954210164,
        "cmps": 0.03370422754826633
    },
    "27": {
        "cmph": 0.06303330541490296,
        "cmps": 0.034138272993072476
    },
    "28": {
        "cmph": 0.11623110546058697,
        "cmps": 0.028941115966141732
    },
    "29": {
        "cmph": 0.07783659780352195,
        "cmps": 0.029227040150339556
    },
    "30": {
        "cmph": 0.11637079480852934,
        "cmps": 0.02880701277087007
    },
    "31": {
        "cmph": 0.027081894723583896,
        "cmps": 0.035312389250853865
    },
    "32": {
        "cmph": 0.03276508050900052,
        "cmps": 0.03506351479700076
    },
    "33": {
        "cmph": 0.015874729139316285,
        "cmps": 0.03734579597535751
    },
    "34": {
        "cmph": 0.010600677154517643,
        "cmps": 0.03288735909379596
    },
    "35": {
        "cmph": 0.01127298063397177,
        "cmps": 0.034016177348845905
    },
    "36": {
        "cmph": 0.005219362425161202,
        "cmps": 0.03392889919777767
    },
    "37": {
        "cmph": 0.0027290191005772545,
        "cmps": 0.040433334498470884
    },
    "38": {
        "cmph": 0.0296680309635,
        "cmps": 0.037784586094663876
    },
    "39": {
        "cmph": 0.02831311315133028,
        "cmps": 0.012864140649726142
    },
    "40": {
        "cmph": 0.026471226339086,
        "cmps": 0.15282147785454442
    },
    "final": {
        "OverThreshold": 2,
        "Ratio": 5,
        "Frame": 40
    }
}