{
    "1": {
        "cmph": 1.0,
        "cmps": 0.0331285818232872
    },
    "2": {
        "cmph": 1.0,
        "cmps": 0.03573479652444273
    },
    "3": {
        "cmph": 1.0,
        "cmps": 0.04010693297994076
    },
    "4": {
        "cmph": 0.01235056701375461,
        "cmps": 0.0427488381147819
    },
    "5": {
        "cmph": 0.014457471866558052,
        "cmps": 0.04154222509696598
    },
    "6": {
        "cmph": 1.0,
        "cmps": 0.028040974073091005
    },
    "7": {
        "cmph": 0.03010738671125651,
        "cmps": 0.02570752095689584
    },
    "8": {
        "cmph": 0.023095766131034076,
        "cmps": 0.03427057896874615
    },
    "9": {
        "cmph": 0.02889567064912104,
        "cmps": 0.05322984139445172
    },
    "10": {
        "cmph": 0.01654540799407068,
        "cmps": 0.06514669858181475
    },
    "11": {
        "cmph": 0.03625407754332842,
        "cmps": 0.07221463300926174
    },
    "12": {
        "cmph": 0.03312928324795942,
        "cmps": 0.07837727064030467
    },
    "13": {
        "cmph": 0.039118487145895935,
        "cmps": 0.08226814895188418
    },
    "14": {
        "cmph": 0.029675261794081167,
        "cmps": 0.09115411082057961
    },
    "15": {
        "cmph": 0.018060794542196296,
        "cmps": 0.10386707701428623
    },
    "16": {
        "cmph": 0.022649669029224783,
        "cmps": 0.10092555038797438
    },
    "17": {
        "cmph": 1.0,
        "cmps": 0.07153881355016604
    },
    "18": {
        "cmph": 0.025697493787178657,
        "cmps": 0.07433446184503782
    },
    "19": {
        "cmph": 0.018893088045460815,
        "cmps": 0.07780445794405623
    },
    "20": {
        "cmph": 1.0,
        "cmps": 0.07057133380796686
    },
    "21": {
        "cmph": 0.015820874019724637,
        "cmps": 0.07188374608913084
    },
    "22": {
        "cmph": 0.023560847176813025,
        "cmps": 0.06645241403567914
    },
    "23": {
        "cmph": 0.02226392048078989,
        "cmps": 0.058671964909391645
    },
    "24": {
        "cmph": 0.021123907120070735,
        "cmps": 0.0550558278637469
    },
    "25": {
        "cmph": 0.028851590141141692,
        "cmps": 0.06275755149475734
    },
    "26": {
        "cmph": 0.02673832656136006,
        "cmps": 0.06875210386200642
    },
    "27": {
        "cmph": 0.034251539572653755,
        "cmps": 0.06806763635149073
    },
    "28": {
        "cmph": 0.016948636297853436,
        "cmps": 0.06264394138015117
    },
    "29": {
        "cmph": 0.022631824391142984,
        "cmps": 0.05882613488278147
    },
    "30": {
        "cmph": 0.023412130027116482,
        "cmps": 0.059487216395204365
    },
    "31": {
        "cmph": 0.02803545749398969,
        "cmps": 0.060456477615941924
    },
    "32": {
        "cmph": 0.02948915200552403,
        "cmps": 0.05434425744009558
    },
    "33": {
        "cmph": 0.015040671732697953,
        "cmps": 0.05244795592262371
    },
    "34": {
        "cmph": 0.016649238335410453,
        "cmps": 0.05228593430646723
    },
    "35": {
        "cmph": 0.011889576741887878,
        "cmps": 0.07238789319996036
    },
    "final": {
        "OverThreshold": 6,
        "Ratio": 17,
        "Frame": 35
    }
}