{
    "1": {
        "cmph": 0.025853497511926265,
        "cmps": 0.04794284316300285
    },
    "2": {
        "cmph": 0.02862486956116746,
        "cmps": 0.05027116382085175
    },
    "3": {
        "cmph": 0.017847666762864714,
        "cmps": 0.05310425375970151
    },
    "4": {
        "cmph": 0.007609741075993595,
        "cmps": 0.046824380406082354
    },
    "5": {
        "cmph": 0.007367397536877898,
        "cmps": 0.03377272268285247
    },
    "6": {
        "cmph": 0.005921672518287996,
        "cmps": 0.03306710178064229
    },
    "7": {
        "cmph": 0.004296922861457455,
        "cmps": 0.02927779738811819
    },
    "8": {
        "cmph": 0.004539086565060306,
        "cmps": 0.030401018229864882
    },
    "9": {
        "cmph": 0.005482970197367576,
        "cmps": 0.03210004267872039
    },
    "10": {
        "cmph": 0.004433406382265259,
        "cmps": 0.033881266436171065
    },
    "11": {
        "cmph": 0.004812401959606096,
        "cmps": 0.03995757687546739
    },
    "12": {
        "cmph": 0.004410000397579245,
        "cmps": 0.045153888353108095
    },
    "13": {
        "cmph": 0.006578132518553253,
        "cmps": 0.04536944556292089
    },
    "14": {
        "cmph": 0.03808797008272349,
        "cmps": 0.04311653094690755
    },
    "15": {
        "cmph": 0.03901202470061758,
        "cmps": 0.04818541000406766
    },
    "16": {
        "cmph": 0.040942731344900236,
        "cmps": 0.04952061789089185
    },
    "17": {
        "cmph": 0.04157344539377946,
        "cmps": 0.046945084900308666
    },
    "18": {
        "cmph": 0.03571659464390785,
        "cmps": 0.05036158164843626
    },
    "19": {
        "cmph": 0.033011963650389144,
        "cmps": 0.048588618831918715
    },
    "20": {
        "cmph": 0.05620106709964342,
        "cmps": 0.04905521943904707
    },
    "21": {
        "cmph": 0.04863549421617348,
        "cmps": 0.041666750686675705
    },
    "22": {
        "cmph": 0.059535643047534025,
        "cmps": 0.04637623248585932
    },
    "23": {
        "cmph": 0.06281074515120491,
        "cmps": 0.047784848724928365
    },
    "24": {
        "cmph": 0.04172775586196615,
        "cmps": 0.040797377473469974
    },
    "25": {
        "cmph": 0.0534576630320887,
        "cmps": 0.0651720652736512
    },
    "26": {
        "cmph": 0.04937337382003427,
        "cmps": 0.08349358327654374
    },
    "27": {
        "cmph": 0.01740400071163305,
        "cmps": 0.07217501658509443
    },
    "28": {
        "cmph": 0.008286239069682757,
        "cmps": 0.055736236615407546
    },
    "29": {
        "cmph": 0.008630480317572164,
        "cmps": 0.05737570748867657
    },
    "30": {
        "cmph": 0.012265491913397706,
        "cmps": 0.06726788924862451
    },
    "31": {
        "cmph": 1.0,
        "cmps": 0.0647729030708393
    },
    "32": {
        "cmph": 0.016830965884532638,
        "cmps": 0.06025533094730806
    },
    "33": {
        "cmph": 0.0073581360184015706,
        "cmps": 0.06367948919193478
    },
    "34": {
        "cmph": 0.019459330467284198,
        "cmps": 0.0750630870274051
    },
    "35": {
        "cmph": 0.029339882096848922,
        "cmps": 0.06922569320092599
    },
    "36": {
        "cmph": 1.0,
        "cmps": 0.059786264829403406
    },
    "37": {
        "cmph": 1.0,
        "cmps": 0.05785824233445363
    },
    "38": {
        "cmph": 1.0,
        "cmps": 0.06361456221037136
    },
    "39": {
        "cmph": 1.0,
        "cmps": 0.059421896581271824
    },
    "40": {
        "cmph": 1.0,
        "cmps": 0.06077437228500967
    },
    "41": {
        "cmph": 1.0,
        "cmps": 0.06185530248284968
    },
    "42": {
        "cmph": 1.0,
        "cmps": 0.06065205142313219
    },
    "43": {
        "cmph": 1.0,
        "cmps": 0.03217836211024111
    },
    "44": {
        "cmph": 1.0,
        "cmps": 0.021772679455490076
    },
    "45": {
        "cmph": 1.0,
        "cmps": 0.017396732729760504
    },
    "46": {
        "cmph": 1.0,
        "cmps": 0.041339433309825764
    },
    "47": {
        "cmph": 1.0,
        "cmps": 0.04892735182147281
    },
    "48": {
        "cmph": 1.0,
        "cmps": 0.04395869354758073
    },
    "49": {
        "cmph": 1.0,
        "cmps": 0.054615388324736266
    },
    "50": {
        "cmph": 1.0,
        "cmps": 0.05316829877740583
    },
    "51": {
        "cmph": 1.0,
        "cmps": 0.046973231979920656
    },
    "52": {
        "cmph": 1.0,
        "cmps": 0.057168509530762225
    },
    "53": {
        "cmph": 1.0,
        "cmps": 0.06763044543220978
    },
    "54": {
        "cmph": 1.0,
        "cmps": 0.05715776067431785
    },
    "final": {
        "OverThreshold": 12,
        "Ratio": 3,
        "Frame": 54
    }
}