{
    "1": {
        "cmph": 0.038751242932767445,
        "cmps": 0.4308814814778165
    },
    "2": {
        "cmph": 0.030036883880606213,
        "cmps": 0.4830621879113779
    },
    "3": {
        "cmph": 0.016550112458902633,
        "cmps": 0.46873609603182786
    },
    "4": {
        "cmph": 0.008382882056566827,
        "cmps": 0.42858430716108653
    },
    "5": {
        "cmph": 0.013243158903223045,
        "cmps": 0.3707714390218948
    },
    "6": {
        "cmph": 0.01616383239083097,
        "cmps": 0.33140102244317143
    },
    "7": {
        "cmph": 0.016171791851777962,
        "cmps": 0.4429083058712699
    },
    "8": {
        "cmph": 0.00452385058280803,
        "cmps": 0.38566301422103744
    },
    "9": {
        "cmph": 0.00679685180369138,
        "cmps": 0.41017498668409724
    },
    "10": {
        "cmph": 0.008180373492198563,
        "cmps": 0.4583195886673934
    },
    "11": {
        "cmph": 0.02224853843286632,
        "cmps": 0.5395473889462057
    },
    "12": {
        "cmph": 0.013552565730825434,
        "cmps": 0.57359886925944
    },
    "13": {
        "cmph": 0.004099207942412234,
        "cmps": 0.6308637772266984
    },
    "14": {
        "cmph": 0.022516086464503836,
        "cmps": 0.5487219113186481
    },
    "15": {
        "cmph": 0.025018846554538877,
        "cmps": 0.6059790800134124
    },
    "16": {
        "cmph": 0.022313538393421952,
        "cmps": 0.5285385654669249
    },
    "17": {
        "cmph": 0.028406104908768055,
        "cmps": 0.5032520066804689
    },
    "18": {
        "cmph": 0.02730988966142027,
        "cmps": 0.5699040704551119
    },
    "19": {
        "cmph": 0.029948272074014008,
        "cmps": 0.5245199215672284
    },
    "20": {
        "cmph": 0.043845796550461384,
        "cmps": 0.5143614742221527
    },
    "21": {
        "cmph": 0.03189273314304579,
        "cmps": 0.5248689807570411
    },
    "22": {
        "cmph": 0.04285762148071481,
        "cmps": 0.5809727099841444
    },
    "23": {
        "cmph": 0.034767999383827825,
        "cmps": 0.5604524004602797
    },
    "24": {
        "cmph": 0.04768485691602568,
        "cmps": 0.5538422440027296
    },
    "25": {
        "cmph": 0.03026212662865337,
        "cmps": 0.6425818694598996
    },
    "26": {
        "cmph": 0.07291824295399371,
        "cmps": 0.7257039525869043
    },
    "27": {
        "cmph": 0.017019675409388625,
        "cmps": 0.6511687317305112
    },
    "28": {
        "cmph": 0.016459221062130536,
        "cmps": 0.5861410497311595
    },
    "29": {
        "cmph": 0.02351384203889036,
        "cmps": 0.6671432311832447
    },
    "30": {
        "cmph": 0.03168421228982758,
        "cmps": 0.6612023316278292
    },
    "31": {
        "cmph": 0.07432137981969897,
        "cmps": 0.7217385213460836
    },
    "32": {
        "cmph": 0.09513307804366156,
        "cmps": 0.7391919961838374
    },
    "33": {
        "cmph": 0.09706859136658044,
        "cmps": 0.7469967392273024
    },
    "34": {
        "cmph": 0.31715684165581975,
        "cmps": 0.5563543106415488
    },
    "final": {
        "OverThreshold": 1,
        "Ratio": 2,
        "Frame": 34
    }
}