{
    "1": {
        "cmph": 0.4246905993208254,
        "cmps": 0.05138828308896815
    },
    "2": {
        "cmph": 0.34573655470767084,
        "cmps": 0.046661655310232635
    },
    "3": {
        "cmph": 0.07306690023142032,
        "cmps": 0.0579985979213928
    },
    "4": {
        "cmph": 0.1258391223121987,
        "cmps": 0.06135008308930665
    },
    "5": {
        "cmph": 0.09408106919283283,
        "cmps": 0.05968909476850246
    },
    "6": {
        "cmph": 0.00249416566936365,
        "cmps": 0.053784221827427044
    },
    "7": {
        "cmph": 0.07827590026240844,
        "cmps": 0.068786963301647
    },
    "8": {
        "cmph": 0.00173694904099815,
        "cmps": 0.06485340261840046
    },
    "9": {
        "cmph": 0.09784295645821587,
        "cmps": 0.048381299948132214
    },
    "10": {
        "cmph": 0.11456389996552456,
        "cmps": 0.04835046815411449
    },
    "11": {
        "cmph": 0.24818858024355342,
        "cmps": 0.05319626249134568
    },
    "12": {
        "cmph": 0.042318191405243386,
        "cmps": 0.05156492923021426
    },
    "13": {
        "cmph": 0.07472601553809184,
        "cmps": 0.055597349107292436
    },
    "final": {
        "OverThreshold": 2,
        "Ratio": 15,
        "Frame": 13
    }
}