{
    "1": {
        "cmph": 0.16604925746674842,
        "cmps": 0.1944811865749064
    },
    "2": {
        "cmph": 0.21240882604880573,
        "cmps": 0.1928422205881714
    },
    "3": {
        "cmph": 0.23355374265700468,
        "cmps": 0.2651761965045566
    },
    "4": {
        "cmph": 0.21916718875798402,
        "cmps": 0.3019001109094417
    },
    "5": {
        "cmph": 0.22422270839308142,
        "cmps": 0.2997100869820701
    },
    "6": {
        "cmph": 0.25891621336581383,
        "cmps": 0.3561787804053971
    },
    "7": {
        "cmph": 0.2853008901911602,
        "cmps": 0.31264873376862357
    },
    "8": {
        "cmph": 0.24727084543658498,
        "cmps": 0.32410205137344134
    },
    "9": {
        "cmph": 0.30081998012685324,
        "cmps": 0.43449515451532744
    },
    "10": {
        "cmph": 0.2904326437842692,
        "cmps": 0.4793717299271076
    },
    "11": {
        "cmph": 0.344090639070011,
        "cmps": 0.45619198623452445
    },
    "12": {
        "cmph": 0.322396032873472,
        "cmps": 0.35596594445556584
    },
    "13": {
        "cmph": 0.37402527327021895,
        "cmps": 0.2596658605492062
    },
    "14": {
        "cmph": 0.15665421117742662,
        "cmps": 0.031065163543045598
    },
    "15": {
        "cmph": 0.14320909178872193,
        "cmps": 0.07498874682868079
    },
    "16": {
        "cmph": 0.14851097136052274,
        "cmps": 0.059043931459271816
    },
    "17": {
        "cmph": 0.015579249711722502,
        "cmps": 0.0502698745483457
    },
    "18": {
        "cmph": 0.01661702166076514,
        "cmps": 0.055260468719613445
    },
    "19": {
        "cmph": 0.01706026548700126,
        "cmps": 0.04690244972722488
    },
    "20": {
        "cmph": 0.018051351905688087,
        "cmps": 0.03634399984691504
    },
    "21": {
        "cmph": 0.011420310381654464,
        "cmps": 0.023151696771968603
    },
    "final": {
        "OverThreshold": 3,
        "Ratio": 14,
        "Frame": 21
    }
}