{
    "1": {
        "cmph": 0.016670386178756755,
        "cmps": 0.04642327629520978
    },
    "2": {
        "cmph": 0.016789873466855745,
        "cmps": 0.04887265037960314
    },
    "3": {
        "cmph": 0.0008578978101333861,
        "cmps": 0.04591010961463729
    },
    "4": {
        "cmph": 0.005613194969633372,
        "cmps": 0.04313703854615568
    },
    "5": {
        "cmph": 0.012878423568934183,
        "cmps": 0.013330644548254606
    },
    "6": {
        "cmph": 0.004566604873632231,
        "cmps": 0.07659184271318392
    },
    "7": {
        "cmph": 0.01034395736392806,
        "cmps": 0.02272556675941602
    },
    "8": {
        "cmph": 0.022454942344930656,
        "cmps": 0.02360458097984953
    },
    "9": {
        "cmph": 0.020237367091305917,
        "cmps": 0.04943781532009628
    },
    "10": {
        "cmph": 0.022218686252202486,
        "cmps": 0.04628452851520894
    },
    "11": {
        "cmph": 0.02382652478311906,
        "cmps": 0.06843380639909537
    },
    "12": {
        "cmph": 0.02069499505133019,
        "cmps": 0.02977290088082484
    },
    "13": {
        "cmph": 0.019647966334556944,
        "cmps": 0.03751005349246871
    },
    "final": {
        "OverThreshold": 0,
        "Ratio": 0,
        "Frame": 13
    }
}