{
    "1": {
        "cmph": 0.020949532494602876,
        "cmps": 0.019828528132906267
    },
    "2": {
        "cmph": 0.02348932888735349,
        "cmps": 0.040495953696413
    },
    "3": {
        "cmph": 0.04210916588893479,
        "cmps": 0.049588581860112585
    },
    "4": {
        "cmph": 0.06340473898785565,
        "cmps": 0.04037485312048529
    },
    "5": {
        "cmph": 0.08222561450824313,
        "cmps": 0.04281283319749026
    },
    "6": {
        "cmph": 0.057923541352186705,
        "cmps": 0.014350731802025887
    },
    "7": {
        "cmph": 0.02704427593249018,
        "cmps": 0.014598071276703551
    },
    "8": {
        "cmph": 0.01817248118732454,
        "cmps": 0.019337347805477828
    },
    "9": {
        "cmph": 0.012518236421577858,
        "cmps": 0.03942649435300685
    },
    "10": {
        "cmph": 0.017270477624931505,
        "cmps": 0.03517595098376037
    },
    "11": {
        "cmph": 0.0158774585660657,
        "cmps": 0.048379256966274195
    },
    "12": {
        "cmph": 0.0020706109137838056,
        "cmps": 0.07341223365927237
    },
    "final": {
        "OverThreshold": 10,
        "Ratio": 83,
        "Frame": 12
    }
}