{
    "1": {
        "cmph": 0.0010361287898956733,
        "cmps": 0.05758429528679364
    },
    "2": {
        "cmph": 0.00949460185285294,
        "cmps": 0.05852885551987272
    },
    "3": {
        "cmph": 0.014283653227480715,
        "cmps": 0.049855228014231485
    },
    "4": {
        "cmph": 0.018154464571450542,
        "cmps": 0.05829379089061936
    },
    "5": {
        "cmph": 0.013640358602770845,
        "cmps": 0.03353622321066281
    },
    "6": {
        "cmph": 0.007482569260247575,
        "cmps": 0.009260728172140383
    },
    "7": {
        "cmph": 0.015485880296849594,
        "cmps": 0.025711612591054755
    },
    "8": {
        "cmph": 0.0118935440563634,
        "cmps": 0.009699519432038641
    },
    "9": {
        "cmph": 0.016643047811459265,
        "cmps": 0.04605199606566065
    },
    "10": {
        "cmph": 0.010522812994151459,
        "cmps": 0.03922869749330951
    },
    "11": {
        "cmph": 0.017940976839189333,
        "cmps": 0.029498781340655474
    },
    "12": {
        "cmph": 0.01647287443479584,
        "cmps": 0.06159230679960822
    },
    "13": {
        "cmph": 0.017338888844813948,
        "cmps": 0.054304379375217544
    },
    "14": {
        "cmph": 0.0151027747735862,
        "cmps": 0.03235399140077741
    },
    "15": {
        "cmph": 0.014625238939101098,
        "cmps": 0.05068275146474421
    },
    "16": {
        "cmph": 0.007144468767045212,
        "cmps": 0.04686479816546881
    },
    "17": {
        "cmph": 0.006995264307010321,
        "cmps": 0.04815697741403999
    },
    "18": {
        "cmph": 0.0028015367014537222,
        "cmps": 0.06724980731502125
    },
    "19": {
        "cmph": 0.015090731093338371,
        "cmps": 0.05835587053156566
    },
    "20": {
        "cmph": 0.015938574341018176,
        "cmps": 0.0499762825769756
    },
    "21": {
        "cmph": 0.009540586145175722,
        "cmps": 0.04518447539615376
    },
    "22": {
        "cmph": 0.0025073005506914773,
        "cmps": 0.05172258341868685
    },
    "23": {
        "cmph": 0.006810979884602848,
        "cmps": 0.04421716669435579
    },
    "24": {
        "cmph": 0.009279358607906319,
        "cmps": 0.0240641171967969
    },
    "25": {
        "cmph": 0.011891704798983204,
        "cmps": 0.05123904310936406
    },
    "26": {
        "cmph": 0.0110284162598055,
        "cmps": 0.048824060952981106
    },
    "27": {
        "cmph": 0.010440601845607335,
        "cmps": 0.05206536679148251
    },
    "28": {
        "cmph": 0.012941867139053886,
        "cmps": 0.04671027561971254
    },
    "29": {
        "cmph": 0.003980922604186538,
        "cmps": 0.05011350190805406
    },
    "30": {
        "cmph": 0.009259709571729967,
        "cmps": 0.051530994443169054
    },
    "31": {
        "cmph": 0.017297206022455998,
        "cmps": 0.05473035976888481
    },
    "32": {
        "cmph": 0.00745252944138752,
        "cmps": 0.05652886752299313
    },
    "33": {
        "cmph": 0.015392993647999564,
        "cmps": 0.020910598554091265
    },
    "34": {
        "cmph": 0.019088292130204593,
        "cmps": 0.03670787009313233
    },
    "35": {
        "cmph": 0.014594873558073653,
        "cmps": 0.029372849755403625
    },
    "36": {
        "cmph": 0.01450042701836148,
        "cmps": 0.03371706133276599
    },
    "37": {
        "cmph": 0.002703315141796305,
        "cmps": 0.047304360916125415
    },
    "38": {
        "cmph": 8.120147426751113e-05,
        "cmps": 0.11021786166207201
    },
    "39": {
        "cmph": 0.006843540913177302,
        "cmps": 0.0838937654533915
    },
    "40": {
        "cmph": 0.003202223189073146,
        "cmps": 0.028684071890517433
    },
    "41": {
        "cmph": 0.0017022930904402231,
        "cmps": 0.03580230875791884
    },
    "42": {
        "cmph": 0.002971382758617068,
        "cmps": 0.03909410119726362
    },
    "43": {
        "cmph": 0.0008370953154823007,
        "cmps": 0.02470122545958687
    },
    "44": {
        "cmph": 0.009344016677698743,
        "cmps": 0.024695301967008757
    },
    "45": {
        "cmph": 0.004369742354755862,
        "cmps": 0.004169453084189407
    },
    "final": {
        "OverThreshold": 0,
        "Ratio": 0,
        "Frame": 45
    }
}