{
    "1": {
        "cmph": 0.2009428643954383,
        "cmps": 0.5127522511587206
    },
    "2": {
        "cmph": 0.2524231547787502,
        "cmps": 0.5311419209266547
    },
    "3": {
        "cmph": 0.26550063490548226,
        "cmps": 0.5381997101226295
    },
    "4": {
        "cmph": 0.30968091192411895,
        "cmps": 0.5499735038552207
    },
    "5": {
        "cmph": 0.3835020356525348,
        "cmps": 0.5204879306932765
    },
    "6": {
        "cmph": 0.49337213850978956,
        "cmps": 0.5393766555912168
    },
    "7": {
        "cmph": 0.4370247545543569,
        "cmps": 0.6380680850796291
    },
    "8": {
        "cmph": 0.35592185305899837,
        "cmps": 0.6380138439487343
    },
    "9": {
        "cmph": 0.3643323604063876,
        "cmps": 0.6864841367690325
    },
    "10": {
        "cmph": 0.38461665009131657,
        "cmps": 0.7493214061713983
    },
    "11": {
        "cmph": 0.41835861452741574,
        "cmps": 0.73139695485183
    },
    "12": {
        "cmph": 0.42331570340396274,
        "cmps": 0.7504881579167931
    },
    "13": {
        "cmph": 0.5228988085292887,
        "cmps": 0.7076213866043408
    },
    "14": {
        "cmph": 0.441370336304436,
        "cmps": 0.7383931842116231
    },
    "15": {
        "cmph": 0.516312015909423,
        "cmps": 0.7155410336994974
    },
    "16": {
        "cmph": 0.5063606562278145,
        "cmps": 0.6942257248037381
    },
    "17": {
        "cmph": 0.40680694968451997,
        "cmps": 0.5950588711421961
    },
    "18": {
        "cmph": 0.5036726036065708,
        "cmps": 0.5867872221349882
    },
    "19": {
        "cmph": 0.4377880315167022,
        "cmps": 0.6260365058129209
    },
    "20": {
        "cmph": 0.4492294439849471,
        "cmps": 0.5640472686076117
    },
    "21": {
        "cmph": 0.45905750853014127,
        "cmps": 0.5871870479932556
    },
    "22": {
        "cmph": 0.48017430701866975,
        "cmps": 0.6117933822687532
    },
    "23": {
        "cmph": 0.419671843869365,
        "cmps": 0.6400841718482059
    },
    "24": {
        "cmph": 0.39445734063135823,
        "cmps": 0.7347306020050622
    },
    "25": {
        "cmph": 0.2992262803641474,
        "cmps": 0.6906945528456848
    },
    "26": {
        "cmph": 0.35334859449319084,
        "cmps": 0.684670196002175
    },
    "27": {
        "cmph": 0.36376824411246245,
        "cmps": 0.6673759110307542
    },
    "28": {
        "cmph": 0.16430577638824634,
        "cmps": 0.637517488911406
    },
    "29": {
        "cmph": 0.18543502109281848,
        "cmps": 0.7158336716810667
    },
    "30": {
        "cmph": 0.15313089211707073,
        "cmps": 0.7340428576958173
    },
    "31": {
        "cmph": 0.18276102290063073,
        "cmps": 0.7457960939976783
    },
    "32": {
        "cmph": 0.17873120905923667,
        "cmps": 0.7188408739008619
    },
    "33": {
        "cmph": 0.11704208189100125,
        "cmps": 0.6825645476031987
    },
    "34": {
        "cmph": 0.09760993339114343,
        "cmps": 0.7108809711711535
    },
    "final": {
        "OverThreshold": 3,
        "Ratio": 8,
        "Frame": 34
    }
}