{
    "1": {
        "cmph": 0.056689134740294155,
        "cmps": 0.04215011098922813
    },
    "2": {
        "cmph": 0.03437015380584431,
        "cmps": 0.03064783443478629
    },
    "3": {
        "cmph": 0.04279240328834001,
        "cmps": 0.027431296749564106
    },
    "4": {
        "cmph": 0.05137374957732412,
        "cmps": 0.03794897136613018
    },
    "5": {
        "cmph": 0.03562686411569224,
        "cmps": 0.026786271608495966
    },
    "6": {
        "cmph": 0.03907702005617799,
        "cmps": 0.071314406137719
    },
    "7": {
        "cmph": 0.006114327436951617,
        "cmps": 0.10611998296233592
    },
    "8": {
        "cmph": 0.0037429636276884617,
        "cmps": 0.12017483068458676
    },
    "9": {
        "cmph": 0.0032673758269631563,
        "cmps": 0.11959472513272401
    },
    "10": {
        "cmph": 0.013336730809953151,
        "cmps": 0.10713874987669271
    },
    "11": {
        "cmph": 0.039422766038392704,
        "cmps": 0.10726670120133212
    },
    "12": {
        "cmph": 0.05034228917514724,
        "cmps": 0.09940934161372877
    },
    "13": {
        "cmph": 0.03648125967249617,
        "cmps": 0.11998739232238644
    },
    "14": {
        "cmph": 0.02387292008107569,
        "cmps": 0.12335305473678804
    },
    "15": {
        "cmph": 0.020196474247136914,
        "cmps": 0.1050070833582448
    },
    "16": {
        "cmph": 0.03350305234991135,
        "cmps": 0.10499855150777826
    },
    "17": {
        "cmph": 0.0694634684743808,
        "cmps": 0.0817104092206732
    },
    "18": {
        "cmph": 0.056029636463048,
        "cmps": 0.05898601686756855
    },
    "19": {
        "cmph": 0.060932670167646856,
        "cmps": 0.061535756372176315
    },
    "20": {
        "cmph": 0.08389584176909434,
        "cmps": 0.03897861338834747
    },
    "21": {
        "cmph": 0.0626236768931751,
        "cmps": 0.041200939701126246
    },
    "22": {
        "cmph": 0.06296858618648296,
        "cmps": 0.042633376858583705
    },
    "23": {
        "cmph": 0.05886116611744771,
        "cmps": 0.04403577564684973
    },
    "24": {
        "cmph": 0.06871105955872128,
        "cmps": 0.04628581151653346
    },
    "25": {
        "cmph": 0.030884523820396418,
        "cmps": 0.06852014480335795
    },
    "26": {
        "cmph": 0.02474767736337972,
        "cmps": 0.08650264477913491
    },
    "27": {
        "cmph": 0.010343964880404326,
        "cmps": 0.08589141517508057
    },
    "28": {
        "cmph": 0.012300518353588629,
        "cmps": 0.08272326867751977
    },
    "29": {
        "cmph": 0.04394997369793995,
        "cmps": 0.09842840464634602
    },
    "30": {
        "cmph": 0.049657116492085256,
        "cmps": 0.10043819033184646
    },
    "31": {
        "cmph": 0.10346218393143936,
        "cmps": 0.09111732463475479
    },
    "32": {
        "cmph": 0.16039144522278723,
        "cmps": 0.049353638627425665
    },
    "final": {
        "OverThreshold": 1,
        "Ratio": 3,
        "Frame": 32
    }
}