{
    "1": {
        "cmph": 0.025610933332113818,
        "cmps": 0.12310808918721619
    },
    "2": {
        "cmph": 0.024583864218198196,
        "cmps": 0.11370108516564148
    },
    "3": {
        "cmph": 0.025046001595591307,
        "cmps": 0.1304456271346943
    },
    "4": {
        "cmph": 0.024486540585784356,
        "cmps": 0.11580711487445738
    },
    "5": {
        "cmph": 0.024873834664838702,
        "cmps": 0.11571178192638527
    },
    "6": {
        "cmph": 0.025901554885946025,
        "cmps": 0.11657243849315088
    },
    "7": {
        "cmph": 0.02641593034266226,
        "cmps": 0.11644991145888937
    },
    "8": {
        "cmph": 0.02557686922321996,
        "cmps": 0.11581804747509081
    },
    "9": {
        "cmph": 0.026690172089067262,
        "cmps": 0.12104042588012659
    },
    "10": {
        "cmph": 0.02758459741789191,
        "cmps": 0.12240831308232264
    },
    "11": {
        "cmph": 0.02716774357364541,
        "cmps": 0.13144671767366586
    },
    "12": {
        "cmph": 0.027089006179734285,
        "cmps": 0.13160776319882891
    },
    "13": {
        "cmph": 0.027824667161160273,
        "cmps": 0.1281365929979344
    },
    "14": {
        "cmph": 0.028107031385211464,
        "cmps": 0.13904585271005487
    },
    "15": {
        "cmph": 0.027923743416749983,
        "cmps": 0.14445398081127445
    },
    "16": {
        "cmph": 0.02737876932951791,
        "cmps": 0.12916105376713202
    },
    "17": {
        "cmph": 0.025264823059161924,
        "cmps": 0.11919696220073991
    },
    "18": {
        "cmph": 0.025898517681008457,
        "cmps": 0.13258004840905233
    },
    "19": {
        "cmph": 0.02513574969158946,
        "cmps": 0.11455827192510384
    },
    "20": {
        "cmph": 0.024820439350476346,
        "cmps": 0.11197283382917514
    },
    "21": {
        "cmph": 0.02326478784787407,
        "cmps": 0.1136959709716303
    },
    "22": {
        "cmph": 0.024589391911461228,
        "cmps": 0.10526239742812782
    },
    "23": {
        "cmph": 0.023536798092022766,
        "cmps": 0.10033839754229695
    },
    "24": {
        "cmph": 0.023443681188724155,
        "cmps": 0.1076733531950581
    },
    "25": {
        "cmph": 0.022823116480173614,
        "cmps": 0.09680351288425715
    },
    "26": {
        "cmph": 0.024288173652806142,
        "cmps": 0.10819244735840342
    },
    "27": {
        "cmph": 0.023726968308609583,
        "cmps": 0.10558308167413696
    },
    "28": {
        "cmph": 0.02193658122038182,
        "cmps": 0.1088523248652063
    },
    "29": {
        "cmph": 0.02315006858232821,
        "cmps": 0.10268913380989447
    },
    "30": {
        "cmph": 0.021381475136604766,
        "cmps": 0.10074706546695929
    },
    "31": {
        "cmph": 0.022020205226475492,
        "cmps": 0.09087676519999185
    },
    "32": {
        "cmph": 0.021641403987786453,
        "cmps": 0.1001447209670182
    },
    "33": {
        "cmph": 0.018806999807021763,
        "cmps": 0.09475829182884574
    },
    "34": {
        "cmph": 0.017745292617566348,
        "cmps": 0.08965641949598978
    },
    "final": {
        "OverThreshold": 0,
        "Ratio": 0,
        "Frame": 34
    }
}