{
    "1": {
        "cmph": 0.0780065702537577,
        "cmps": 0.023209684035695875
    },
    "2": {
        "cmph": 0.06809692425288259,
        "cmps": 0.06114034922951127
    },
    "3": {
        "cmph": 0.02590123961751506,
        "cmps": 0.01030247315261752
    },
    "4": {
        "cmph": 0.05296616141830566,
        "cmps": 0.01885556905956484
    },
    "5": {
        "cmph": 0.05320407169528312,
        "cmps": 0.01833360491833725
    },
    "6": {
        "cmph": 0.03015310207928344,
        "cmps": 0.005465245254849577
    },
    "7": {
        "cmph": 0.003102221333430612,
        "cmps": 0.04198113766535968
    },
    "8": {
        "cmph": 0.005900994081998113,
        "cmps": 0.04223078523619201
    },
    "9": {
        "cmph": 0.0017667840897727383,
        "cmps": 0.012474757585993597
    },
    "10": {
        "cmph": 0.01871502965631918,
        "cmps": 0.0681225747861232
    },
    "11": {
        "cmph": 0.01867118513653287,
        "cmps": 0.07620478554120533
    },
    "12": {
        "cmph": 0.018711599733353925,
        "cmps": 0.07526302114465636
    },
    "13": {
        "cmph": 0.026111769754832762,
        "cmps": 0.0804276007722273
    },
    "14": {
        "cmph": 0.027566516231641833,
        "cmps": 0.08206238612734855
    },
    "15": {
        "cmph": 0.02594777554581956,
        "cmps": 0.08931839749933605
    },
    "16": {
        "cmph": 0.028932927241016496,
        "cmps": 0.09484231356227832
    },
    "17": {
        "cmph": 0.027112605939592704,
        "cmps": 0.07521022483131279
    },
    "18": {
        "cmph": 0.025848108455577036,
        "cmps": 0.07083238516785262
    },
    "19": {
        "cmph": 0.02251147623459418,
        "cmps": 0.06013182918076343
    },
    "20": {
        "cmph": 0.022744338163638515,
        "cmps": 0.058126776436163693
    },
    "21": {
        "cmph": 0.020750914459596433,
        "cmps": 0.04726385706054538
    },
    "22": {
        "cmph": 0.023164498307309198,
        "cmps": 0.054543096478778016
    },
    "23": {
        "cmph": 0.021606282615590174,
        "cmps": 0.05826945191610211
    },
    "24": {
        "cmph": 0.021767605081242293,
        "cmps": 0.05681114404227841
    },
    "25": {
        "cmph": 0.01861676717946861,
        "cmps": 0.0499720183568686
    },
    "26": {
        "cmph": 0.021642752597429385,
        "cmps": 0.03987899618014637
    },
    "27": {
        "cmph": 0.019435557704536623,
        "cmps": 0.05013862037689154
    },
    "28": {
        "cmph": 0.01930878993662211,
        "cmps": 0.05429747798762147
    },
    "29": {
        "cmph": 0.02094209270046192,
        "cmps": 0.07073575110835723
    },
    "30": {
        "cmph": 0.018343402336052916,
        "cmps": 0.06464326005174184
    },
    "31": {
        "cmph": 0.019564695842673594,
        "cmps": 0.05824730693793611
    },
    "32": {
        "cmph": 0.018710462782103903,
        "cmps": 0.059373434013896914
    },
    "33": {
        "cmph": 0.01671831656158502,
        "cmps": 0.05710640545852237
    },
    "34": {
        "cmph": 0.016222587428174444,
        "cmps": 0.05452754606043974
    },
    "35": {
        "cmph": 0.012482976222558917,
        "cmps": 0.06107914147749231
    },
    "36": {
        "cmph": 0.009600959839397514,
        "cmps": 0.0674390928151204
    },
    "37": {
        "cmph": 0.000907912989203674,
        "cmps": 0.027627199710104716
    },
    "final": {
        "OverThreshold": 0,
        "Ratio": 0,
        "Frame": 37
    }
}