{
    "1": {
        "cmph": 0.01579413912642926,
        "cmps": 0.10672767948733285
    },
    "2": {
        "cmph": 0.014601360385724996,
        "cmps": 0.0993775975286639
    },
    "3": {
        "cmph": 0.013938924403383983,
        "cmps": 0.1007360438727426
    },
    "4": {
        "cmph": 0.013751973436291847,
        "cmps": 0.09840478115776016
    },
    "5": {
        "cmph": 0.01406007815037991,
        "cmps": 0.08656544805887187
    },
    "6": {
        "cmph": 0.013287121286995916,
        "cmps": 0.0886747509584726
    },
    "final": {
        "OverThreshold": 0,
        "Ratio": 0,
        "Frame": 6
    }
}