{
    "1": {
        "cmph": 0.05403753361441609,
        "cmps": 0.18349950813342492
    },
    "2": {
        "cmph": 0.042419736124546636,
        "cmps": 0.14471181754286416
    },
    "3": {
        "cmph": 0.039455034418221756,
        "cmps": 0.14642629339272967
    },
    "4": {
        "cmph": 0.024011870408678308,
        "cmps": 0.13236292873755143
    },
    "5": {
        "cmph": 0.029643333364266364,
        "cmps": 0.13232871986965936
    },
    "6": {
        "cmph": 0.028401172248166018,
        "cmps": 0.13424997697760713
    },
    "7": {
        "cmph": 0.024609096517534255,
        "cmps": 0.12090806303185647
    },
    "8": {
        "cmph": 0.0271152913083895,
        "cmps": 0.11867875393569338
    },
    "9": {
        "cmph": 0.027693952078907052,
        "cmps": 0.11937001703329927
    },
    "10": {
        "cmph": 0.027624726908101613,
        "cmps": 0.13255127833986824
    },
    "11": {
        "cmph": 0.02800341933421392,
        "cmps": 0.1316166433961067
    },
    "12": {
        "cmph": 0.021557562581755535,
        "cmps": 0.11607744872765981
    },
    "13": {
        "cmph": 0.019130361919138257,
        "cmps": 0.11031107148170569
    },
    "14": {
        "cmph": 0.022170181457875453,
        "cmps": 0.11440192370574231
    },
    "15": {
        "cmph": 0.020079133384663658,
        "cmps": 0.10904862199194207
    },
    "16": {
        "cmph": 0.02104731050646779,
        "cmps": 0.10626435032452342
    },
    "17": {
        "cmph": 0.020981067793364803,
        "cmps": 0.09391122554432714
    },
    "18": {
        "cmph": 0.02544319313963122,
        "cmps": 0.11308359805289034
    },
    "19": {
        "cmph": 0.025089348541454087,
        "cmps": 0.11451290478433422
    },
    "20": {
        "cmph": 0.13748745187918193,
        "cmps": 0.11853567793090661
    },
    "21": {
        "cmph": 0.16315269663565318,
        "cmps": 0.12390017186995253
    },
    "22": {
        "cmph": 0.14033688031664934,
        "cmps": 0.12656727027201845
    },
    "final": {
        "OverThreshold": 1,
        "Ratio": 4,
        "Frame": 22
    }
}