{
    "1": {
        "cmph": 0.02190834100679017,
        "cmps": 0.1271408972059858
    },
    "2": {
        "cmph": 0.01836085112739517,
        "cmps": 0.11103818908428296
    },
    "3": {
        "cmph": 0.015149244954931706,
        "cmps": 0.11262052829873152
    },
    "4": {
        "cmph": 0.011525951786236367,
        "cmps": 0.09213695448892545
    },
    "5": {
        "cmph": 0.015364909687418958,
        "cmps": 0.12760330728941413
    },
    "6": {
        "cmph": 0.015433523400764006,
        "cmps": 0.14032638416940688
    },
    "7": {
        "cmph": 0.015066212637867905,
        "cmps": 0.13527722073460116
    },
    "8": {
        "cmph": 0.016333197877528533,
        "cmps": 0.1340618340112069
    },
    "9": {
        "cmph": 0.01885269305819643,
        "cmps": 0.13209185015386282
    },
    "10": {
        "cmph": 0.018017021179184436,
        "cmps": 0.1440678847977554
    },
    "11": {
        "cmph": 0.019252448981247977,
        "cmps": 0.13573936725508987
    },
    "12": {
        "cmph": 0.015643109158536055,
        "cmps": 0.12192418492684497
    },
    "13": {
        "cmph": 0.013505778265592449,
        "cmps": 0.1110845028490162
    },
    "14": {
        "cmph": 0.01569996056320524,
        "cmps": 0.11753425390111644
    },
    "15": {
        "cmph": 0.014097687189629015,
        "cmps": 0.10805911340323494
    },
    "16": {
        "cmph": 0.0150500035575588,
        "cmps": 0.10140016866242689
    },
    "17": {
        "cmph": 0.01418343825165865,
        "cmps": 0.08632038106808465
    },
    "18": {
        "cmph": 0.01625777614949131,
        "cmps": 0.09857387686633397
    },
    "19": {
        "cmph": 0.016205405225057645,
        "cmps": 0.10056889281372289
    },
    "20": {
        "cmph": 0.02672737594633209,
        "cmps": 0.10428796579157981
    },
    "21": {
        "cmph": 0.02772898201917681,
        "cmps": 0.10663932608818875
    },
    "22": {
        "cmph": 0.02762358056670272,
        "cmps": 0.10522413529153196
    },
    "final": {
        "OverThreshold": 0,
        "Ratio": 0,
        "Frame": 22
    }
}