{
    "1": {
        "cmph": 0.021551657917339123,
        "cmps": 0.2814409371404902
    },
    "2": {
        "cmph": 0.017739649017632014,
        "cmps": 0.21585133849857835
    },
    "3": {
        "cmph": 0.014729236623790129,
        "cmps": 0.274249334627225
    },
    "4": {
        "cmph": 0.011329786111630075,
        "cmps": 0.14690671417897191
    },
    "5": {
        "cmph": 0.0142136027484129,
        "cmps": 0.1584950406091661
    },
    "6": {
        "cmph": 0.01354974504978512,
        "cmps": 0.1648295921819116
    },
    "7": {
        "cmph": 0.011943853682479744,
        "cmps": 0.1608686696535668
    },
    "8": {
        "cmph": 0.012468174163752765,
        "cmps": 0.014227966084252175
    },
    "9": {
        "cmph": 0.012464029098838394,
        "cmps": 0.04225606056237711
    },
    "10": {
        "cmph": 0.012243456011491566,
        "cmps": 0.10169135888658522
    },
    "11": {
        "cmph": 0.013660142102146234,
        "cmps": 0.03954924381351575
    },
    "12": {
        "cmph": 0.011252188865482102,
        "cmps": 0.07837564790644243
    },
    "13": {
        "cmph": 0.00949537983237034,
        "cmps": 0.07043468444883962
    },
    "14": {
        "cmph": 0.010502211469071583,
        "cmps": 0.050721861563582854
    },
    "15": {
        "cmph": 0.009753773103429628,
        "cmps": 0.07149554872310919
    },
    "16": {
        "cmph": 0.010667344892693383,
        "cmps": 0.07852567000392958
    },
    "17": {
        "cmph": 0.010851493205711332,
        "cmps": 0.07185957603621758
    },
    "18": {
        "cmph": 0.012373982070101087,
        "cmps": 0.08713177939759213
    },
    "19": {
        "cmph": 0.012372217792188982,
        "cmps": 0.08619288594763774
    },
    "20": {
        "cmph": 0.01057328147403948,
        "cmps": 0.08509751006310295
    },
    "21": {
        "cmph": 0.009775249915798829,
        "cmps": 0.0766511943091013
    },
    "22": {
        "cmph": 0.010051053101792343,
        "cmps": 0.046063893710082605
    },
    "final": {
        "OverThreshold": 0,
        "Ratio": 0,
        "Frame": 22
    }
}