{
    "1": {
        "cmph": 0.6159135605006828,
        "cmps": 0.43840230371722066
    },
    "2": {
        "cmph": 0.544301388338396,
        "cmps": 0.4251207369243667
    },
    "3": {
        "cmph": 0.39427679558610845,
        "cmps": 0.3934421835217279
    },
    "4": {
        "cmph": 0.3867546121542867,
        "cmps": 0.5081462962621298
    },
    "5": {
        "cmph": 0.48556873164710507,
        "cmps": 0.5727127132743972
    },
    "6": {
        "cmph": 0.7276996983755438,
        "cmps": 0.7549963715159898
    },
    "7": {
        "cmph": 0.7000493911067894,
        "cmps": 0.8191442055633021
    },
    "8": {
        "cmph": 0.5578478122402569,
        "cmps": 0.8605690979977119
    },
    "9": {
        "cmph": 0.21704801862970813,
        "cmps": 0.6878737654123965
    },
    "10": {
        "cmph": 0.22329516502154764,
        "cmps": 0.673037328913742
    },
    "11": {
        "cmph": 0.22686645406717937,
        "cmps": 0.6018560023989592
    },
    "12": {
        "cmph": 0.12370250974579441,
        "cmps": 0.46294966910379826
    },
    "13": {
        "cmph": 0.23798136921738347,
        "cmps": 0.45693071950114456
    },
    "14": {
        "cmph": 0.2789349456283407,
        "cmps": 0.5837332376636692
    },
    "15": {
        "cmph": 0.290376909913973,
        "cmps": 0.3966526250145485
    },
    "16": {
        "cmph": 0.34560454240213734,
        "cmps": 0.41621795601156414
    },
    "17": {
        "cmph": 0.12492174802576468,
        "cmps": 0.19685234034300703
    },
    "18": {
        "cmph": 0.15170361298073073,
        "cmps": 0.12364479383343466
    },
    "19": {
        "cmph": 0.14775048058114018,
        "cmps": 0.00724684612921506
    },
    "20": {
        "cmph": 0.05961822953350763,
        "cmps": 0.3087424839312449
    },
    "21": {
        "cmph": 0.05898971215920212,
        "cmps": 0.33880472577886483
    },
    "22": {
        "cmph": 0.05228717540770467,
        "cmps": 0.3202878987207386
    },
    "final": {
        "OverThreshold": 17,
        "Ratio": 77,
        "Frame": 22
    }
}