{
    "1": {
        "cmph": 0.06389332838526088,
        "cmps": 0.03194917123329563
    },
    "2": {
        "cmph": 0.059881191457999514,
        "cmps": 0.05205580345943142
    },
    "3": {
        "cmph": 0.021295632493425126,
        "cmps": 0.019620572978117867
    },
    "4": {
        "cmph": 0.005083419382562965,
        "cmps": 0.01697388564259093
    },
    "5": {
        "cmph": 0.01681494346878244,
        "cmps": 0.0023530442980731828
    },
    "6": {
        "cmph": 0.02028129216554634,
        "cmps": 0.010021031077978667
    },
    "7": {
        "cmph": 0.020744095676557436,
        "cmps": 0.06305134831547127
    },
    "8": {
        "cmph": 0.022646754119993145,
        "cmps": 0.10585244212994269
    },
    "9": {
        "cmph": 0.008118407790444319,
        "cmps": 0.06654809833825708
    },
    "10": {
        "cmph": 0.020696997858429655,
        "cmps": 0.08621681223642438
    },
    "11": {
        "cmph": 0.02214640983080641,
        "cmps": 0.10264492453247653
    },
    "12": {
        "cmph": 0.018543654321628064,
        "cmps": 0.12144291220100807
    },
    "13": {
        "cmph": 0.01945481385565286,
        "cmps": 0.11161125113810355
    },
    "14": {
        "cmph": 0.022281465758660864,
        "cmps": 0.11610341371724386
    },
    "15": {
        "cmph": 0.02051896634273888,
        "cmps": 0.11247491983609496
    },
    "16": {
        "cmph": 0.02227469524620734,
        "cmps": 0.1070380049449766
    },
    "17": {
        "cmph": 0.01871999857199544,
        "cmps": 0.07833728734959239
    },
    "18": {
        "cmph": 0.02259693386333887,
        "cmps": 0.09757926325949476
    },
    "19": {
        "cmph": 0.022818869780730028,
        "cmps": 0.09551438052401419
    },
    "20": {
        "cmph": 0.028436531587718115,
        "cmps": 0.008128136345471243
    },
    "21": {
        "cmph": 0.02647604305030454,
        "cmps": 0.01538710078490473
    },
    "22": {
        "cmph": 0.029163699384302345,
        "cmps": 0.0012341650406089996
    },
    "final": {
        "OverThreshold": 0,
        "Ratio": 0,
        "Frame": 22
    }
}