{
    "1": {
        "cmph": 0.1583493618036131,
        "cmps": 0.08544362019791409
    },
    "2": {
        "cmph": 0.15007234975671715,
        "cmps": 0.06966134368543758
    },
    "3": {
        "cmph": 0.10349101731199792,
        "cmps": 0.06572444681093347
    },
    "4": {
        "cmph": 0.13685238500698407,
        "cmps": 0.0542606530703404
    },
    "5": {
        "cmph": 0.13074093070331963,
        "cmps": 0.054944166622633656
    },
    "6": {
        "cmph": 0.0648574021360825,
        "cmps": 0.07317652644967941
    },
    "7": {
        "cmph": 0.016427871054306178,
        "cmps": 0.07341840776774929
    },
    "8": {
        "cmph": 0.01382621885177763,
        "cmps": 0.06717070340347724
    },
    "9": {
        "cmph": 0.006947419989192629,
        "cmps": 0.018691060120872894
    },
    "10": {
        "cmph": 0.02578351966489459,
        "cmps": 0.058615362377918125
    },
    "11": {
        "cmph": 0.011634726026214785,
        "cmps": 0.04966745036694637
    },
    "12": {
        "cmph": 0.03172168544892544,
        "cmps": 0.10730175818615505
    },
    "13": {
        "cmph": 0.039695556567974466,
        "cmps": 0.1500438841115093
    },
    "14": {
        "cmph": 0.04078475668642207,
        "cmps": 0.13306682464634162
    },
    "15": {
        "cmph": 0.06110561004299361,
        "cmps": 0.11124434111183426
    },
    "16": {
        "cmph": 0.04092168800910409,
        "cmps": 0.0877620566897768
    },
    "17": {
        "cmph": 0.02757497671096169,
        "cmps": 0.2582419900471313
    },
    "18": {
        "cmph": 0.023046787641672426,
        "cmps": 0.2590868829133429
    },
    "19": {
        "cmph": 0.03769355731880978,
        "cmps": 0.3642971205305351
    },
    "20": {
        "cmph": 0.036144153158480706,
        "cmps": 0.3520369207700952
    },
    "21": {
        "cmph": 0.03603198010066972,
        "cmps": 0.21319030155253113
    },
    "22": {
        "cmph": 0.03367827193434968,
        "cmps": 0.03623682972998325
    },
    "23": {
        "cmph": 0.030050423246352105,
        "cmps": 0.010368460594370759
    },
    "24": {
        "cmph": 0.027496786349794067,
        "cmps": 0.024401619669710193
    },
    "25": {
        "cmph": 0.02329371566415434,
        "cmps": 0.003538411482436901
    },
    "26": {
        "cmph": 0.024332878393696085,
        "cmps": 0.07210904415746042
    },
    "27": {
        "cmph": 0.023502912278178568,
        "cmps": 0.05430402637864163
    },
    "28": {
        "cmph": 0.02530521447367284,
        "cmps": 0.0826597072947617
    },
    "29": {
        "cmph": 0.025666810229681696,
        "cmps": 0.008226175363461445
    },
    "30": {
        "cmph": 0.026313542367929217,
        "cmps": 0.042430034942804055
    },
    "31": {
        "cmph": 0.02729099355990115,
        "cmps": 0.07395021251717661
    },
    "32": {
        "cmph": 0.02788817595976292,
        "cmps": 0.11228907334419017
    },
    "33": {
        "cmph": 0.023266711415914285,
        "cmps": 0.17943030463515366
    },
    "final": {
        "OverThreshold": 2,
        "Ratio": 6,
        "Frame": 33
    }
}