{
    "1": {
        "cmph": 0.3140806315357273,
        "cmps": 0.14866437629424842
    },
    "2": {
        "cmph": 0.3777296571631296,
        "cmps": 0.14723850352687387
    },
    "3": {
        "cmph": 0.35616535230726015,
        "cmps": 0.14588253331208037
    },
    "4": {
        "cmph": 0.40794682739829824,
        "cmps": 0.10977637535771993
    },
    "5": {
        "cmph": 0.42208029369316574,
        "cmps": 0.14554587286293758
    },
    "6": {
        "cmph": 0.3353294716052994,
        "cmps": 0.16711187385947956
    },
    "7": {
        "cmph": 0.3342207875615136,
        "cmps": 0.1620545032817254
    },
    "8": {
        "cmph": 0.2775836009523392,
        "cmps": 0.16453778068302913
    },
    "9": {
        "cmph": 0.07803316649381148,
        "cmps": 0.1619684452655662
    },
    "10": {
        "cmph": 0.0515421055336144,
        "cmps": 0.16877184687127114
    },
    "11": {
        "cmph": 0.08376024297450858,
        "cmps": 0.15475597833207683
    },
    "12": {
        "cmph": 0.06285339542535602,
        "cmps": 0.13251005949389474
    },
    "13": {
        "cmph": 0.07247754987403036,
        "cmps": 0.11573615743986816
    },
    "14": {
        "cmph": 0.09552178588445236,
        "cmps": 0.11895847786402347
    },
    "15": {
        "cmph": 0.1379330110772095,
        "cmps": 0.10904577252744631
    },
    "16": {
        "cmph": 0.15720476362924096,
        "cmps": 0.10889915300301468
    },
    "17": {
        "cmph": 0.16830485315699087,
        "cmps": 0.09360480872645276
    },
    "18": {
        "cmph": 0.3023497351322126,
        "cmps": 0.104804547963931
    },
    "19": {
        "cmph": 0.39988963703116237,
        "cmps": 0.1147314429684636
    },
    "20": {
        "cmph": 0.0466688309265406,
        "cmps": 0.10643392101198261
    },
    "final": {
        "OverThreshold": 12,
        "Ratio": 60,
        "Frame": 20
    }
}