{
    "1": {
        "cmph": 0.09282083405069325,
        "cmps": 0.8602393362594473
    },
    "2": {
        "cmph": 0.10936506653255987,
        "cmps": 0.8711265596265295
    },
    "3": {
        "cmph": 0.14811985128076632,
        "cmps": 0.6989328183671959
    },
    "4": {
        "cmph": 0.11031032251658976,
        "cmps": 0.5755305204969307
    },
    "5": {
        "cmph": 0.10473969222858594,
        "cmps": 0.6232646124020502
    },
    "6": {
        "cmph": 0.15255991890096574,
        "cmps": 0.7214929213263476
    },
    "7": {
        "cmph": 0.1601656504534423,
        "cmps": 0.570188166087325
    },
    "8": {
        "cmph": 0.22652000179045242,
        "cmps": 0.579117061666671
    },
    "9": {
        "cmph": 0.23233586641784237,
        "cmps": 0.6170273558194904
    },
    "10": {
        "cmph": 0.2777538316255233,
        "cmps": 0.6034342321538969
    },
    "11": {
        "cmph": 0.3613160958352758,
        "cmps": 0.5515425667665433
    },
    "12": {
        "cmph": 0.541937867956673,
        "cmps": 0.423927696260343
    },
    "13": {
        "cmph": 0.22746473976504525,
        "cmps": 0.41124644416449485
    },
    "14": {
        "cmph": 0.3415677227239869,
        "cmps": 0.5311907436259847
    },
    "15": {
        "cmph": 0.3273530446346638,
        "cmps": 0.5118820774734513
    },
    "16": {
        "cmph": 0.28594592749754955,
        "cmps": 0.5338225084835888
    },
    "17": {
        "cmph": 0.37849478292346445,
        "cmps": 0.4476831601248081
    },
    "18": {
        "cmph": 0.45505541202803007,
        "cmps": 0.4687429785236644
    },
    "19": {
        "cmph": 0.37879393596225,
        "cmps": 0.37537581121826974
    },
    "20": {
        "cmph": 0.191983042361334,
        "cmps": 0.3876884658026601
    },
    "21": {
        "cmph": 0.16434690901070687,
        "cmps": 0.54742437899769
    },
    "22": {
        "cmph": 0.1290881394383007,
        "cmps": 0.5659701332643032
    },
    "23": {
        "cmph": 0.09798360164830136,
        "cmps": 0.702788485713353
    },
    "24": {
        "cmph": 0.1137184154601693,
        "cmps": 0.675448386101832
    },
    "25": {
        "cmph": 0.0533334133075277,
        "cmps": 0.4935340892442718
    },
    "26": {
        "cmph": 0.1124840625734331,
        "cmps": 0.531692695714749
    },
    "27": {
        "cmph": 0.08924683463814732,
        "cmps": 0.5979925333973011
    },
    "28": {
        "cmph": 0.10594112804464251,
        "cmps": 0.7734205170920153
    },
    "29": {
        "cmph": 0.08565194911026144,
        "cmps": 0.8223880350886621
    },
    "30": {
        "cmph": 0.08979055241194432,
        "cmps": 0.8215087479312514
    },
    "31": {
        "cmph": 0.1226236033513976,
        "cmps": 0.7758076171890331
    },
    "32": {
        "cmph": 0.18780257497196257,
        "cmps": 0.7109873992316982
    },
    "33": {
        "cmph": 0.24656141229574383,
        "cmps": 0.5201460116187689
    },
    "final": {
        "OverThreshold": 27,
        "Ratio": 81,
        "Frame": 33
    }
}