{
    "1": {
        "cmph": 0.017840624887370985,
        "cmps": 0.07633785904837198
    },
    "2": {
        "cmph": 0.01771484184540275,
        "cmps": 0.07227296882148442
    },
    "3": {
        "cmph": 0.0176873889813148,
        "cmps": 0.06932050242643062
    },
    "4": {
        "cmph": 0.019768411287700266,
        "cmps": 0.0632323805453974
    },
    "5": {
        "cmph": 0.02316839643569399,
        "cmps": 0.08132904781901408
    },
    "6": {
        "cmph": 0.028285108345589716,
        "cmps": 0.07955239144888099
    },
    "7": {
        "cmph": 0.024835236058161302,
        "cmps": 0.07813910521910727
    },
    "8": {
        "cmph": 0.028256598404074577,
        "cmps": 0.09383508293387618
    },
    "9": {
        "cmph": 0.025755618162614544,
        "cmps": 0.10700306648107194
    },
    "10": {
        "cmph": 0.02757061551103772,
        "cmps": 0.1119520569037987
    },
    "11": {
        "cmph": 0.02876877334424115,
        "cmps": 0.11529536824387392
    },
    "12": {
        "cmph": 0.029694594413461933,
        "cmps": 0.12981505547496597
    },
    "13": {
        "cmph": 0.03134834901457088,
        "cmps": 0.15437285192426692
    },
    "14": {
        "cmph": 0.03441993283935748,
        "cmps": 0.1571302603602622
    },
    "15": {
        "cmph": 0.039111986689963955,
        "cmps": 0.1523697965365313
    },
    "16": {
        "cmph": 0.038031592622040075,
        "cmps": 0.1572804698375709
    },
    "17": {
        "cmph": 0.04184355778890022,
        "cmps": 0.15690831074248918
    },
    "18": {
        "cmph": 0.03841749543961433,
        "cmps": 0.15100830338004237
    },
    "19": {
        "cmph": 0.03625081267095756,
        "cmps": 0.14918282857405654
    },
    "20": {
        "cmph": 0.029873791103650068,
        "cmps": 0.15277440664111938
    },
    "21": {
        "cmph": 0.029877133280258386,
        "cmps": 0.14091890280381594
    },
    "22": {
        "cmph": 0.02679163737635936,
        "cmps": 0.11732113638801277
    },
    "23": {
        "cmph": 0.02481384585086213,
        "cmps": 0.10534460556163652
    },
    "24": {
        "cmph": 0.023212964220904363,
        "cmps": 0.1154295786858375
    },
    "25": {
        "cmph": 0.020748659147870788,
        "cmps": 0.10803808442740451
    },
    "26": {
        "cmph": 0.023604210510632984,
        "cmps": 0.10703875917998655
    },
    "27": {
        "cmph": 0.021449944658733944,
        "cmps": 0.10314997441267194
    },
    "28": {
        "cmph": 0.023266507786305794,
        "cmps": 0.10406389456414433
    },
    "29": {
        "cmph": 0.022804580457899754,
        "cmps": 0.09368505831739855
    },
    "30": {
        "cmph": 0.026082624867796226,
        "cmps": 0.09987868659829235
    },
    "31": {
        "cmph": 0.02718406341698213,
        "cmps": 0.0913596083555081
    },
    "32": {
        "cmph": 0.029910904824945853,
        "cmps": 0.1020045137640911
    },
    "33": {
        "cmph": 0.02897276627495049,
        "cmps": 0.10155879291239292
    },
    "final": {
        "OverThreshold": 0,
        "Ratio": 0,
        "Frame": 33
    }
}