{
    "1": {
        "cmph": 0.16168253766026608,
        "cmps": 0.08750858202880867
    },
    "2": {
        "cmph": 0.1366889033972819,
        "cmps": 0.0921250603336215
    },
    "3": {
        "cmph": 0.12559176059749438,
        "cmps": 0.09023789177782084
    },
    "4": {
        "cmph": 0.13505097672742936,
        "cmps": 0.08460841470248402
    },
    "5": {
        "cmph": 0.20957739396430755,
        "cmps": 0.11647052812277996
    },
    "6": {
        "cmph": 0.24310531340772337,
        "cmps": 0.1298086774797987
    },
    "7": {
        "cmph": 0.26723633140390296,
        "cmps": 0.13749056726867154
    },
    "8": {
        "cmph": 0.2670552632651907,
        "cmps": 0.15535634919000144
    },
    "9": {
        "cmph": 0.22657148646329886,
        "cmps": 0.16155362759503988
    },
    "10": {
        "cmph": 0.21107897606196163,
        "cmps": 0.15521528693386005
    },
    "11": {
        "cmph": 0.17460257054395928,
        "cmps": 0.1510568494502165
    },
    "12": {
        "cmph": 0.0708042751712915,
        "cmps": 0.07533283818952759
    },
    "13": {
        "cmph": 0.04642031633887492,
        "cmps": 0.03991706766178262
    },
    "14": {
        "cmph": 0.09026091894130589,
        "cmps": 0.06985089476190993
    },
    "15": {
        "cmph": 0.09329598037249952,
        "cmps": 0.04302682111751833
    },
    "16": {
        "cmph": 0.12200404423050536,
        "cmps": 0.07599705901412761
    },
    "17": {
        "cmph": 0.06906085485168599,
        "cmps": 0.07034722737832651
    },
    "18": {
        "cmph": 0.19936186261355995,
        "cmps": 0.061076161632475194
    },
    "19": {
        "cmph": 0.21074509070866246,
        "cmps": 0.0768640834411047
    },
    "20": {
        "cmph": 0.20816642228493268,
        "cmps": 0.0908441902743616
    },
    "final": {
        "OverThreshold": 11,
        "Ratio": 55,
        "Frame": 20
    }
}