{
    "1": {
        "cmph": 0.020071927750476407,
        "cmps": 0.08153127773876717
    },
    "2": {
        "cmph": 0.020308404878726635,
        "cmps": 0.07276800608245296
    },
    "3": {
        "cmph": 0.020395087113394706,
        "cmps": 0.06732493518294579
    },
    "4": {
        "cmph": 0.02195280479905324,
        "cmps": 0.062474728519604825
    },
    "5": {
        "cmph": 0.026608175898441937,
        "cmps": 0.0776657268595894
    },
    "6": {
        "cmph": 0.029338731776398695,
        "cmps": 0.08246993773625393
    },
    "7": {
        "cmph": 0.024468596050535946,
        "cmps": 0.08325940224508695
    },
    "8": {
        "cmph": 0.02694175805435896,
        "cmps": 0.08561144848555202
    },
    "9": {
        "cmph": 0.02635088007092881,
        "cmps": 0.08725970083053299
    },
    "10": {
        "cmph": 0.026717073564893307,
        "cmps": 0.08945231294023123
    },
    "11": {
        "cmph": 0.025420499328228326,
        "cmps": 0.08801818575979838
    },
    "final": {
        "OverThreshold": 0,
        "Ratio": 0,
        "Frame": 11
    }
}