{
    "1": {
        "cmph": 0.011341650530069173,
        "cmps": 0.054324932260436165
    },
    "2": {
        "cmph": 0.011633868051050952,
        "cmps": 0.054133666213755656
    },
    "3": {
        "cmph": 0.0120400718457704,
        "cmps": 0.039417911338375904
    },
    "4": {
        "cmph": 0.014712398866543136,
        "cmps": 0.05106834409118554
    },
    "5": {
        "cmph": 0.015516713426688583,
        "cmps": 0.08650364836688146
    },
    "6": {
        "cmph": 0.016971512813441662,
        "cmps": 0.16645663546964845
    },
    "7": {
        "cmph": 0.014264362685877706,
        "cmps": 0.3451693017147536
    },
    "8": {
        "cmph": 0.016441132786187737,
        "cmps": 0.3937678164741789
    },
    "9": {
        "cmph": 0.01670885525434945,
        "cmps": 0.459506792740016
    },
    "10": {
        "cmph": 0.016037788858316176,
        "cmps": 0.45707377108815844
    },
    "11": {
        "cmph": 0.016925110444785577,
        "cmps": 0.4435463963123685
    },
    "12": {
        "cmph": 0.018299338693531977,
        "cmps": 0.39055588825072934
    },
    "13": {
        "cmph": 0.022334913343994768,
        "cmps": 0.3748993001518232
    },
    "14": {
        "cmph": 0.02133623064973408,
        "cmps": 0.2713263111010812
    },
    "15": {
        "cmph": 0.02591973904519077,
        "cmps": 0.3993813737172955
    },
    "16": {
        "cmph": 0.025012426117585307,
        "cmps": 0.32817091046988767
    },
    "17": {
        "cmph": 0.03770530608946682,
        "cmps": 0.24383447969621042
    },
    "18": {
        "cmph": 0.0338946273689538,
        "cmps": 0.13160439207171828
    },
    "19": {
        "cmph": 0.034553439863618876,
        "cmps": 0.28958177200305
    },
    "20": {
        "cmph": 0.028712317596487343,
        "cmps": 0.34113767581876453
    },
    "21": {
        "cmph": 0.03346702333088753,
        "cmps": 0.20547860768938359
    },
    "22": {
        "cmph": 0.03076153037254898,
        "cmps": 0.09275126038790624
    },
    "23": {
        "cmph": 0.027576603674781226,
        "cmps": 0.020695366991401204
    },
    "24": {
        "cmph": 0.024456917912188226,
        "cmps": 0.008785687979008625
    },
    "25": {
        "cmph": 0.021331730078391602,
        "cmps": 0.026474021874897034
    },
    "26": {
        "cmph": 0.023353404618797036,
        "cmps": 0.02177012119917522
    },
    "27": {
        "cmph": 0.005621854418291576,
        "cmps": 0.015436709267883712
    },
    "28": {
        "cmph": 0.018063457948253144,
        "cmps": 0.03277042964688824
    },
    "29": {
        "cmph": 0.02037809118293365,
        "cmps": 0.03269734348691209
    },
    "30": {
        "cmph": 0.02038365452446616,
        "cmps": 0.038998119023774064
    },
    "31": {
        "cmph": 0.024626215389231685,
        "cmps": 0.02718669010140028
    },
    "32": {
        "cmph": 0.02300167828304134,
        "cmps": 0.019279913961800323
    },
    "33": {
        "cmph": 0.0239175997240251,
        "cmps": 0.03799796306321339
    },
    "final": {
        "OverThreshold": 0,
        "Ratio": 0,
        "Frame": 33
    }
}