{
    "1": {
        "cmph": 0.026113052089655853,
        "cmps": 0.09514196152493806
    },
    "2": {
        "cmph": 0.02479681223289724,
        "cmps": 0.0705950254605447
    },
    "3": {
        "cmph": 0.025902486443052323,
        "cmps": 0.07277121489882571
    },
    "4": {
        "cmph": 0.029846548104242233,
        "cmps": 0.06289488647489058
    },
    "5": {
        "cmph": 0.035515362813817744,
        "cmps": 0.10982100721238952
    },
    "6": {
        "cmph": 0.03264669852266241,
        "cmps": 0.10901609964489094
    },
    "7": {
        "cmph": 0.024156651049583183,
        "cmps": 0.11761011466721678
    },
    "8": {
        "cmph": 0.030094493021880723,
        "cmps": 0.1511027038977215
    },
    "9": {
        "cmph": 0.025725530375507098,
        "cmps": 0.15722216986179402
    },
    "10": {
        "cmph": 0.028601444750974866,
        "cmps": 0.14570881824132179
    },
    "11": {
        "cmph": 0.0257956161113868,
        "cmps": 0.14952664557146508
    },
    "12": {
        "cmph": 0.027917549245482842,
        "cmps": 0.18362070603497113
    },
    "13": {
        "cmph": 0.026353035338858997,
        "cmps": 0.20906894864204967
    },
    "14": {
        "cmph": 0.03246747766339715,
        "cmps": 0.20082949048006893
    },
    "15": {
        "cmph": 0.033367419445699105,
        "cmps": 0.15999410917143161
    },
    "16": {
        "cmph": 0.03169615044150145,
        "cmps": 0.15638714455473832
    },
    "17": {
        "cmph": 0.04068982495690835,
        "cmps": 0.12745718459131747
    },
    "18": {
        "cmph": 0.0472207469523384,
        "cmps": 0.10781860292530478
    },
    "19": {
        "cmph": 0.05343753269352206,
        "cmps": 0.06117361795799308
    },
    "20": {
        "cmph": 0.04167156453640769,
        "cmps": 0.022418738202380467
    },
    "21": {
        "cmph": 0.04191609861623834,
        "cmps": 0.041831830381533514
    },
    "22": {
        "cmph": 0.037440499535637994,
        "cmps": 0.024141323373650426
    },
    "23": {
        "cmph": 0.032999764957785255,
        "cmps": 0.047744672265200426
    },
    "24": {
        "cmph": 0.029830551181047167,
        "cmps": 0.06797461569535725
    },
    "25": {
        "cmph": 0.021809306905160704,
        "cmps": 0.06451461874484048
    },
    "26": {
        "cmph": 0.02097489345321973,
        "cmps": 0.11336637599217082
    },
    "27": {
        "cmph": 0.02075245820038947,
        "cmps": 0.11088995222571645
    },
    "28": {
        "cmph": 0.021037897252906383,
        "cmps": 0.11196724115476425
    },
    "29": {
        "cmph": 0.021658500092712148,
        "cmps": 0.11851059347124797
    },
    "30": {
        "cmph": 0.022272963981997834,
        "cmps": 0.12974069041964456
    },
    "31": {
        "cmph": 0.024936781345197133,
        "cmps": 0.1175836366492063
    },
    "32": {
        "cmph": 0.02846545294258585,
        "cmps": 0.09986095236442646
    },
    "final": {
        "OverThreshold": 0,
        "Ratio": 0,
        "Frame": 32
    }
}