{
    "1": {
        "cmph": 0.02451648554885214,
        "cmps": 0.07730788678474666
    },
    "2": {
        "cmph": 0.02046904604939929,
        "cmps": 0.050659579758902916
    },
    "3": {
        "cmph": 0.015413472723079021,
        "cmps": 0.06215835014940013
    },
    "4": {
        "cmph": 0.015069207016009745,
        "cmps": 0.06275182270889978
    },
    "5": {
        "cmph": 0.006599621158373073,
        "cmps": 0.06214834200996501
    },
    "6": {
        "cmph": 0.008460785443157377,
        "cmps": 0.060660530729953484
    },
    "7": {
        "cmph": 0.01398500237054936,
        "cmps": 0.07388471539950285
    },
    "8": {
        "cmph": 0.012155430590487697,
        "cmps": 0.06822997981919027
    },
    "9": {
        "cmph": 0.013017307617750893,
        "cmps": 0.046200159321321564
    },
    "10": {
        "cmph": 0.006783674253521682,
        "cmps": 0.04091717874963391
    },
    "11": {
        "cmph": 0.01058062585723894,
        "cmps": 0.03665691456326151
    },
    "12": {
        "cmph": 0.007490037978585846,
        "cmps": 0.02922590911543544
    },
    "13": {
        "cmph": 0.012643517937781212,
        "cmps": 0.05035231905743878
    },
    "final": {
        "OverThreshold": 0,
        "Ratio": 0,
        "Frame": 13
    }
}