{
    "1": {
        "cmph": 0.04022708320745781,
        "cmps": 0.0016699122118535416
    },
    "2": {
        "cmph": 0.033787129497911635,
        "cmps": 0.14234895038638398
    },
    "3": {
        "cmph": 0.02709003797340666,
        "cmps": 0.14214436059481697
    },
    "4": {
        "cmph": 0.025480192899191748,
        "cmps": 0.14268184587083355
    },
    "5": {
        "cmph": 0.03194019147354735,
        "cmps": 0.1797342569054744
    },
    "6": {
        "cmph": 0.0317938292094033,
        "cmps": 0.2129548129238099
    },
    "7": {
        "cmph": 0.028458439949448123,
        "cmps": 0.2060970347452422
    },
    "8": {
        "cmph": 0.02865414946506627,
        "cmps": 0.1818875074300669
    },
    "9": {
        "cmph": 0.026003209649978622,
        "cmps": 0.15850259972391562
    },
    "10": {
        "cmph": 0.024562360673531354,
        "cmps": 0.15361254708457753
    },
    "11": {
        "cmph": 0.024156526127992316,
        "cmps": 0.14917215620525595
    },
    "12": {
        "cmph": 0.010663762668278254,
        "cmps": 0.15379920259932692
    },
    "13": {
        "cmph": 0.012830362856863592,
        "cmps": 0.12920388479636666
    },
    "14": {
        "cmph": 0.014569026976701007,
        "cmps": 0.12370516942656529
    },
    "15": {
        "cmph": 0.018594528722712556,
        "cmps": 0.11302038675035009
    },
    "16": {
        "cmph": 0.01750084062965683,
        "cmps": 0.10004149459152853
    },
    "17": {
        "cmph": 0.020023118657542183,
        "cmps": 0.08566390384538386
    },
    "18": {
        "cmph": 0.0257713803769342,
        "cmps": 0.100317739601578
    },
    "19": {
        "cmph": 0.02672004433090785,
        "cmps": 0.10346579378325986
    },
    "20": {
        "cmph": 0.04430528013400003,
        "cmps": 0.014174032033259377
    },
    "21": {
        "cmph": 0.045964455416349,
        "cmps": 0.02147745134985176
    },
    "22": {
        "cmph": 0.04697351553902252,
        "cmps": 0.02957744971176013
    },
    "final": {
        "OverThreshold": 0,
        "Ratio": 0,
        "Frame": 22
    }
}