{
    "1": {
        "cmph": 0.017408253939560563,
        "cmps": 0.07901962178488725
    },
    "2": {
        "cmph": 0.02000519430096127,
        "cmps": 0.0801397156623451
    },
    "3": {
        "cmph": 0.020542654345812823,
        "cmps": 0.07573012518813968
    },
    "4": {
        "cmph": 0.020971814736158032,
        "cmps": 0.06126834472152212
    },
    "5": {
        "cmph": 0.02475851665438783,
        "cmps": 0.0758830870983317
    },
    "6": {
        "cmph": 0.02808296362329974,
        "cmps": 0.08127466652875093
    },
    "7": {
        "cmph": 0.024168726007130003,
        "cmps": 0.08196468629921694
    },
    "8": {
        "cmph": 0.02734165724282973,
        "cmps": 0.08770058155398779
    },
    "9": {
        "cmph": 0.027499464170695497,
        "cmps": 0.09713687261639196
    },
    "10": {
        "cmph": 0.02843839245821937,
        "cmps": 0.10047801545022308
    },
    "11": {
        "cmph": 0.02733602669969283,
        "cmps": 0.09441311676930647
    },
    "12": {
        "cmph": 0.028155637945498337,
        "cmps": 0.10701574934882559
    },
    "final": {
        "OverThreshold": 0,
        "Ratio": 0,
        "Frame": 12
    }
}