{
    "1": {
        "cmph": 0.02243651826802007,
        "cmps": 0.04286884286008887
    },
    "2": {
        "cmph": 0.018969129112404618,
        "cmps": 0.018615746635643905
    },
    "3": {
        "cmph": 0.016892197652232436,
        "cmps": 0.03641677591667084
    },
    "4": {
        "cmph": 0.010594604784923632,
        "cmps": 0.028959056333686214
    },
    "5": {
        "cmph": 0.01194176889290057,
        "cmps": 0.05472580115117496
    },
    "6": {
        "cmph": 0.012482548323065409,
        "cmps": 0.11157672218938414
    },
    "7": {
        "cmph": 0.009972569959978122,
        "cmps": 0.04831681459783535
    },
    "8": {
        "cmph": 0.012047192961010032,
        "cmps": 0.20782530079793335
    },
    "9": {
        "cmph": 0.01160561422723644,
        "cmps": 0.022419247727302815
    },
    "10": {
        "cmph": 0.012077180973923395,
        "cmps": 0.03206891210218233
    },
    "11": {
        "cmph": 0.0130443737942978,
        "cmps": 0.017313251287794967
    },
    "12": {
        "cmph": 0.010514976973746025,
        "cmps": 0.05289884525942377
    },
    "13": {
        "cmph": 0.009437093591340156,
        "cmps": 0.035814743033919016
    },
    "14": {
        "cmph": 0.010110776163343013,
        "cmps": 0.04327253032288638
    },
    "15": {
        "cmph": 0.009851064289397518,
        "cmps": 0.05516504770993648
    },
    "16": {
        "cmph": 0.010947360405279423,
        "cmps": 0.05986024059571835
    },
    "17": {
        "cmph": 0.010830079712607875,
        "cmps": 0.0605938223064988
    },
    "18": {
        "cmph": 0.013339286294078873,
        "cmps": 0.20773779058153488
    },
    "19": {
        "cmph": 0.012717408970539086,
        "cmps": 0.19984388518357762
    },
    "20": {
        "cmph": 0.018129785643206178,
        "cmps": 0.1578225987922438
    },
    "21": {
        "cmph": 0.017122484764649837,
        "cmps": 0.12771092767673933
    },
    "22": {
        "cmph": 0.018717527562961734,
        "cmps": 0.1436285175164549
    },
    "final": {
        "OverThreshold": 0,
        "Ratio": 0,
        "Frame": 22
    }
}