{
    "1": {
        "cmph": 0.022355601039550366,
        "cmps": 0.08455607578414912
    },
    "2": {
        "cmph": 0.020717121866647255,
        "cmps": 0.07410658270787342
    },
    "3": {
        "cmph": 0.02110896176564249,
        "cmps": 0.07153974313148567
    },
    "4": {
        "cmph": 0.02402363645579904,
        "cmps": 0.06521299715104238
    },
    "5": {
        "cmph": 0.029034037526063507,
        "cmps": 0.0793154605269081
    },
    "6": {
        "cmph": 0.03233594903765059,
        "cmps": 0.0916824691085958
    },
    "final": {
        "OverThreshold": 0,
        "Ratio": 0,
        "Frame": 6
    }
}