{
    "1": {
        "cmph": 0.0317582073021414,
        "cmps": 0.1466435651485406
    },
    "2": {
        "cmph": 0.029977550560758237,
        "cmps": 0.12952220791733693
    },
    "3": {
        "cmph": 0.026518179944314522,
        "cmps": 0.11783831065568559
    },
    "4": {
        "cmph": 0.016152306032966614,
        "cmps": 0.10778735810001493
    },
    "5": {
        "cmph": 0.019433878348107312,
        "cmps": 0.10926283727741234
    },
    "6": {
        "cmph": 0.01964150445617539,
        "cmps": 0.11233529141387923
    },
    "7": {
        "cmph": 0.018015570984608015,
        "cmps": 0.10035171169320302
    },
    "8": {
        "cmph": 0.019315666147630698,
        "cmps": 0.09237266429490901
    },
    "9": {
        "cmph": 0.019614387473071267,
        "cmps": 0.09681625898956986
    },
    "10": {
        "cmph": 0.019887345590816466,
        "cmps": 0.1094533008113577
    },
    "11": {
        "cmph": 0.020082294422218268,
        "cmps": 0.09291766955381184
    },
    "12": {
        "cmph": 0.015748268369476164,
        "cmps": 0.07784238292726019
    },
    "final": {
        "OverThreshold": 0,
        "Ratio": 0,
        "Frame": 12
    }
}