{
    "1": {
        "cmph": 0.026364696162018652,
        "cmps": 0.0711096691374368
    },
    "2": {
        "cmph": 0.02278227074111318,
        "cmps": 0.06405186121446219
    },
    "3": {
        "cmph": 0.004706486517707107,
        "cmps": 0.0660951847588162
    },
    "4": {
        "cmph": 0.013075278555613539,
        "cmps": 0.05846873961818128
    },
    "5": {
        "cmph": 0.01631455859346481,
        "cmps": 0.06477716187119431
    },
    "6": {
        "cmph": 0.016507896439286088,
        "cmps": 0.06949326856157026
    },
    "7": {
        "cmph": 0.015478371965970116,
        "cmps": 0.06048200189733823
    },
    "8": {
        "cmph": 0.014589770457781814,
        "cmps": 0.054652705907181846
    },
    "9": {
        "cmph": 0.015191312025153418,
        "cmps": 0.05098595464480398
    },
    "10": {
        "cmph": 0.014703306586077526,
        "cmps": 0.05609227794119076
    },
    "11": {
        "cmph": 0.01580224645634747,
        "cmps": 0.05039435790612063
    },
    "12": {
        "cmph": 0.012684620646019893,
        "cmps": 0.04483561511485856
    },
    "13": {
        "cmph": 0.011598770287521619,
        "cmps": 0.04289899286655527
    },
    "14": {
        "cmph": 0.011886972433060973,
        "cmps": 0.040174615059690805
    },
    "15": {
        "cmph": 0.012310766966508851,
        "cmps": 0.04103995313196792
    },
    "16": {
        "cmph": 0.01236796278026522,
        "cmps": 0.03988317196522458
    },
    "17": {
        "cmph": 0.013013235702222225,
        "cmps": 0.03649972047473176
    },
    "18": {
        "cmph": 0.01431461983535514,
        "cmps": 0.037897659214939504
    },
    "19": {
        "cmph": 0.014999085085321271,
        "cmps": 0.04219150681480889
    },
    "20": {
        "cmph": 0.019408438822258664,
        "cmps": 0.0447919757986909
    },
    "21": {
        "cmph": 0.01927253527715843,
        "cmps": 0.044228390078239976
    },
    "22": {
        "cmph": 0.02046985000302953,
        "cmps": 0.04752554543946975
    },
    "final": {
        "OverThreshold": 0,
        "Ratio": 0,
        "Frame": 22
    }
}