{
    "1": {
        "cmph": 0.03268330400742367,
        "cmps": 0.12083373070307828
    },
    "2": {
        "cmph": 0.02844385190188056,
        "cmps": 0.10543896788481648
    },
    "3": {
        "cmph": 0.021515899893151242,
        "cmps": 0.11577484769773644
    },
    "4": {
        "cmph": 0.015393476479905919,
        "cmps": 0.10554749691672359
    },
    "5": {
        "cmph": 0.019537332324875024,
        "cmps": 0.10858975553015503
    },
    "6": {
        "cmph": 0.020094817706503235,
        "cmps": 0.11205139526014211
    },
    "7": {
        "cmph": 0.018252947290759835,
        "cmps": 0.08961476539961047
    },
    "8": {
        "cmph": 0.0204963946781099,
        "cmps": 0.09008605266244493
    },
    "9": {
        "cmph": 0.020690244301213922,
        "cmps": 0.08689209526983785
    },
    "10": {
        "cmph": 0.0208068854014148,
        "cmps": 0.0824894234738615
    },
    "11": {
        "cmph": 0.023233673144804675,
        "cmps": 0.07492896537971597
    },
    "12": {
        "cmph": 0.018345433469910816,
        "cmps": 0.06627651460997598
    },
    "13": {
        "cmph": 0.01776174384499741,
        "cmps": 0.061422061999081894
    },
    "14": {
        "cmph": 0.019829202097265623,
        "cmps": 0.06507216817551748
    },
    "15": {
        "cmph": 0.018186182867690706,
        "cmps": 0.06624935333156419
    },
    "16": {
        "cmph": 0.01872496365735151,
        "cmps": 0.06379334832728144
    },
    "17": {
        "cmph": 0.01814353545222629,
        "cmps": 0.05543211479865685
    },
    "18": {
        "cmph": 0.01918980827162736,
        "cmps": 0.06366497061201533
    },
    "19": {
        "cmph": 0.01830903713774678,
        "cmps": 0.06292716898704769
    },
    "20": {
        "cmph": 0.024847537223678086,
        "cmps": 0.07080598630243133
    },
    "21": {
        "cmph": 0.02629583462036753,
        "cmps": 0.0754053814355885
    },
    "22": {
        "cmph": 0.024973268560636166,
        "cmps": 0.07361799731049316
    },
    "final": {
        "OverThreshold": 0,
        "Ratio": 0,
        "Frame": 22
    }
}