{
    "1": {
        "cmph": 0.027182506670540958,
        "cmps": 0.12065047860699117
    },
    "2": {
        "cmph": 0.02637148598873351,
        "cmps": 0.12608267985326851
    },
    "3": {
        "cmph": 0.026977940453478184,
        "cmps": 0.11875278801078037
    },
    "4": {
        "cmph": 0.03140624768941946,
        "cmps": 0.12459418124018501
    },
    "5": {
        "cmph": 0.03356613328253463,
        "cmps": 0.16087375492013428
    },
    "6": {
        "cmph": 0.03843258536407673,
        "cmps": 0.1862900981293094
    },
    "7": {
        "cmph": 0.035060756175552814,
        "cmps": 0.18010140854129209
    },
    "8": {
        "cmph": 0.042562743049995536,
        "cmps": 0.16032140671259346
    },
    "9": {
        "cmph": 0.039600602404779896,
        "cmps": 0.15996055317002708
    },
    "10": {
        "cmph": 0.03965608771537477,
        "cmps": 0.13925896314640165
    },
    "11": {
        "cmph": 0.041178995973239735,
        "cmps": 0.10583593389417151
    },
    "12": {
        "cmph": 0.027230929832840502,
        "cmps": 0.05450324394275581
    },
    "13": {
        "cmph": 0.044586201191709335,
        "cmps": 0.19067541580331862
    },
    "14": {
        "cmph": 0.048562483541512685,
        "cmps": 0.19317369572234197
    },
    "15": {
        "cmph": 0.04917043284115855,
        "cmps": 0.16265923418874587
    },
    "16": {
        "cmph": 0.04043930074573222,
        "cmps": 0.12453976692251625
    },
    "17": {
        "cmph": 0.051860597433629786,
        "cmps": 0.258902276907131
    },
    "18": {
        "cmph": 0.0495131572566047,
        "cmps": 0.2654248429122906
    },
    "19": {
        "cmph": 0.053854741729980296,
        "cmps": 0.34881613082564417
    },
    "20": {
        "cmph": 0.04725248164035745,
        "cmps": 0.3069503275031466
    },
    "21": {
        "cmph": 0.04696092828275707,
        "cmps": 0.10582215506708265
    },
    "22": {
        "cmph": 0.04347336923932293,
        "cmps": 0.006884802256872649
    },
    "23": {
        "cmph": 0.039666187115366534,
        "cmps": 0.07606760220773676
    },
    "24": {
        "cmph": 0.03738171639585051,
        "cmps": 0.06237098267058809
    },
    "25": {
        "cmph": 0.031420896379734255,
        "cmps": 0.13329878600059428
    },
    "26": {
        "cmph": 0.03541734085235878,
        "cmps": 0.09613189637880831
    },
    "27": {
        "cmph": 0.031356462914597864,
        "cmps": 0.10588693478617382
    },
    "28": {
        "cmph": 0.030967431193021942,
        "cmps": 0.05769609826502346
    },
    "29": {
        "cmph": 0.03272173906404675,
        "cmps": 0.08905567436506834
    },
    "30": {
        "cmph": 0.03411588032937185,
        "cmps": 0.050393239972161906
    },
    "31": {
        "cmph": 0.039186822882442594,
        "cmps": 0.00486776427648165
    },
    "32": {
        "cmph": 0.044376396687698105,
        "cmps": 0.04695072393459161
    },
    "33": {
        "cmph": 0.04430450526391961,
        "cmps": 0.06130424694738474
    },
    "final": {
        "OverThreshold": 0,
        "Ratio": 0,
        "Frame": 33
    }
}