{
    "1": {
        "cmph": 0.032427363147097744,
        "cmps": 0.12169835799542399
    },
    "2": {
        "cmph": 0.029273225339407224,
        "cmps": 0.06702872081375677
    },
    "3": {
        "cmph": 0.025341563516421924,
        "cmps": 0.07565821562438235
    },
    "4": {
        "cmph": 0.022903672334737456,
        "cmps": 0.0659149586027309
    },
    "5": {
        "cmph": 0.027085210500904695,
        "cmps": 0.1359576743192681
    },
    "6": {
        "cmph": 0.02383680287682046,
        "cmps": 0.14304557870480117
    },
    "7": {
        "cmph": 0.01819111333961722,
        "cmps": 0.14501799451084005
    },
    "8": {
        "cmph": 0.02109762240671117,
        "cmps": 0.16021438757168982
    },
    "9": {
        "cmph": 0.018321846407878695,
        "cmps": 0.15673903978574275
    },
    "10": {
        "cmph": 0.019324158149954224,
        "cmps": 0.16560160607186752
    },
    "11": {
        "cmph": 0.01734333373679255,
        "cmps": 0.15651013515566517
    },
    "12": {
        "cmph": 0.014669488356121755,
        "cmps": 0.14600899469155196
    },
    "13": {
        "cmph": 0.013022892693694717,
        "cmps": 0.12349030493586476
    },
    "14": {
        "cmph": 0.01602520640790758,
        "cmps": 0.11948893239432418
    },
    "15": {
        "cmph": 0.014359417853551529,
        "cmps": 0.09041751020022251
    },
    "16": {
        "cmph": 0.013780551713615759,
        "cmps": 0.08977210984829213
    },
    "17": {
        "cmph": 0.016608942229939236,
        "cmps": 0.07470253348984236
    },
    "18": {
        "cmph": 0.020696415059286537,
        "cmps": 0.0970955052847181
    },
    "19": {
        "cmph": 0.02066124173239927,
        "cmps": 0.11948435626906588
    },
    "20": {
        "cmph": 0.036204912036946556,
        "cmps": 0.062038113089045756
    },
    "21": {
        "cmph": 0.03600106732022003,
        "cmps": 0.06081706360156793
    },
    "22": {
        "cmph": 0.036736589825047475,
        "cmps": 0.05553501868430374
    },
    "final": {
        "OverThreshold": 0,
        "Ratio": 0,
        "Frame": 22
    }
}