{
    "1": {
        "cmph": 0.01470600923572473,
        "cmps": 0.025568900406924024
    },
    "2": {
        "cmph": 0.01136405134377236,
        "cmps": 0.016059901112215773
    },
    "3": {
        "cmph": 0.006905509767302722,
        "cmps": 0.013899124871041339
    },
    "4": {
        "cmph": 0.008559440576230792,
        "cmps": 0.020768373360198118
    },
    "5": {
        "cmph": 0.009338143210320036,
        "cmps": 0.015202992370330752
    },
    "6": {
        "cmph": 0.014877951153801076,
        "cmps": 0.034970193390740846
    },
    "7": {
        "cmph": 0.020835537208616948,
        "cmps": 0.0035658621327614467
    },
    "8": {
        "cmph": 0.022282518977497195,
        "cmps": 0.011882385491034236
    },
    "9": {
        "cmph": 0.020834934062424162,
        "cmps": 0.0422870923927191
    },
    "10": {
        "cmph": 0.018094886133004848,
        "cmps": 0.04399011970880881
    },
    "11": {
        "cmph": 0.020566093879690033,
        "cmps": 0.14663000750635494
    },
    "12": {
        "cmph": 0.024357592914635837,
        "cmps": 0.25087812250165176
    },
    "13": {
        "cmph": 0.023996605544801902,
        "cmps": 0.3072409890024324
    },
    "14": {
        "cmph": 0.029402190402237596,
        "cmps": 0.3185330071149635
    },
    "15": {
        "cmph": 0.035265861528177914,
        "cmps": 0.34872262599770554
    },
    "16": {
        "cmph": 0.03143263225051531,
        "cmps": 0.3287675985488201
    },
    "17": {
        "cmph": 0.0336295538912584,
        "cmps": 0.39076390951536966
    },
    "18": {
        "cmph": 0.03327351748975016,
        "cmps": 0.3386858144711914
    },
    "19": {
        "cmph": 0.032121588745895664,
        "cmps": 0.28996520173568063
    },
    "20": {
        "cmph": 0.028482573992233653,
        "cmps": 0.2912898024371645
    },
    "21": {
        "cmph": 0.027945586642037754,
        "cmps": 0.38874466073690417
    },
    "final": {
        "OverThreshold": 0,
        "Ratio": 0,
        "Frame": 21
    }
}