{
    "1": {
        "cmph": 0.028506270700539037,
        "cmps": 0.0935308330556133
    },
    "2": {
        "cmph": 0.025586509076994942,
        "cmps": 0.07519616532299234
    },
    "3": {
        "cmph": 0.024320385235386356,
        "cmps": 0.07473382590296501
    },
    "4": {
        "cmph": 0.029014306749917253,
        "cmps": 0.07038407719135784
    },
    "5": {
        "cmph": 0.02825351283341877,
        "cmps": 0.07503422843021906
    },
    "6": {
        "cmph": 0.02907439347461975,
        "cmps": 0.07824415346239158
    },
    "final": {
        "OverThreshold": 0,
        "Ratio": 0,
        "Frame": 6
    }
}