{
    "1": {
        "cmph": 0.003853473525300415,
        "cmps": 0.03747253112650789
    },
    "2": {
        "cmph": 0.008366565730920754,
        "cmps": 0.024782788252960115
    },
    "3": {
        "cmph": 0.01237620684006679,
        "cmps": 0.012646227517916742
    },
    "4": {
        "cmph": 0.014524802867315728,
        "cmps": 0.007642173716871347
    },
    "5": {
        "cmph": 0.014238004951293976,
        "cmps": 0.045346118436312116
    },
    "6": {
        "cmph": 0.014858162600062536,
        "cmps": 0.03474242999031903
    },
    "7": {
        "cmph": 0.014998151128742426,
        "cmps": 0.044966026403199195
    },
    "8": {
        "cmph": 0.01328678050725295,
        "cmps": 0.042225926289409924
    },
    "9": {
        "cmph": 0.013013374703126414,
        "cmps": 0.053381682077779984
    },
    "10": {
        "cmph": 0.015229591986365002,
        "cmps": 0.035973604425135405
    },
    "11": {
        "cmph": 0.012282137098909074,
        "cmps": 0.04020381577395899
    },
    "12": {
        "cmph": 0.013582430989791741,
        "cmps": 0.027292392357065536
    },
    "13": {
        "cmph": 0.015928091551741727,
        "cmps": 0.043558935616386615
    },
    "14": {
        "cmph": 0.014551546908396083,
        "cmps": 0.044083150120367065
    },
    "15": {
        "cmph": 0.006030058479649229,
        "cmps": 0.007662504666677264
    },
    "16": {
        "cmph": 0.011642052662530043,
        "cmps": 0.10603293016552633
    },
    "17": {
        "cmph": 0.0024232639815335534,
        "cmps": 0.04802983241161639
    },
    "18": {
        "cmph": 0.0042245670793431295,
        "cmps": 0.1266368701532523
    },
    "19": {
        "cmph": 0.0035456404595373436,
        "cmps": 0.04120219554977503
    },
    "20": {
        "cmph": 0.023694140444579032,
        "cmps": 0.07060753937001873
    },
    "21": {
        "cmph": 0.03910674376023736,
        "cmps": 0.1688950614236138
    },
    "22": {
        "cmph": 0.059760137870322534,
        "cmps": 0.18309378001495588
    },
    "23": {
        "cmph": 0.07217078311976739,
        "cmps": 0.14538676274931084
    },
    "24": {
        "cmph": 0.10795880656103413,
        "cmps": 0.18972248025515695
    },
    "25": {
        "cmph": 0.12629753752907322,
        "cmps": 0.2998089363096545
    },
    "26": {
        "cmph": 0.03809733383685052,
        "cmps": 0.10279580516494959
    },
    "27": {
        "cmph": 0.08357319311049678,
        "cmps": 0.108633734817933
    },
    "28": {
        "cmph": 0.11106257465684602,
        "cmps": 0.10913247343598612
    },
    "29": {
        "cmph": 0.060517461705883006,
        "cmps": 0.09861250380831084
    },
    "30": {
        "cmph": 0.06423915155042165,
        "cmps": 0.11604425443980056
    },
    "31": {
        "cmph": 0.05400219900325032,
        "cmps": 0.13183604011758676
    },
    "32": {
        "cmph": 0.08533433178114307,
        "cmps": 0.11871134676331435
    },
    "33": {
        "cmph": 0.0850756688002634,
        "cmps": 0.03233223442827008
    },
    "34": {
        "cmph": 0.15733501772929362,
        "cmps": 0.09481909058386537
    },
    "35": {
        "cmph": 0.11136560470448985,
        "cmps": 0.08064389608399948
    },
    "36": {
        "cmph": 0.12312161663003197,
        "cmps": 0.06543761337571936
    },
    "final": {
        "OverThreshold": 1,
        "Ratio": 2,
        "Frame": 36
    }
}