{
    "1": {
        "cmph": 0.0072461556057414655,
        "cmps": 0.05814059619526834
    },
    "2": {
        "cmph": 0.009652224121051343,
        "cmps": 0.008768051333195413
    },
    "3": {
        "cmph": 0.02334302134164399,
        "cmps": 0.022895119568883966
    },
    "4": {
        "cmph": 0.027740597462824538,
        "cmps": 0.029140559214456845
    },
    "5": {
        "cmph": 0.021645275013855395,
        "cmps": 0.0900005228666988
    },
    "6": {
        "cmph": 0.01929988618571806,
        "cmps": 0.11458167158061315
    },
    "7": {
        "cmph": 0.028366189430116408,
        "cmps": 0.010216699292353276
    },
    "8": {
        "cmph": 0.028208159644103496,
        "cmps": 0.04924017929375685
    },
    "9": {
        "cmph": 0.025360547763507612,
        "cmps": 0.05759060925400362
    },
    "10": {
        "cmph": 0.02677755984606919,
        "cmps": 0.06524273349324773
    },
    "11": {
        "cmph": 0.0289440623996708,
        "cmps": 0.06458701393167354
    },
    "12": {
        "cmph": 0.02601266902154099,
        "cmps": 0.07073874534134855
    },
    "13": {
        "cmph": 0.024766875831994235,
        "cmps": 0.0637452626965352
    },
    "final": {
        "OverThreshold": 0,
        "Ratio": 0,
        "Frame": 13
    }
}