{
    "1": {
        "cmph": 0.6534388795204241,
        "cmps": 0.7017109788314415
    },
    "2": {
        "cmph": 0.6804262736547191,
        "cmps": 0.7039123792193932
    },
    "3": {
        "cmph": 0.6969453818353927,
        "cmps": 0.7433036497887918
    },
    "4": {
        "cmph": 0.6904637847055743,
        "cmps": 0.762504807006851
    },
    "5": {
        "cmph": 0.6397613175115547,
        "cmps": 0.7415494981460045
    },
    "6": {
        "cmph": 0.8877753914644375,
        "cmps": 0.7375865739242745
    },
    "7": {
        "cmph": 0.9288590678381398,
        "cmps": 0.6970979138122676
    },
    "8": {
        "cmph": 0.8909712884185641,
        "cmps": 0.6536567242757131
    },
    "9": {
        "cmph": 0.91944526840331,
        "cmps": 0.7601530670583835
    },
    "10": {
        "cmph": 0.9033417693845078,
        "cmps": 0.7244052979086127
    },
    "11": {
        "cmph": 0.9210109919486699,
        "cmps": 0.5850856095348131
    },
    "12": {
        "cmph": 0.8418632064307126,
        "cmps": 0.6031157254215529
    },
    "13": {
        "cmph": 0.8460785617867901,
        "cmps": 0.49505698057170633
    },
    "14": {
        "cmph": 0.9043135219973848,
        "cmps": 0.5236108371369416
    },
    "15": {
        "cmph": 0.9284307040903972,
        "cmps": 0.5290379074299645
    },
    "16": {
        "cmph": 0.9497390162865832,
        "cmps": 0.47409779015876635
    },
    "17": {
        "cmph": 0.9720928999541611,
        "cmps": 0.45230270818909113
    },
    "18": {
        "cmph": 0.9767609857151031,
        "cmps": 0.5088896780303045
    },
    "19": {
        "cmph": 0.9481673559412781,
        "cmps": 0.37421953894674853
    },
    "20": {
        "cmph": 0.8966678141275982,
        "cmps": 0.2528323953162568
    },
    "21": {
        "cmph": 0.8573847638046347,
        "cmps": 0.28999733084906576
    },
    "22": {
        "cmph": 0.8910475528227807,
        "cmps": 0.3519279673209144
    },
    "23": {
        "cmph": 0.9116371055926853,
        "cmps": 0.4383016868909326
    },
    "24": {
        "cmph": 0.9324107771617632,
        "cmps": 0.49032164269415746
    },
    "25": {
        "cmph": 0.9127615486489525,
        "cmps": 0.5030029001247497
    },
    "26": {
        "cmph": 0.8484000067221286,
        "cmps": 0.7888777033139275
    },
    "27": {
        "cmph": 0.9364482356709627,
        "cmps": 0.7560479377862835
    },
    "28": {
        "cmph": 0.614633379277155,
        "cmps": 0.5895238110011193
    },
    "29": {
        "cmph": 0.5961578891850219,
        "cmps": 0.6151786121245187
    },
    "30": {
        "cmph": 0.5789470126539416,
        "cmps": 0.6515509455348366
    },
    "31": {
        "cmph": 0.5729567943459928,
        "cmps": 0.6695913653267783
    },
    "32": {
        "cmph": 0.6401084956421241,
        "cmps": 0.6366071834568803
    },
    "33": {
        "cmph": 0.7103928560703835,
        "cmps": 0.6476333214520078
    },
    "34": {
        "cmph": 0.8260570125223136,
        "cmps": 0.5518800276514463
    },
    "final": {
        "OverThreshold": 34,
        "Ratio": 100,
        "Frame": 34
    }
}