{
    "1": {
        "cmph": 0.8552026736327889,
        "cmps": 0.051764472074264864
    },
    "2": {
        "cmph": 0.8503661473418145,
        "cmps": 0.05235594886125862
    },
    "3": {
        "cmph": 0.8135405699062228,
        "cmps": 0.044485875863964665
    },
    "4": {
        "cmph": 0.6901383571508212,
        "cmps": 0.034347810845980396
    },
    "5": {
        "cmph": 0.8372749009563409,
        "cmps": 0.012479664202919726
    },
    "6": {
        "cmph": 0.6784272849901708,
        "cmps": 0.04172455251909877
    },
    "7": {
        "cmph": 0.7504445185655136,
        "cmps": 0.0834646247587474
    },
    "8": {
        "cmph": 0.773413864899034,
        "cmps": 0.07899494361213019
    },
    "9": {
        "cmph": 0.7440645200200166,
        "cmps": 0.02428806405800212
    },
    "10": {
        "cmph": 0.795695414083776,
        "cmps": 0.03676584760432075
    },
    "11": {
        "cmph": 0.7398524121549235,
        "cmps": 0.0021182710406749427
    },
    "12": {
        "cmph": 0.8088549459189683,
        "cmps": 0.01939382746425292
    },
    "13": {
        "cmph": 0.7312346063911743,
        "cmps": 0.047033201172437436
    },
    "14": {
        "cmph": 0.7307332592783812,
        "cmps": 0.05933308177928884
    },
    "15": {
        "cmph": 0.7018333583036142,
        "cmps": 0.07434689668574687
    },
    "16": {
        "cmph": 0.6837731041606128,
        "cmps": 0.051292421567783526
    },
    "17": {
        "cmph": 0.672839061505855,
        "cmps": 0.0473802914364914
    },
    "18": {
        "cmph": 0.7606584251937174,
        "cmps": 0.04095056087029943
    },
    "19": {
        "cmph": 0.8514157692536964,
        "cmps": 0.027704258999332657
    },
    "20": {
        "cmph": 0.7001329838982066,
        "cmps": 0.05138477848348584
    },
    "21": {
        "cmph": 0.6583512067231506,
        "cmps": 0.07972204491798686
    },
    "22": {
        "cmph": 0.766877115623204,
        "cmps": 0.03845472234381599
    },
    "23": {
        "cmph": 0.7592569752323681,
        "cmps": 0.004780614911256466
    },
    "24": {
        "cmph": 0.7407006931232555,
        "cmps": 0.037873993162809136
    },
    "25": {
        "cmph": 0.6696614018077509,
        "cmps": 0.0473400357678153
    },
    "26": {
        "cmph": 0.7356538568411201,
        "cmps": 0.03782831157676904
    },
    "27": {
        "cmph": 0.8278602082945739,
        "cmps": 0.009581829269395707
    },
    "28": {
        "cmph": 0.8060671502383024,
        "cmps": 0.013126193763039088
    },
    "29": {
        "cmph": 0.704230218145288,
        "cmps": 0.009601974806042232
    },
    "30": {
        "cmph": 0.5974542582889784,
        "cmps": 0.039246729033661526
    },
    "31": {
        "cmph": 0.464421182973776,
        "cmps": 0.08463980330609348
    },
    "32": {
        "cmph": 0.5220443310202068,
        "cmps": 0.17238382554774945
    },
    "final": {
        "OverThreshold": 32,
        "Ratio": 100,
        "Frame": 32
    }
}