{
    "1": {
        "cmph": 0.03290227902808228,
        "cmps": 0.11293464229076298
    },
    "2": {
        "cmph": 0.03306271018631322,
        "cmps": 0.1177863002956726
    },
    "3": {
        "cmph": 0.031738842162535724,
        "cmps": 0.10297034654691499
    },
    "4": {
        "cmph": 0.03152272310034038,
        "cmps": 0.1013055916778251
    },
    "5": {
        "cmph": 0.03335028679815573,
        "cmps": 0.12021939712578257
    },
    "6": {
        "cmph": 0.03243585738528513,
        "cmps": 0.11528148191375158
    },
    "7": {
        "cmph": 0.03186000193896173,
        "cmps": 0.10705980588452592
    },
    "8": {
        "cmph": 0.03167870616923834,
        "cmps": 0.07062976830006404
    },
    "9": {
        "cmph": 0.03184699803252321,
        "cmps": 0.06709993491878385
    },
    "10": {
        "cmph": 0.03178478313815576,
        "cmps": 0.09596718902403721
    },
    "11": {
        "cmph": 0.030404953109212176,
        "cmps": 0.0862543072242616
    },
    "12": {
        "cmph": 0.031626900805928025,
        "cmps": 0.08168102451547353
    },
    "13": {
        "cmph": 0.03134821550017195,
        "cmps": 0.09812044258669196
    },
    "14": {
        "cmph": 0.030997210831849125,
        "cmps": 0.122401273701593
    },
    "15": {
        "cmph": 0.031209041509044622,
        "cmps": 0.11607829896926847
    },
    "16": {
        "cmph": 0.029756914726102254,
        "cmps": 0.10886418763376265
    },
    "17": {
        "cmph": 0.02938237371226589,
        "cmps": 0.11812567488691704
    },
    "18": {
        "cmph": 0.028005048168156986,
        "cmps": 0.12238667478073419
    },
    "19": {
        "cmph": 0.029066593548710513,
        "cmps": 0.10648014935421958
    },
    "20": {
        "cmph": 0.030298911666421385,
        "cmps": 0.09198050822680387
    },
    "21": {
        "cmph": 0.030868784591604168,
        "cmps": 0.09839714015386605
    },
    "22": {
        "cmph": 0.031501651963111374,
        "cmps": 0.11117504653627143
    },
    "23": {
        "cmph": 0.03159209890240557,
        "cmps": 0.1262432648694381
    },
    "24": {
        "cmph": 0.03265801442927097,
        "cmps": 0.13717759705455002
    },
    "25": {
        "cmph": 0.03093090481401982,
        "cmps": 0.10285191821283023
    },
    "26": {
        "cmph": 0.03255940789308928,
        "cmps": 0.1306002864030569
    },
    "27": {
        "cmph": 0.030690620889033318,
        "cmps": 0.12318149782105266
    },
    "28": {
        "cmph": 0.030510372312965155,
        "cmps": 0.1282299027237594
    },
    "29": {
        "cmph": 0.03178701408090521,
        "cmps": 0.13099889450876165
    },
    "30": {
        "cmph": 0.02747295602783975,
        "cmps": 0.12055815190940555
    },
    "31": {
        "cmph": 0.030649947013860947,
        "cmps": 0.12372509798913069
    },
    "32": {
        "cmph": 0.03208966025869457,
        "cmps": 0.13437902908956006
    },
    "33": {
        "cmph": 0.03403945468982475,
        "cmps": 0.1227013506136799
    },
    "34": {
        "cmph": 0.02962011743946225,
        "cmps": 0.1063704036641761
    },
    "final": {
        "OverThreshold": 0,
        "Ratio": 0,
        "Frame": 34
    }
}