{
    "1": {
        "cmph": 0.04483341637043967,
        "cmps": 0.10709264324695489
    },
    "2": {
        "cmph": 0.04373373141137651,
        "cmps": 0.06776893194036625
    },
    "3": {
        "cmph": 0.04405822297382822,
        "cmps": 0.06199328265535895
    },
    "4": {
        "cmph": 0.041370304650171066,
        "cmps": 0.06949283409286644
    },
    "5": {
        "cmph": 0.04218238695332978,
        "cmps": 0.060258108542682265
    },
    "6": {
        "cmph": 0.04169163484838734,
        "cmps": 0.07060696098700406
    },
    "7": {
        "cmph": 0.04005461513467492,
        "cmps": 0.027811740775792897
    },
    "8": {
        "cmph": 0.0393302531506671,
        "cmps": 0.03712814884861901
    },
    "9": {
        "cmph": 0.037174286841865765,
        "cmps": 0.07908187433685741
    },
    "10": {
        "cmph": 0.03727766763335245,
        "cmps": 0.1057275363576201
    },
    "11": {
        "cmph": 0.035347154683353664,
        "cmps": 0.12009947540981654
    },
    "12": {
        "cmph": 0.03488680375921846,
        "cmps": 0.09986373315942873
    },
    "13": {
        "cmph": 0.0345414492537489,
        "cmps": 0.12599394912945647
    },
    "14": {
        "cmph": 0.03496702394420948,
        "cmps": 0.12635625062265304
    },
    "15": {
        "cmph": 0.034482656982837846,
        "cmps": 0.11542677320085337
    },
    "16": {
        "cmph": 0.033612685660290756,
        "cmps": 0.12513036857067644
    },
    "17": {
        "cmph": 0.03162596147525027,
        "cmps": 0.12096791739522135
    },
    "18": {
        "cmph": 0.032314228738205636,
        "cmps": 0.1162478576504368
    },
    "19": {
        "cmph": 0.03210399368220674,
        "cmps": 0.1133774998014612
    },
    "20": {
        "cmph": 0.03325805468108779,
        "cmps": 0.10338371151605986
    },
    "21": {
        "cmph": 0.035553930812398056,
        "cmps": 0.09450579261115044
    },
    "22": {
        "cmph": 0.03368605804654074,
        "cmps": 0.0941321523774731
    },
    "23": {
        "cmph": 0.03156992698896981,
        "cmps": 0.09937484544664416
    },
    "24": {
        "cmph": 0.03117742786854149,
        "cmps": 0.10820600623095
    },
    "25": {
        "cmph": 0.027831551933240335,
        "cmps": 0.09287455203297448
    },
    "26": {
        "cmph": 0.028146073668222825,
        "cmps": 0.10851875003033487
    },
    "27": {
        "cmph": 0.02691385078952651,
        "cmps": 0.10655402999670324
    },
    "28": {
        "cmph": 0.027884629674783376,
        "cmps": 0.12527532396748522
    },
    "29": {
        "cmph": 0.02835212393751764,
        "cmps": 0.12867222590330107
    },
    "30": {
        "cmph": 0.025728417980657725,
        "cmps": 0.13070468385856074
    },
    "31": {
        "cmph": 0.028701921071709727,
        "cmps": 0.15872309506933688
    },
    "32": {
        "cmph": 0.03135212471545984,
        "cmps": 0.13554488763700537
    },
    "final": {
        "OverThreshold": 0,
        "Ratio": 0,
        "Frame": 32
    }
}