{
    "1": {
        "cmph": 1.0,
        "cmps": 0.0376715827335478
    },
    "2": {
        "cmph": 1.0,
        "cmps": 0.048160589721116566
    },
    "3": {
        "cmph": 1.0,
        "cmps": 0.04294810982491805
    },
    "4": {
        "cmph": 0.16408076865941515,
        "cmps": 0.0567476997102776
    },
    "5": {
        "cmph": 0.1022839105803714,
        "cmps": 0.037754612069143656
    },
    "6": {
        "cmph": 1.0,
        "cmps": 0.0022770818347049174
    },
    "7": {
        "cmph": 0.0230765369841497,
        "cmps": 0.012935067530697926
    },
    "8": {
        "cmph": 0.028605689876783354,
        "cmps": 0.03798282071837077
    },
    "9": {
        "cmph": 0.03447862243975347,
        "cmps": 0.05253377150236528
    },
    "10": {
        "cmph": 0.019064704735648638,
        "cmps": 0.0761908731056927
    },
    "11": {
        "cmph": 0.0169399789117085,
        "cmps": 0.07727800615178959
    },
    "12": {
        "cmph": 0.005632890041199563,
        "cmps": 0.087434402530102
    },
    "13": {
        "cmph": 0.04407221685663164,
        "cmps": 0.08394032261808994
    },
    "14": {
        "cmph": 0.03272669865823793,
        "cmps": 0.09123126411531625
    },
    "15": {
        "cmph": 0.02018569208796056,
        "cmps": 0.09385730239176253
    },
    "16": {
        "cmph": 0.024617040370417134,
        "cmps": 0.09313178017108348
    },
    "17": {
        "cmph": 1.0,
        "cmps": 0.07212329364994884
    },
    "18": {
        "cmph": 0.0005301197801925208,
        "cmps": 0.07508383035768482
    },
    "19": {
        "cmph": 0.021847675833641906,
        "cmps": 0.07981109545526899
    },
    "20": {
        "cmph": 1.0,
        "cmps": 0.08120229050605247
    },
    "21": {
        "cmph": 0.020991859257827435,
        "cmps": 0.0813551810016865
    },
    "22": {
        "cmph": 0.030183975691325398,
        "cmps": 0.0924336600792394
    },
    "23": {
        "cmph": 0.02988358803242636,
        "cmps": 0.09267957344699608
    },
    "24": {
        "cmph": 0.018279151761474134,
        "cmps": 0.08278217152986873
    },
    "25": {
        "cmph": 0.0030921642268933406,
        "cmps": 0.09011569682253175
    },
    "26": {
        "cmph": 0.03584394995419353,
        "cmps": 0.09367110023122727
    },
    "27": {
        "cmph": 0.005936735672729289,
        "cmps": 0.101328012315442
    },
    "28": {
        "cmph": 0.023572916784502625,
        "cmps": 0.08437525841430167
    },
    "29": {
        "cmph": 0.031075420707262803,
        "cmps": 0.08402550636736132
    },
    "30": {
        "cmph": 0.030082134868790605,
        "cmps": 0.07871575574072776
    },
    "31": {
        "cmph": 0.03902258302601978,
        "cmps": 0.08588422606279777
    },
    "32": {
        "cmph": 0.04372622357164629,
        "cmps": 0.08006236916837549
    },
    "33": {
        "cmph": 0.027222644185839195,
        "cmps": 0.07204173674460579
    },
    "34": {
        "cmph": 0.027790603705473708,
        "cmps": 0.06814861242125946
    },
    "final": {
        "OverThreshold": 3,
        "Ratio": 11,
        "Frame": 34
    }
}