{
    "1": {
        "cmph": 0.036977384602559685,
        "cmps": 0.10606899811811407
    },
    "2": {
        "cmph": 0.03389160786476158,
        "cmps": 0.08119156128802843
    },
    "3": {
        "cmph": 0.033592342610775226,
        "cmps": 0.08098695179128029
    },
    "4": {
        "cmph": 0.03765311580256617,
        "cmps": 0.055759172562916764
    },
    "5": {
        "cmph": 0.0367499877243802,
        "cmps": 0.064906461845811
    },
    "6": {
        "cmph": 0.03853298302461174,
        "cmps": 0.06836082200046263
    },
    "7": {
        "cmph": 0.03861254049641477,
        "cmps": 0.06215076459305595
    },
    "8": {
        "cmph": 0.039016083152433136,
        "cmps": 0.04787622108373843
    },
    "9": {
        "cmph": 0.03919900326829386,
        "cmps": 0.033268585357009675
    },
    "10": {
        "cmph": 0.03767284922299943,
        "cmps": 0.06198187445659424
    },
    "11": {
        "cmph": 0.034890463294587254,
        "cmps": 0.05785228191742122
    },
    "12": {
        "cmph": 0.031639830838286385,
        "cmps": 0.07067531527290107
    },
    "13": {
        "cmph": 0.029182451793832765,
        "cmps": 0.08511795958845873
    },
    "14": {
        "cmph": 0.030610649931757494,
        "cmps": 0.08603773856057048
    },
    "15": {
        "cmph": 0.03221287926503853,
        "cmps": 0.07444250370564712
    },
    "16": {
        "cmph": 0.03362138480609891,
        "cmps": 0.06585175412264047
    },
    "17": {
        "cmph": 0.032044460561529535,
        "cmps": 0.05257508120220479
    },
    "18": {
        "cmph": 0.03233470991333657,
        "cmps": 0.0630662052125639
    },
    "19": {
        "cmph": 0.03429025489089543,
        "cmps": 0.05796131561422607
    },
    "20": {
        "cmph": 0.03262629074575433,
        "cmps": 0.05221512209140403
    },
    "21": {
        "cmph": 0.032393385072581056,
        "cmps": 0.06571185885828036
    },
    "22": {
        "cmph": 0.030320848796377756,
        "cmps": 0.08002633540240137
    },
    "23": {
        "cmph": 0.027065580903110568,
        "cmps": 0.09040981869760757
    },
    "24": {
        "cmph": 0.025254876825556945,
        "cmps": 0.0840423409446556
    },
    "25": {
        "cmph": 0.023110227044657383,
        "cmps": 0.06373046219641208
    },
    "26": {
        "cmph": 0.021895140151651227,
        "cmps": 0.05632693869523116
    },
    "27": {
        "cmph": 0.02409021882558528,
        "cmps": 0.05165365477026002
    },
    "28": {
        "cmph": 0.0243913753507585,
        "cmps": 0.051552635702014495
    },
    "29": {
        "cmph": 0.023457573189412252,
        "cmps": 0.06575478938553143
    },
    "30": {
        "cmph": 0.02526966057460036,
        "cmps": 0.0721892164101356
    },
    "31": {
        "cmph": 0.02348869170321383,
        "cmps": 0.054348123293563505
    },
    "32": {
        "cmph": 0.02601955461596097,
        "cmps": 0.05081344567123618
    },
    "final": {
        "OverThreshold": 0,
        "Ratio": 0,
        "Frame": 32
    }
}