{
    "1": {
        "cmph": 0.03325107502160882,
        "cmps": 0.5601353771395378
    },
    "2": {
        "cmph": 0.058517165257521875,
        "cmps": 0.6108290781195284
    },
    "3": {
        "cmph": 0.03772223640058589,
        "cmps": 0.6331822410706365
    },
    "4": {
        "cmph": 0.10571569663647055,
        "cmps": 0.5904879646011851
    },
    "5": {
        "cmph": 0.10838760064684677,
        "cmps": 0.5620214743372915
    },
    "6": {
        "cmph": 0.006410385904619147,
        "cmps": 0.20848334693796397
    },
    "7": {
        "cmph": 0.0013057348788235604,
        "cmps": 0.2055520126813351
    },
    "8": {
        "cmph": 0.035981527751722434,
        "cmps": 0.17713791290116235
    },
    "9": {
        "cmph": 0.033474224736675474,
        "cmps": 0.1445651511523684
    },
    "10": {
        "cmph": 0.019932189091160946,
        "cmps": 0.17318419539255836
    },
    "11": {
        "cmph": 0.03386048113046467,
        "cmps": 0.18068633516330304
    },
    "12": {
        "cmph": 0.024956367156275066,
        "cmps": 0.2565394856448092
    },
    "13": {
        "cmph": 0.019350351138503284,
        "cmps": 0.25804427240208416
    },
    "14": {
        "cmph": 0.02790475971887503,
        "cmps": 0.4595589363028413
    },
    "15": {
        "cmph": 0.04058685972725416,
        "cmps": 0.4521357651991062
    },
    "16": {
        "cmph": 0.04276907630729685,
        "cmps": 0.4270075270517251
    },
    "17": {
        "cmph": 0.0315596540440271,
        "cmps": 0.45627381511387305
    },
    "18": {
        "cmph": 0.030219607687111766,
        "cmps": 0.47228094350541666
    },
    "19": {
        "cmph": 0.05409523749682456,
        "cmps": 0.31797145011501776
    },
    "20": {
        "cmph": 0.06115642532225035,
        "cmps": 0.25213464453687284
    },
    "21": {
        "cmph": 0.04175152251825592,
        "cmps": 0.21547152780734402
    },
    "22": {
        "cmph": 0.049271296435978156,
        "cmps": 0.2808628834305559
    },
    "23": {
        "cmph": 0.04413274355326767,
        "cmps": 0.3538255348315
    },
    "24": {
        "cmph": 0.01601257632141208,
        "cmps": 0.34420669819005467
    },
    "25": {
        "cmph": 0.007494148395032622,
        "cmps": 0.39246476763053356
    },
    "26": {
        "cmph": 0.020036203435980955,
        "cmps": 0.6356275273965843
    },
    "27": {
        "cmph": 0.01624437531294237,
        "cmps": 0.703970240574107
    },
    "28": {
        "cmph": 0.0463816183349928,
        "cmps": 0.6998551004531133
    },
    "29": {
        "cmph": 0.06162436314434774,
        "cmps": 0.6480300501740897
    },
    "30": {
        "cmph": 0.07246547805443794,
        "cmps": 0.7046191447551895
    },
    "31": {
        "cmph": 0.057474476344531664,
        "cmps": 0.6319908122889728
    },
    "32": {
        "cmph": 0.11911715267332648,
        "cmps": 0.6616385158980512
    },
    "33": {
        "cmph": 0.1195338964606309,
        "cmps": 0.6426580902476102
    },
    "34": {
        "cmph": 0.3911708128760795,
        "cmps": 0.40066839096733103
    },
    "35": {
        "cmph": 0.3286841355506102,
        "cmps": 0.38929359932223495
    },
    "36": {
        "cmph": 0.3249367196914626,
        "cmps": 0.3207214407479795
    },
    "37": {
        "cmph": 0.30178097845337915,
        "cmps": 0.2725637244849032
    },
    "38": {
        "cmph": 0.321000158871958,
        "cmps": 0.176626152408154
    },
    "39": {
        "cmph": 0.34883090730980326,
        "cmps": 0.18864322725607036
    },
    "40": {
        "cmph": 0.41581696305293236,
        "cmps": 0.1435134567028228
    },
    "41": {
        "cmph": 0.4086672404401252,
        "cmps": 0.16029187438280942
    },
    "42": {
        "cmph": 0.5069646739856611,
        "cmps": 0.12540646874047937
    },
    "43": {
        "cmph": 0.5355047397769443,
        "cmps": 0.1829876801817386
    },
    "44": {
        "cmph": 0.4021061966674213,
        "cmps": 0.2735312241079406
    },
    "45": {
        "cmph": 0.3958700876933191,
        "cmps": 0.2982022518588458
    },
    "46": {
        "cmph": 0.6662523553400007,
        "cmps": 0.2810392358279491
    },
    "47": {
        "cmph": 0.6424435056741244,
        "cmps": 0.27251623584136503
    },
    "48": {
        "cmph": 0.6882047531874341,
        "cmps": 0.2793836718946303
    },
    "49": {
        "cmph": 0.7297463240052687,
        "cmps": 0.26785927935152165
    },
    "final": {
        "OverThreshold": 6,
        "Ratio": 12,
        "Frame": 49
    }
}