{
    "1": {
        "cmph": 0.0017491903704566624,
        "cmps": 0.039925817586887825
    },
    "2": {
        "cmph": 0.0074712007873721275,
        "cmps": 0.01995314050005983
    },
    "3": {
        "cmph": 0.01493688922309422,
        "cmps": 0.023741929643268236
    },
    "4": {
        "cmph": 0.012440324706760012,
        "cmps": 0.027498806641345203
    },
    "5": {
        "cmph": 0.015059211453868735,
        "cmps": 0.06301226177634346
    },
    "6": {
        "cmph": 0.015456111204542874,
        "cmps": 0.07108842593745841
    },
    "7": {
        "cmph": 0.015558291774384753,
        "cmps": 0.07326401403653174
    },
    "8": {
        "cmph": 0.015407400004737363,
        "cmps": 0.058361847243487815
    },
    "9": {
        "cmph": 0.015843457844825666,
        "cmps": 0.055158081553703775
    },
    "10": {
        "cmph": 0.01513446270402851,
        "cmps": 0.05136987053675577
    },
    "11": {
        "cmph": 0.011317913064971983,
        "cmps": 0.0357224225507469
    },
    "12": {
        "cmph": 0.0155583426366932,
        "cmps": 0.03166784643267103
    },
    "13": {
        "cmph": 0.018853089176003535,
        "cmps": 0.058532756736072826
    },
    "14": {
        "cmph": 0.016622459513454688,
        "cmps": 0.051426251826828674
    },
    "15": {
        "cmph": 0.006474643414472013,
        "cmps": 0.030909306558607484
    },
    "16": {
        "cmph": 0.014818344623872829,
        "cmps": 4.3312777065684566e-05
    },
    "17": {
        "cmph": 0.002868068149955942,
        "cmps": 0.02001574955356617
    },
    "18": {
        "cmph": 0.0028120794940352674,
        "cmps": 0.09702464037183027
    },
    "19": {
        "cmph": 0.0014627033211440032,
        "cmps": 0.045250793073950836
    },
    "20": {
        "cmph": 0.026038475770720538,
        "cmps": 0.11769623385406644
    },
    "21": {
        "cmph": 0.11085239620725469,
        "cmps": 0.17190445400716658
    },
    "22": {
        "cmph": 0.1377680364694559,
        "cmps": 0.1701104070952151
    },
    "23": {
        "cmph": 0.12190396957116943,
        "cmps": 0.16319290062296005
    },
    "24": {
        "cmph": 0.164023599720145,
        "cmps": 0.19049114351823784
    },
    "25": {
        "cmph": 0.16752362009765098,
        "cmps": 0.22164147631137138
    },
    "26": {
        "cmph": 0.15862490786451147,
        "cmps": 0.2532852073831842
    },
    "27": {
        "cmph": 0.1510175820665675,
        "cmps": 0.3504127386981607
    },
    "28": {
        "cmph": 0.06595436062219773,
        "cmps": 0.18635605739021044
    },
    "29": {
        "cmph": 0.07259860213528985,
        "cmps": 0.2182128924613866
    },
    "30": {
        "cmph": 0.06253181156013762,
        "cmps": 0.1885920343910943
    },
    "31": {
        "cmph": 0.08256670505780761,
        "cmps": 0.19715110869528918
    },
    "32": {
        "cmph": 0.11004893516188231,
        "cmps": 0.20938899032109431
    },
    "33": {
        "cmph": 0.08451612726136237,
        "cmps": 0.09673422229054311
    },
    "34": {
        "cmph": 0.042295009140504075,
        "cmps": 0.09485148749234969
    },
    "final": {
        "OverThreshold": 4,
        "Ratio": 11,
        "Frame": 34
    }
}