{
    "1": {
        "cmph": 0.06962937132302144,
        "cmps": 0.11727542166594458
    },
    "2": {
        "cmph": 0.10976550742693778,
        "cmps": 0.09693049965129805
    },
    "3": {
        "cmph": 0.10416155958747308,
        "cmps": 0.0932045934087902
    },
    "4": {
        "cmph": 0.07520580604844733,
        "cmps": 0.07304720659413011
    },
    "5": {
        "cmph": 0.03705927051995285,
        "cmps": 0.030012241168242117
    },
    "6": {
        "cmph": 0.017204404646690263,
        "cmps": 0.005711299851539484
    },
    "7": {
        "cmph": 0.018149708388251487,
        "cmps": 0.02118965982212199
    },
    "8": {
        "cmph": 0.00832768115207109,
        "cmps": 0.0677565493460046
    },
    "9": {
        "cmph": 0.002068365292279437,
        "cmps": 0.08856907828772324
    },
    "10": {
        "cmph": 0.0008264000091924126,
        "cmps": 0.08552800544011133
    },
    "11": {
        "cmph": 0.0030670910617099385,
        "cmps": 0.07774107737165704
    },
    "12": {
        "cmph": 0.01927572293933375,
        "cmps": 0.09116991850366614
    },
    "final": {
        "OverThreshold": 0,
        "Ratio": 0,
        "Frame": 12
    }
}