{
    "1": {
        "cmph": 0.027945249988299656,
        "cmps": 0.09994558854210091
    },
    "2": {
        "cmph": 0.030819630647581153,
        "cmps": 0.10600142328999869
    },
    "3": {
        "cmph": 0.027969419335167712,
        "cmps": 0.09030542008391751
    },
    "4": {
        "cmph": 0.028783142063340553,
        "cmps": 0.08283180546951734
    },
    "5": {
        "cmph": 0.028526443015822897,
        "cmps": 0.100392290331989
    },
    "6": {
        "cmph": 0.027026663427152625,
        "cmps": 0.10959170842708874
    },
    "7": {
        "cmph": 0.02707244119712421,
        "cmps": 0.09161354555527845
    },
    "8": {
        "cmph": 0.02637250982723015,
        "cmps": 0.09582510306893453
    },
    "9": {
        "cmph": 0.02676904421753398,
        "cmps": 0.10415926385288367
    },
    "10": {
        "cmph": 0.02554338519220985,
        "cmps": 0.13492612471363286
    },
    "11": {
        "cmph": 0.030087041186389107,
        "cmps": 0.1335174408395175
    },
    "12": {
        "cmph": 0.02515912382418924,
        "cmps": 0.11565009174705597
    },
    "13": {
        "cmph": 0.02773665849596436,
        "cmps": 0.1217050921957666
    },
    "14": {
        "cmph": 0.02304010097288673,
        "cmps": 0.12663804661856612
    },
    "15": {
        "cmph": 0.016512884614007912,
        "cmps": 0.1285144654015618
    },
    "16": {
        "cmph": 0.028285568776346515,
        "cmps": 0.12571096059437448
    },
    "17": {
        "cmph": 0.027591862183962333,
        "cmps": 0.1282490269214939
    },
    "18": {
        "cmph": 0.022407023723568904,
        "cmps": 0.1419409008505882
    },
    "19": {
        "cmph": 0.029723609469876226,
        "cmps": 0.13042292983741005
    },
    "20": {
        "cmph": 0.02713278437838318,
        "cmps": 0.10438444923138714
    },
    "21": {
        "cmph": 0.028512957479236947,
        "cmps": 0.09854923405325623
    },
    "final": {
        "OverThreshold": 0,
        "Ratio": 0,
        "Frame": 21
    }
}