{
    "1": {
        "cmph": 0.015970145565677978,
        "cmps": 0.09397760269867522
    },
    "2": {
        "cmph": 0.018766286812503457,
        "cmps": 0.0810280057471471
    },
    "3": {
        "cmph": 8.069254366807766e-05,
        "cmps": 0.07976404848290204
    },
    "4": {
        "cmph": 0.0037481639387135623,
        "cmps": 0.0611789795807698
    },
    "5": {
        "cmph": 0.010108596862384953,
        "cmps": 0.02626423326320575
    },
    "6": {
        "cmph": 0.010572945706459993,
        "cmps": 0.002916347205687133
    },
    "7": {
        "cmph": 0.016032173960560153,
        "cmps": 0.009454276054364878
    },
    "8": {
        "cmph": 0.009043569075410993,
        "cmps": 0.07644142477435138
    },
    "9": {
        "cmph": 0.01074233720012469,
        "cmps": 0.08950554366837485
    },
    "10": {
        "cmph": 0.021398809229221993,
        "cmps": 0.09373995085939012
    },
    "11": {
        "cmph": 0.020903502010369276,
        "cmps": 0.10573129118228124
    },
    "12": {
        "cmph": 0.022216917613363894,
        "cmps": 0.11177374416403403
    },
    "13": {
        "cmph": 0.016996231745149557,
        "cmps": 0.10515232671289441
    },
    "14": {
        "cmph": 0.0014330392813230277,
        "cmps": 0.1012416617087031
    },
    "15": {
        "cmph": 0.003996648359434681,
        "cmps": 0.11043328592799369
    },
    "16": {
        "cmph": 0.015915445463712274,
        "cmps": 0.10897121191329273
    },
    "17": {
        "cmph": 0.015337357591525562,
        "cmps": 0.10724708764056583
    },
    "18": {
        "cmph": 0.012933952525233435,
        "cmps": 0.10322402300829492
    },
    "19": {
        "cmph": 0.010022440180016938,
        "cmps": 0.10192065006789396
    },
    "20": {
        "cmph": 0.010602848946933559,
        "cmps": 0.09500429548448686
    },
    "21": {
        "cmph": 0.008171258283481139,
        "cmps": 0.07603284372395594
    },
    "22": {
        "cmph": 0.0028602999281209605,
        "cmps": 0.05439986067349685
    },
    "23": {
        "cmph": 0.009012131337376309,
        "cmps": 0.042556240878458475
    },
    "24": {
        "cmph": 0.01103209685786716,
        "cmps": 0.0642430411351737
    },
    "25": {
        "cmph": 0.01741965309292581,
        "cmps": 0.05395330498151256
    },
    "26": {
        "cmph": 0.05517602162202683,
        "cmps": 0.0815896946847444
    },
    "27": {
        "cmph": 0.005466665615046856,
        "cmps": 0.12196085086525196
    },
    "28": {
        "cmph": 0.039887611831485995,
        "cmps": 0.08833669863270581
    },
    "29": {
        "cmph": 0.05263405319312415,
        "cmps": 0.09323682365481038
    },
    "30": {
        "cmph": 0.020533958661230405,
        "cmps": 0.11899444366459022
    },
    "31": {
        "cmph": 0.05021022870264111,
        "cmps": 0.12459489839363291
    },
    "32": {
        "cmph": 0.07405899110009725,
        "cmps": 0.12735400410379277
    },
    "33": {
        "cmph": 0.08170578484515911,
        "cmps": 0.12266057063316653
    },
    "34": {
        "cmph": 0.04515121040280576,
        "cmps": 0.08937587583230032
    },
    "final": {
        "OverThreshold": 0,
        "Ratio": 0,
        "Frame": 34
    }
}