{
    "1": {
        "cmph": 0.05090499257377363,
        "cmps": 0.08516101764355631
    },
    "2": {
        "cmph": 0.07154523306841261,
        "cmps": 0.07696092470639863
    },
    "3": {
        "cmph": 0.05485025459010698,
        "cmps": 0.08029245192651777
    },
    "4": {
        "cmph": 0.12155138604892175,
        "cmps": 0.038359336669446686
    },
    "5": {
        "cmph": 0.10810584319191681,
        "cmps": 0.00953933652480012
    },
    "6": {
        "cmph": 0.009911384167995663,
        "cmps": 0.05601960146655037
    },
    "7": {
        "cmph": 0.01633095438419996,
        "cmps": 0.07195709245465495
    },
    "8": {
        "cmph": 0.01894940626228888,
        "cmps": 0.04821876281238013
    },
    "9": {
        "cmph": 0.024409888999385843,
        "cmps": 0.008476627943115714
    },
    "10": {
        "cmph": 0.029966638947183807,
        "cmps": 0.01976592318303514
    },
    "11": {
        "cmph": 0.025507568698846707,
        "cmps": 0.0018903712252953326
    },
    "12": {
        "cmph": 0.01639409351784094,
        "cmps": 0.02282649443989655
    },
    "13": {
        "cmph": 0.01439432765733066,
        "cmps": 0.043075592096770816
    },
    "14": {
        "cmph": 0.02636572209721337,
        "cmps": 0.05107198113555963
    },
    "15": {
        "cmph": 0.048905332244383516,
        "cmps": 0.047437623587163344
    },
    "16": {
        "cmph": 0.04233746983808798,
        "cmps": 0.018522265625375022
    },
    "17": {
        "cmph": 0.014880501488295788,
        "cmps": 0.014944404417484316
    },
    "18": {
        "cmph": 0.003714414068344067,
        "cmps": 0.005400667806122729
    },
    "19": {
        "cmph": 0.03291277793660428,
        "cmps": 0.10760798894578333
    },
    "20": {
        "cmph": 0.032786298919152614,
        "cmps": 0.1728548913260017
    },
    "21": {
        "cmph": 0.020332533111037405,
        "cmps": 0.20093964282628582
    },
    "22": {
        "cmph": 0.018653421951831346,
        "cmps": 0.13853640527212396
    },
    "23": {
        "cmph": 0.01513713847548083,
        "cmps": 0.09341342753518574
    },
    "24": {
        "cmph": 0.01297306031112782,
        "cmps": 0.0006617324413779016
    },
    "25": {
        "cmph": 0.006333784151427334,
        "cmps": 0.014754495173877561
    },
    "26": {
        "cmph": 0.006493218381476003,
        "cmps": 0.02780895224232507
    },
    "27": {
        "cmph": 0.01282884378051726,
        "cmps": 0.017784186758889712
    },
    "28": {
        "cmph": 0.04393226249319347,
        "cmps": 0.02095056544045411
    },
    "29": {
        "cmph": 0.03924129679775823,
        "cmps": 0.007509680663348258
    },
    "30": {
        "cmph": 0.050038846669526384,
        "cmps": 0.0015944806744497872
    },
    "31": {
        "cmph": 0.027709601282813506,
        "cmps": 0.019084674777497767
    },
    "32": {
        "cmph": 0.04136604951475885,
        "cmps": 0.04659480175904412
    },
    "33": {
        "cmph": 0.03427300343169437,
        "cmps": 0.06553120143284286
    },
    "34": {
        "cmph": 0.06825014398853628,
        "cmps": 0.10312547367475325
    },
    "35": {
        "cmph": 0.06361424081454445,
        "cmps": 0.16801435482722427
    },
    "36": {
        "cmph": 0.07474667171018105,
        "cmps": 0.29344012453718804
    },
    "37": {
        "cmph": 0.06954780384830854,
        "cmps": 0.3140291978090076
    },
    "38": {
        "cmph": 0.12977963748476437,
        "cmps": 0.34542659809488147
    },
    "39": {
        "cmph": 0.13610253907821163,
        "cmps": 0.42418021259426586
    },
    "40": {
        "cmph": 0.18264993815431732,
        "cmps": 0.4582162954096212
    },
    "41": {
        "cmph": 0.15589445733051985,
        "cmps": 0.41285356158686803
    },
    "42": {
        "cmph": 0.21371305547413927,
        "cmps": 0.4645173892031829
    },
    "43": {
        "cmph": 0.20740622742142337,
        "cmps": 0.31276668809679253
    },
    "44": {
        "cmph": 0.18874934677302704,
        "cmps": 0.24554402526745145
    },
    "45": {
        "cmph": 0.1486472496107495,
        "cmps": 0.1477070117273584
    },
    "46": {
        "cmph": 0.03260708985580774,
        "cmps": 0.04193172284840277
    },
    "47": {
        "cmph": 0.024222106503565207,
        "cmps": 0.006943509470503209
    },
    "final": {
        "OverThreshold": 7,
        "Ratio": 14,
        "Frame": 47
    }
}