{
    "1": {
        "cmph": 0.02297593185200213,
        "cmps": 0.06500602286504253
    },
    "2": {
        "cmph": 0.023158696110912463,
        "cmps": 0.06626313059839621
    },
    "3": {
        "cmph": 0.022812919433192472,
        "cmps": 0.05382535571105466
    },
    "4": {
        "cmph": 0.031036330124603898,
        "cmps": 0.07174569974710504
    },
    "5": {
        "cmph": 0.035846622518879365,
        "cmps": 0.100701293685128
    },
    "6": {
        "cmph": 0.029846792486689304,
        "cmps": 0.12725392893783447
    },
    "7": {
        "cmph": 0.030204879417810332,
        "cmps": 0.12589080491822777
    },
    "8": {
        "cmph": 0.038731920903299744,
        "cmps": 0.1353504793968972
    },
    "9": {
        "cmph": 0.039821493768917436,
        "cmps": 0.13741849229517025
    },
    "10": {
        "cmph": 0.034304446889534886,
        "cmps": 0.12322748216871057
    },
    "11": {
        "cmph": 0.037903612666753135,
        "cmps": 0.11336196913629025
    },
    "12": {
        "cmph": 0.03258196149382165,
        "cmps": 0.016534801096365275
    },
    "13": {
        "cmph": 0.03645015521173305,
        "cmps": 0.04749829900824037
    },
    "14": {
        "cmph": 0.04249269867491943,
        "cmps": 0.03819220850324085
    },
    "15": {
        "cmph": 0.049973581064325076,
        "cmps": 0.014985308739234784
    },
    "16": {
        "cmph": 0.04304156726204537,
        "cmps": 0.010364232178076877
    },
    "17": {
        "cmph": 0.05103718384981677,
        "cmps": 0.06948458142675726
    },
    "18": {
        "cmph": 0.04461663728172756,
        "cmps": 0.059657198798558
    },
    "19": {
        "cmph": 0.05181467950218973,
        "cmps": 0.07232673967777176
    },
    "20": {
        "cmph": 0.03939583940166587,
        "cmps": 0.04390759581997971
    },
    "21": {
        "cmph": 0.04101642076206586,
        "cmps": 0.009774430221159926
    },
    "22": {
        "cmph": 0.0377336648241855,
        "cmps": 0.11447400697544434
    },
    "23": {
        "cmph": 0.03415200142367933,
        "cmps": 0.12859394449970973
    },
    "24": {
        "cmph": 0.03127747213500847,
        "cmps": 0.11559046506631838
    },
    "25": {
        "cmph": 0.026238552237972983,
        "cmps": 0.11357761016712228
    },
    "26": {
        "cmph": 0.028260561675610984,
        "cmps": 0.07945125129077747
    },
    "27": {
        "cmph": 0.028451354558694547,
        "cmps": 0.0813451362150165
    },
    "28": {
        "cmph": 0.031413377150295005,
        "cmps": 0.07014069419512715
    },
    "29": {
        "cmph": 0.029378857245135063,
        "cmps": 0.07657105034006542
    },
    "30": {
        "cmph": 0.03347723225459073,
        "cmps": 0.057764651081082856
    },
    "31": {
        "cmph": 0.032067709788207215,
        "cmps": 0.04870652697341676
    },
    "32": {
        "cmph": 0.03682857502495666,
        "cmps": 0.03270224033972338
    },
    "33": {
        "cmph": 0.03815350506409195,
        "cmps": 0.06170243575420187
    },
    "final": {
        "OverThreshold": 0,
        "Ratio": 0,
        "Frame": 33
    }
}