{
    "1": {
        "cmph": 0.0011492467000013464,
        "cmps": 0.09897230166800638
    },
    "2": {
        "cmph": 0.0036915655816983444,
        "cmps": 0.08079666640838284
    },
    "3": {
        "cmph": 0.005070024393506565,
        "cmps": 0.08910518040516097
    },
    "4": {
        "cmph": 0.00196838663727318,
        "cmps": 0.0771669574511321
    },
    "5": {
        "cmph": 0.008301305939466415,
        "cmps": 0.01065466623851371
    },
    "6": {
        "cmph": 0.008118442963112633,
        "cmps": 0.020954154830207062
    },
    "7": {
        "cmph": 0.01350377910501589,
        "cmps": 0.03056118296306163
    },
    "8": {
        "cmph": 0.005042531668245536,
        "cmps": 0.07753869293441022
    },
    "9": {
        "cmph": 0.011381182737927082,
        "cmps": 0.092378719019678
    },
    "10": {
        "cmph": 0.02037907279345277,
        "cmps": 0.08253810341688743
    },
    "11": {
        "cmph": 0.021054850228074618,
        "cmps": 0.09449589333115248
    },
    "12": {
        "cmph": 0.01374408491813949,
        "cmps": 0.10723597173608322
    },
    "13": {
        "cmph": 0.00538095285535023,
        "cmps": 0.10824490425016611
    },
    "14": {
        "cmph": 0.03152848270913537,
        "cmps": 0.106485665724638
    },
    "15": {
        "cmph": 0.016732978219720744,
        "cmps": 0.1061325604092195
    },
    "16": {
        "cmph": 0.006453881902582347,
        "cmps": 0.1043754515322586
    },
    "17": {
        "cmph": 0.009826777099909067,
        "cmps": 0.10229332204848379
    },
    "18": {
        "cmph": 0.01069025241682254,
        "cmps": 0.10542235454986193
    },
    "19": {
        "cmph": 0.0026659035943328658,
        "cmps": 0.10273181587291594
    },
    "20": {
        "cmph": 0.009386887295888876,
        "cmps": 0.09872945714074491
    },
    "21": {
        "cmph": 0.0007017737486119317,
        "cmps": 0.08397987106991213
    },
    "22": {
        "cmph": 0.00708448724297588,
        "cmps": 0.058010563679091486
    },
    "23": {
        "cmph": 0.009726684207596526,
        "cmps": 0.037991434558423104
    },
    "24": {
        "cmph": 0.006966266848271588,
        "cmps": 0.05997600360115375
    },
    "25": {
        "cmph": 0.01987343146984966,
        "cmps": 0.05421257043357298
    },
    "26": {
        "cmph": 0.05653659997998728,
        "cmps": 0.0662886018093456
    },
    "27": {
        "cmph": 0.005986326370838634,
        "cmps": 0.12187693493348992
    },
    "28": {
        "cmph": 0.04764998138650618,
        "cmps": 0.09274455525810181
    },
    "29": {
        "cmph": 0.29856005375630124,
        "cmps": 0.09310340419083718
    },
    "30": {
        "cmph": 0.2863693330228133,
        "cmps": 0.11541880109957207
    },
    "31": {
        "cmph": 0.2949152338907329,
        "cmps": 0.11767259474319319
    },
    "32": {
        "cmph": 0.35016749332476704,
        "cmps": 0.11939535199948798
    },
    "33": {
        "cmph": 0.35774143999237784,
        "cmps": 0.11723819641263801
    },
    "34": {
        "cmph": 0.34146273492293183,
        "cmps": 0.09365498760100743
    },
    "final": {
        "OverThreshold": 6,
        "Ratio": 17,
        "Frame": 34
    }
}