{
    "1": {
        "cmph": 0.007565509729257811,
        "cmps": 0.11605272333093548
    },
    "2": {
        "cmph": 0.010149892983126406,
        "cmps": 0.1285568432254628
    },
    "3": {
        "cmph": 0.028311025128225663,
        "cmps": 0.13026002501682785
    },
    "4": {
        "cmph": 0.02549924897092717,
        "cmps": 0.16090298521004684
    },
    "5": {
        "cmph": 0.026976307339855878,
        "cmps": 0.17105692242758114
    },
    "6": {
        "cmph": 0.01485980750099993,
        "cmps": 0.1649067636812512
    },
    "7": {
        "cmph": 0.008985192301407381,
        "cmps": 0.13788537379291776
    },
    "8": {
        "cmph": 0.017774756723034864,
        "cmps": 0.14332940561834573
    },
    "9": {
        "cmph": 0.01847312650896116,
        "cmps": 0.13687690422793658
    },
    "10": {
        "cmph": 0.021725720454063575,
        "cmps": 0.14247730876267306
    },
    "11": {
        "cmph": 0.0327325947275908,
        "cmps": 0.13272081235479363
    },
    "12": {
        "cmph": 0.019692563012495338,
        "cmps": 0.1261294209935513
    },
    "13": {
        "cmph": 0.031020821713700693,
        "cmps": 0.11091773483964315
    },
    "14": {
        "cmph": 0.029284174762177206,
        "cmps": 0.09974169796455229
    },
    "15": {
        "cmph": 0.029506663697931063,
        "cmps": 0.09592724413073155
    },
    "16": {
        "cmph": 0.029881461122429866,
        "cmps": 0.0852168097254573
    },
    "17": {
        "cmph": 0.0016636028692134188,
        "cmps": 0.07883274350783107
    },
    "18": {
        "cmph": 0.024612207099717474,
        "cmps": 0.08813430256868594
    },
    "19": {
        "cmph": 0.00862099186891007,
        "cmps": 0.0879122451120998
    },
    "20": {
        "cmph": 0.023588139175610763,
        "cmps": 0.07956825414010434
    },
    "21": {
        "cmph": 0.0073992384664763305,
        "cmps": 0.08420907952120847
    },
    "22": {
        "cmph": 0.012207115343593472,
        "cmps": 0.08661641403831578
    },
    "23": {
        "cmph": 0.014355417809663488,
        "cmps": 0.09351741259010195
    },
    "24": {
        "cmph": 0.011525766939121483,
        "cmps": 0.07629289934569589
    },
    "25": {
        "cmph": 0.024767828218041937,
        "cmps": 0.09713672121644881
    },
    "26": {
        "cmph": 0.025856635766631254,
        "cmps": 0.09777786630509129
    },
    "27": {
        "cmph": 0.019738621461810074,
        "cmps": 0.10951389937193964
    },
    "28": {
        "cmph": 0.02182119335175436,
        "cmps": 0.0864531463704764
    },
    "29": {
        "cmph": 0.017993505605400004,
        "cmps": 0.10059081722966912
    },
    "30": {
        "cmph": 0.01736108275476166,
        "cmps": 0.08825334894484199
    },
    "31": {
        "cmph": 0.014615335634570202,
        "cmps": 0.07803069215035419
    },
    "32": {
        "cmph": 0.01763152256614052,
        "cmps": 0.07390362780957335
    },
    "33": {
        "cmph": 0.024626423176156504,
        "cmps": 0.018455592862045535
    },
    "34": {
        "cmph": 0.029078898998452573,
        "cmps": 0.07778118379528158
    },
    "final": {
        "OverThreshold": 0,
        "Ratio": 0,
        "Frame": 34
    }
}