{
    "1": {
        "cmph": 0.5283831985117468,
        "cmps": 0.1170797129233365
    },
    "2": {
        "cmph": 0.5468225082081977,
        "cmps": 0.10771907122535282
    },
    "3": {
        "cmph": 0.5928995357331578,
        "cmps": 0.11527425219077266
    },
    "4": {
        "cmph": 0.4977858095944881,
        "cmps": 0.1307323638315492
    },
    "5": {
        "cmph": 0.41592742349448353,
        "cmps": 0.153002252219091
    },
    "6": {
        "cmph": 0.4001451809069199,
        "cmps": 0.15539216523781363
    },
    "7": {
        "cmph": 0.4031649475738679,
        "cmps": 0.07471351961579048
    },
    "8": {
        "cmph": 0.575115453742753,
        "cmps": 0.06724291127106928
    },
    "9": {
        "cmph": 0.5662176636969652,
        "cmps": 0.07110212182612816
    },
    "10": {
        "cmph": 0.4057949895504248,
        "cmps": 0.040223880659251005
    },
    "11": {
        "cmph": 0.3987384754612987,
        "cmps": 0.026605923550556493
    },
    "12": {
        "cmph": 0.27540877402492064,
        "cmps": 0.007794239887669608
    },
    "13": {
        "cmph": 0.3214718355673566,
        "cmps": 0.032549305915105665
    },
    "14": {
        "cmph": 0.4682626013661227,
        "cmps": 0.012755824722812609
    },
    "15": {
        "cmph": 0.2877051779955578,
        "cmps": 0.026483615701222183
    },
    "16": {
        "cmph": 0.2349688605375088,
        "cmps": 0.005137839637531136
    },
    "17": {
        "cmph": 0.28679889863123037,
        "cmps": 0.006889583054272963
    },
    "18": {
        "cmph": 0.1821331005463677,
        "cmps": 0.03570849920082329
    },
    "19": {
        "cmph": 0.10481505270180355,
        "cmps": 0.03229014805450558
    },
    "20": {
        "cmph": 0.1317717275424936,
        "cmps": 0.02656739048706726
    },
    "21": {
        "cmph": 0.12541516017182106,
        "cmps": 0.007449368696993129
    },
    "22": {
        "cmph": 0.16464322615878718,
        "cmps": 0.013022392921475829
    },
    "23": {
        "cmph": 0.17842425320994956,
        "cmps": 0.008524700565816163
    },
    "24": {
        "cmph": 0.15740353428225867,
        "cmps": 0.017001316315081328
    },
    "25": {
        "cmph": 0.14559126132659744,
        "cmps": 0.015525945670505446
    },
    "26": {
        "cmph": 0.1405173381720019,
        "cmps": 0.0049683891872764775
    },
    "27": {
        "cmph": 0.0751295969571234,
        "cmps": 0.016468047947503422
    },
    "28": {
        "cmph": 0.2692472387548628,
        "cmps": 0.06092141739867404
    },
    "29": {
        "cmph": 0.27926683765234156,
        "cmps": 0.039849880009687935
    },
    "30": {
        "cmph": 0.38213992247401746,
        "cmps": 0.09904447853022402
    },
    "31": {
        "cmph": 0.2424916449000331,
        "cmps": 0.031067946700501187
    },
    "32": {
        "cmph": 0.20693137931482491,
        "cmps": 0.003223078459185523
    },
    "33": {
        "cmph": 0.13874702328172125,
        "cmps": 0.00048656545984592116
    },
    "34": {
        "cmph": 0.12076576678890724,
        "cmps": 0.055915808980404574
    },
    "final": {
        "OverThreshold": 5,
        "Ratio": 14,
        "Frame": 34
    }
}