{
    "1": {
        "cmph": 0.017509613189171176,
        "cmps": 0.04195808451308264
    },
    "2": {
        "cmph": 0.017343153752285543,
        "cmps": 0.040667365984822144
    },
    "3": {
        "cmph": 0.01673699464927763,
        "cmps": 0.04404571361157437
    },
    "4": {
        "cmph": 0.011887600945817187,
        "cmps": 0.026389715968902633
    },
    "5": {
        "cmph": 0.010041705686037293,
        "cmps": 0.019223093566776654
    },
    "6": {
        "cmph": 0.021137745489047233,
        "cmps": 0.07243255303678646
    },
    "7": {
        "cmph": 0.021174643377669368,
        "cmps": 0.07101935606377385
    },
    "8": {
        "cmph": 0.014595493060561782,
        "cmps": 0.05026788318524136
    },
    "9": {
        "cmph": 0.014183501765784574,
        "cmps": 0.006338390644279987
    },
    "10": {
        "cmph": 0.01764857584234264,
        "cmps": 0.031160948018817063
    },
    "11": {
        "cmph": 0.016135055173609157,
        "cmps": 0.03140173313505335
    },
    "12": {
        "cmph": 0.015932516984614016,
        "cmps": 0.015295555287903629
    },
    "13": {
        "cmph": 0.014895868230585044,
        "cmps": 0.00037893062832200085
    },
    "14": {
        "cmph": 0.014153322799865765,
        "cmps": 0.005574272862588333
    },
    "15": {
        "cmph": 0.015111457855566399,
        "cmps": 0.006862210898792664
    },
    "16": {
        "cmph": 0.016863668758953548,
        "cmps": 0.01974128730442961
    },
    "17": {
        "cmph": 0.018118906173448357,
        "cmps": 0.03156042268731032
    },
    "18": {
        "cmph": 0.01767458623191228,
        "cmps": 0.023530738604833512
    },
    "19": {
        "cmph": 0.01611637207035712,
        "cmps": 0.15502211326771978
    },
    "20": {
        "cmph": 0.013124038703885921,
        "cmps": 0.1447005696815836
    },
    "21": {
        "cmph": 0.014520953980433984,
        "cmps": 0.0990198927937117
    },
    "22": {
        "cmph": 0.015972120393744085,
        "cmps": 0.09233883777578879
    },
    "23": {
        "cmph": 0.0159643629288893,
        "cmps": 0.07392256630605562
    },
    "24": {
        "cmph": 0.014611094294748841,
        "cmps": 0.009704424697789952
    },
    "25": {
        "cmph": 0.014068157094701559,
        "cmps": 0.007189818884545003
    },
    "26": {
        "cmph": 0.01377653226912725,
        "cmps": 0.011088620601737523
    },
    "27": {
        "cmph": 0.015323322091418512,
        "cmps": 0.026817807571047462
    },
    "28": {
        "cmph": 0.009586048759374874,
        "cmps": 0.042897085655415994
    },
    "29": {
        "cmph": 0.010231070604637004,
        "cmps": 0.06058785085657088
    },
    "30": {
        "cmph": 0.008656159886929042,
        "cmps": 0.08551684781641701
    },
    "31": {
        "cmph": 0.012836775117607599,
        "cmps": 0.10227519822736794
    },
    "32": {
        "cmph": 0.009844571095298908,
        "cmps": 0.13460050344164354
    },
    "33": {
        "cmph": 0.012795755492476649,
        "cmps": 0.15837799206641054
    },
    "34": {
        "cmph": 0.011310095468170989,
        "cmps": 0.24485240300203448
    },
    "35": {
        "cmph": 0.012701653162222366,
        "cmps": 0.26256383611030265
    },
    "36": {
        "cmph": 0.0112259071568025,
        "cmps": 0.3426205703366825
    },
    "37": {
        "cmph": 0.00471830704357048,
        "cmps": 0.3682270426309959
    },
    "38": {
        "cmph": 0.04034611909598324,
        "cmps": 0.48079424507156565
    },
    "39": {
        "cmph": 0.03961185650212386,
        "cmps": 0.4719819229052956
    },
    "40": {
        "cmph": 0.039612414049637674,
        "cmps": 0.3743655713949101
    },
    "final": {
        "OverThreshold": 0,
        "Ratio": 0,
        "Frame": 40
    }
}