{
    "1": {
        "cmph": 0.040546162203205637,
        "cmps": 0.06167107704066291
    },
    "2": {
        "cmph": 0.033561275987076526,
        "cmps": 0.06949608886034228
    },
    "3": {
        "cmph": 0.026529913599752278,
        "cmps": 0.04849765073470483
    },
    "4": {
        "cmph": 0.02390390667758784,
        "cmps": 0.05775790532920008
    },
    "5": {
        "cmph": 0.028562018174169895,
        "cmps": 0.09942127342579545
    },
    "6": {
        "cmph": 0.02233534152810934,
        "cmps": 0.16036052502459294
    },
    "7": {
        "cmph": 0.018564435497999215,
        "cmps": 0.14768228709238437
    },
    "8": {
        "cmph": 0.020172299478843133,
        "cmps": 0.14390481485386933
    },
    "9": {
        "cmph": 0.024391109080063943,
        "cmps": 0.13825546891038587
    },
    "10": {
        "cmph": 0.025084898689312,
        "cmps": 0.1399705545965219
    },
    "11": {
        "cmph": 0.027097430170327164,
        "cmps": 0.12890433903903079
    },
    "12": {
        "cmph": 0.02194189544445257,
        "cmps": 0.11300832308614836
    },
    "13": {
        "cmph": 0.018823941655226495,
        "cmps": 0.09615101035833376
    },
    "14": {
        "cmph": 0.021876440870960447,
        "cmps": 0.10578147074513256
    },
    "15": {
        "cmph": 0.021942977037576184,
        "cmps": 0.10388389511512118
    },
    "16": {
        "cmph": 0.022417443297144235,
        "cmps": 0.1096758263445203
    },
    "17": {
        "cmph": 0.023023378781486463,
        "cmps": 0.10280212919178354
    },
    "18": {
        "cmph": 0.02573703652113113,
        "cmps": 0.1162514740875063
    },
    "19": {
        "cmph": 0.025086051009039614,
        "cmps": 0.12603352334131845
    },
    "20": {
        "cmph": 0.044255907677127004,
        "cmps": 0.1274212304583566
    },
    "21": {
        "cmph": 0.04276898921345075,
        "cmps": 0.12356196353210289
    },
    "22": {
        "cmph": 0.04335205494267897,
        "cmps": 0.11094934199467107
    },
    "final": {
        "OverThreshold": 0,
        "Ratio": 0,
        "Frame": 22
    }
}