{
    "1": {
        "cmph": 0.35486472940701264,
        "cmps": 0.09034048229802659
    },
    "2": {
        "cmph": 0.8537072108255868,
        "cmps": 0.09584942825607133
    },
    "3": {
        "cmph": 0.8224393090907404,
        "cmps": 0.0994328578427972
    },
    "4": {
        "cmph": 0.831296473295386,
        "cmps": 0.07458741579148088
    },
    "5": {
        "cmph": 0.7853781548341656,
        "cmps": 0.05446547471452456
    },
    "6": {
        "cmph": 0.6081506862999683,
        "cmps": 0.020701282372100168
    },
    "7": {
        "cmph": 0.6867150738452418,
        "cmps": 0.018630819961669664
    },
    "8": {
        "cmph": 0.5735498174581942,
        "cmps": 0.008512212263250373
    },
    "9": {
        "cmph": 0.7017002940326723,
        "cmps": 0.028324266338951295
    },
    "10": {
        "cmph": 0.7460104766053366,
        "cmps": 0.03161085136685843
    },
    "11": {
        "cmph": 0.7950221515519987,
        "cmps": 0.04991320622892475
    },
    "12": {
        "cmph": 0.8201305388207002,
        "cmps": 0.048964643877985894
    },
    "13": {
        "cmph": 0.8411813187517504,
        "cmps": 0.04534530679172201
    },
    "14": {
        "cmph": 0.8812577283877225,
        "cmps": 0.055481331345606046
    },
    "15": {
        "cmph": 0.8624054100641922,
        "cmps": 0.06172047860295628
    },
    "16": {
        "cmph": 0.8436474973372622,
        "cmps": 0.024761557166493645
    },
    "17": {
        "cmph": 0.8034688362552437,
        "cmps": 0.024000304527493434
    },
    "18": {
        "cmph": 0.8008683337322134,
        "cmps": 0.04881728341755861
    },
    "19": {
        "cmph": 0.7753625826743437,
        "cmps": 0.025656455438024917
    },
    "20": {
        "cmph": 0.8488292685509276,
        "cmps": 0.011770215143518536
    },
    "21": {
        "cmph": 0.8642028176608504,
        "cmps": 0.0029062829539910715
    },
    "22": {
        "cmph": 0.8324886065574711,
        "cmps": 0.021074386381848293
    },
    "23": {
        "cmph": 0.8193332914061314,
        "cmps": 0.034661933438442816
    },
    "24": {
        "cmph": 0.8044212470368126,
        "cmps": 0.051749980854921024
    },
    "25": {
        "cmph": 0.8660223566919897,
        "cmps": 0.06589394304154192
    },
    "26": {
        "cmph": 0.863771632502808,
        "cmps": 0.07498499768898809
    },
    "27": {
        "cmph": 0.8512157885089686,
        "cmps": 0.06295913607814989
    },
    "28": {
        "cmph": 0.9426461840369708,
        "cmps": 0.055706005107523424
    },
    "29": {
        "cmph": 0.9549945040293558,
        "cmps": 0.05926530759312762
    },
    "30": {
        "cmph": 0.9151577222508613,
        "cmps": 0.0456136048469283
    },
    "31": {
        "cmph": 0.862211763457715,
        "cmps": 0.04648303953983534
    },
    "32": {
        "cmph": 0.8564194615056419,
        "cmps": 0.019483986858261606
    },
    "33": {
        "cmph": 0.8057792331439939,
        "cmps": 0.015471363234890319
    },
    "34": {
        "cmph": 0.7408905505624592,
        "cmps": 0.1508983462328874
    },
    "35": {
        "cmph": 0.7114833236460923,
        "cmps": 0.14650385747571865
    },
    "36": {
        "cmph": 0.7004285909358141,
        "cmps": 0.14619441692471075
    },
    "37": {
        "cmph": 0.6215208833343598,
        "cmps": 0.12481070993744532
    },
    "38": {
        "cmph": 0.5324147836040277,
        "cmps": 0.13594803861499882
    },
    "39": {
        "cmph": 0.573035574418947,
        "cmps": 0.0795182404225399
    },
    "40": {
        "cmph": 0.5631174345730765,
        "cmps": 0.04440297922504439
    },
    "41": {
        "cmph": 0.6179636605111518,
        "cmps": 0.020172729400357768
    },
    "42": {
        "cmph": 0.5337939854932401,
        "cmps": 0.002900219535242433
    },
    "43": {
        "cmph": 0.6484878389593229,
        "cmps": 0.02940792661506216
    },
    "44": {
        "cmph": 0.7172449795188636,
        "cmps": 0.026054668055590403
    },
    "45": {
        "cmph": 0.6349086790048173,
        "cmps": 0.031157989138296226
    },
    "46": {
        "cmph": 0.8078700615460843,
        "cmps": 0.05869274577574484
    },
    "47": {
        "cmph": 0.8335947049072545,
        "cmps": 0.07820789665981087
    },
    "48": {
        "cmph": 0.8120829038372667,
        "cmps": 0.08670746699665913
    },
    "49": {
        "cmph": 0.7928721669295591,
        "cmps": 0.06678241309108185
    },
    "final": {
        "OverThreshold": 6,
        "Ratio": 12,
        "Frame": 49
    }
}