{
    "1": {
        "cmph": 0.03193434107456511,
        "cmps": 0.011751265394787885
    },
    "2": {
        "cmph": 0.03916310517122215,
        "cmps": 0.48252899783579734
    },
    "3": {
        "cmph": 0.0416538039318689,
        "cmps": 0.4659290201352583
    },
    "4": {
        "cmph": 0.041023640051107625,
        "cmps": 0.4857435918783166
    },
    "5": {
        "cmph": 0.03753757113641717,
        "cmps": 0.605830999300336
    },
    "6": {
        "cmph": 0.039016197990300525,
        "cmps": 0.5661384552333745
    },
    "7": {
        "cmph": 0.035153902061711914,
        "cmps": 0.5293626273742235
    },
    "8": {
        "cmph": 0.03406629705399851,
        "cmps": 0.5334997170972807
    },
    "9": {
        "cmph": 0.034050211735627355,
        "cmps": 0.5812788530090038
    },
    "10": {
        "cmph": 0.03235224356538966,
        "cmps": 0.518741228412957
    },
    "11": {
        "cmph": 0.03635633154993197,
        "cmps": 0.518233171695135
    },
    "12": {
        "cmph": 0.03966977483173736,
        "cmps": 0.3647920380575135
    },
    "13": {
        "cmph": 0.03733689978604061,
        "cmps": 0.34365861807786496
    },
    "14": {
        "cmph": 0.03656895665882885,
        "cmps": 0.33721371498005337
    },
    "15": {
        "cmph": 0.03449728091196595,
        "cmps": 0.3340744957326633
    },
    "final": {
        "OverThreshold": 0,
        "Ratio": 0,
        "Frame": 15
    }
}