{
    "1": {
        "cmph": 0.03927752900122832,
        "cmps": 0.4774827523563382
    },
    "2": {
        "cmph": 0.04128615747308513,
        "cmps": 0.43653536741178534
    },
    "3": {
        "cmph": 0.03821588386925687,
        "cmps": 0.4365097389551739
    },
    "4": {
        "cmph": 0.032693205692647415,
        "cmps": 0.4886296618918118
    },
    "5": {
        "cmph": 0.02944158590835358,
        "cmps": 0.5687862587962279
    },
    "6": {
        "cmph": 0.026285811072508544,
        "cmps": 0.5748621675175578
    },
    "7": {
        "cmph": 0.02896607185258955,
        "cmps": 0.6592106745669172
    },
    "8": {
        "cmph": 0.030056724708225468,
        "cmps": 0.6339436550807163
    },
    "9": {
        "cmph": 0.029787714813015696,
        "cmps": 0.6732307287355432
    },
    "10": {
        "cmph": 0.029212962888700685,
        "cmps": 0.6043759354518042
    },
    "11": {
        "cmph": 0.03053904454499582,
        "cmps": 0.6081486444326594
    },
    "12": {
        "cmph": 0.029961448315298834,
        "cmps": 0.5944235524973308
    },
    "13": {
        "cmph": 0.029006800168117342,
        "cmps": 0.47160022499367704
    },
    "14": {
        "cmph": 0.030421944816278475,
        "cmps": 0.46434617871579015
    },
    "15": {
        "cmph": 0.029842375322583634,
        "cmps": 0.41658637909912083
    },
    "16": {
        "cmph": 0.030388068989346664,
        "cmps": 0.34191104133030936
    },
    "17": {
        "cmph": 0.027343917592932657,
        "cmps": 0.3481925144210709
    },
    "18": {
        "cmph": 0.033743779743252524,
        "cmps": 0.33664524565252496
    },
    "19": {
        "cmph": 0.03728397631168145,
        "cmps": 0.3784795301997556
    },
    "20": {
        "cmph": 0.03814637729101106,
        "cmps": 0.3434480232896573
    },
    "final": {
        "OverThreshold": 0,
        "Ratio": 0,
        "Frame": 20
    }
}