{
    "1": {
        "cmph": 0.23045002426673808,
        "cmps": 0.10737237608210677
    },
    "2": {
        "cmph": 0.22550272576113697,
        "cmps": 0.10836353584754864
    },
    "3": {
        "cmph": 0.16899545943207975,
        "cmps": 0.15806460797705846
    },
    "4": {
        "cmph": 0.18350195320571788,
        "cmps": 0.29171542130790856
    },
    "5": {
        "cmph": 0.18158757395897313,
        "cmps": 0.247619492857953
    },
    "6": {
        "cmph": 0.16166719867943707,
        "cmps": 0.37364754798189725
    },
    "7": {
        "cmph": 0.1943712810558675,
        "cmps": 0.24551734628977798
    },
    "8": {
        "cmph": 0.1852981618471209,
        "cmps": 0.2297071435686425
    },
    "9": {
        "cmph": 0.22050648111770954,
        "cmps": 0.3174325325689989
    },
    "10": {
        "cmph": 0.22340569816066988,
        "cmps": 0.21519099314609363
    },
    "11": {
        "cmph": 0.21264961330645335,
        "cmps": 0.14173975182323645
    },
    "12": {
        "cmph": 0.21896573200030717,
        "cmps": 0.05321283064545514
    },
    "13": {
        "cmph": 0.1559176310895684,
        "cmps": 0.03919697048545021
    },
    "14": {
        "cmph": 0.05568769936053496,
        "cmps": 0.039799413219494865
    },
    "15": {
        "cmph": 0.06571107024962325,
        "cmps": 0.02501106595667731
    },
    "16": {
        "cmph": 0.07276116135098765,
        "cmps": 0.01612838463883991
    },
    "17": {
        "cmph": 0.01947456550748548,
        "cmps": 0.0803649485401794
    },
    "18": {
        "cmph": 0.019383111513160033,
        "cmps": 0.08401238800202851
    },
    "19": {
        "cmph": 0.01411790597600747,
        "cmps": 0.08259660289594752
    },
    "20": {
        "cmph": 0.018439003891461185,
        "cmps": 0.059232692941778235
    },
    "21": {
        "cmph": 0.0078730214753446,
        "cmps": 0.06835546938714898
    },
    "final": {
        "OverThreshold": 3,
        "Ratio": 14,
        "Frame": 21
    }
}