{
    "1": {
        "cmph": 4.050854738770484e-05,
        "cmps": 0.13619758432719722
    },
    "2": {
        "cmph": 0.028228528475632775,
        "cmps": 0.08025820352157177
    },
    "3": {
        "cmph": 0.02189364637122488,
        "cmps": 0.06501433604143926
    },
    "4": {
        "cmph": 0.021977275867248888,
        "cmps": 0.02489723960525385
    },
    "5": {
        "cmph": 0.026569571861411956,
        "cmps": 0.047499735232867595
    },
    "6": {
        "cmph": 0.041928198121732076,
        "cmps": 0.052893480728851694
    },
    "7": {
        "cmph": 0.0436438954843778,
        "cmps": 0.04973837323935974
    },
    "final": {
        "OverThreshold": 0,
        "Ratio": 0,
        "Frame": 7
    }
}