{
    "1": {
        "cmph": 0.6929017983451211,
        "cmps": 0.06974094239132586
    },
    "2": {
        "cmph": 0.6188145003459689,
        "cmps": 0.07829542753356449
    },
    "3": {
        "cmph": 0.6700856729650639,
        "cmps": 0.08338275136385655
    },
    "4": {
        "cmph": 0.6164565699805019,
        "cmps": 0.10987051881866121
    },
    "5": {
        "cmph": 0.6208671976067686,
        "cmps": 0.1431177350954063
    },
    "6": {
        "cmph": 0.6068220179248203,
        "cmps": 0.1256473814783074
    },
    "7": {
        "cmph": 0.6908843557765422,
        "cmps": 0.036035147901525504
    },
    "8": {
        "cmph": 0.7729625219076032,
        "cmps": 0.06112469099084549
    },
    "9": {
        "cmph": 0.7008359012665192,
        "cmps": 0.05291850359869238
    },
    "10": {
        "cmph": 0.7635667381658232,
        "cmps": 0.03608647732085345
    },
    "11": {
        "cmph": 0.687105876899829,
        "cmps": 0.06090912178002327
    },
    "12": {
        "cmph": 0.7235589874856901,
        "cmps": 0.08339481643210817
    },
    "13": {
        "cmph": 0.6362830335899943,
        "cmps": 0.10639535590362617
    },
    "14": {
        "cmph": 0.5397143594500082,
        "cmps": 0.10682811675411678
    },
    "15": {
        "cmph": 0.6637078876796045,
        "cmps": 0.10796222166941546
    },
    "16": {
        "cmph": 0.5889631691053603,
        "cmps": 0.09614306831421683
    },
    "17": {
        "cmph": 0.7051195005408157,
        "cmps": 0.07237537967820751
    },
    "18": {
        "cmph": 0.7267069906436822,
        "cmps": 0.027908240015793933
    },
    "19": {
        "cmph": 0.7747831010533341,
        "cmps": 0.023225815167497707
    },
    "20": {
        "cmph": 0.7347752178723135,
        "cmps": 0.009799220746199041
    },
    "21": {
        "cmph": 0.7798389000009363,
        "cmps": 0.0372927850326031
    },
    "22": {
        "cmph": 0.7222497222123628,
        "cmps": 0.03150754446529393
    },
    "23": {
        "cmph": 0.6891855380358123,
        "cmps": 0.017274772694878194
    },
    "24": {
        "cmph": 0.6751309489096995,
        "cmps": 0.029638427544618595
    },
    "25": {
        "cmph": 0.5195729452078789,
        "cmps": 0.06844084794841125
    },
    "26": {
        "cmph": 0.4741725321329506,
        "cmps": 0.06043326408628216
    },
    "27": {
        "cmph": 0.7169157018790605,
        "cmps": 0.07451272283935666
    },
    "28": {
        "cmph": 0.39596722174770244,
        "cmps": 0.08335404838932425
    },
    "29": {
        "cmph": 0.36125690927583454,
        "cmps": 0.07399222303292012
    },
    "30": {
        "cmph": 0.26118963568579445,
        "cmps": 0.06091750083300838
    },
    "31": {
        "cmph": 0.40159955166584305,
        "cmps": 0.08120475853617999
    },
    "32": {
        "cmph": 0.3998550887360978,
        "cmps": 0.06112578197516137
    },
    "final": {
        "OverThreshold": 32,
        "Ratio": 100,
        "Frame": 32
    }
}