{
    "1": {
        "cmph": 0.021502732136581975,
        "cmps": 0.06813037783022835
    },
    "2": {
        "cmph": 0.02306012074769802,
        "cmps": 0.07510852801360617
    },
    "3": {
        "cmph": 0.02421426107572301,
        "cmps": 0.06304653344953474
    },
    "4": {
        "cmph": 0.026995860996612654,
        "cmps": 0.059099189910610084
    },
    "5": {
        "cmph": 0.02871465596481481,
        "cmps": 0.07869927709285986
    },
    "6": {
        "cmph": 0.02093504582152566,
        "cmps": 0.09208584153571979
    },
    "7": {
        "cmph": 0.02509296444158426,
        "cmps": 0.09146976216963575
    },
    "8": {
        "cmph": 0.028948552713160672,
        "cmps": 0.0919652105371768
    },
    "9": {
        "cmph": 0.025647841849183308,
        "cmps": 0.09960675199645161
    },
    "10": {
        "cmph": 0.02686917719081748,
        "cmps": 0.0853633351538287
    },
    "11": {
        "cmph": 0.026395331497982226,
        "cmps": 0.08108800651030616
    },
    "12": {
        "cmph": 0.025960093393457073,
        "cmps": 0.07842439844752147
    },
    "13": {
        "cmph": 0.026078229466963136,
        "cmps": 0.07255357642757264
    },
    "14": {
        "cmph": 0.0285515637702314,
        "cmps": 0.07759841350925668
    },
    "15": {
        "cmph": 0.02849144108554671,
        "cmps": 0.08235376281264754
    },
    "16": {
        "cmph": 0.03145420665432389,
        "cmps": 0.10131547672379855
    },
    "17": {
        "cmph": 0.031948546641411384,
        "cmps": 0.10441663762103204
    },
    "18": {
        "cmph": 0.02796825417538621,
        "cmps": 0.08883071257418478
    },
    "19": {
        "cmph": 0.028156493054079718,
        "cmps": 0.07158818245930101
    },
    "20": {
        "cmph": 0.027337807215987112,
        "cmps": 0.08117781752907398
    },
    "21": {
        "cmph": 0.025080094536347724,
        "cmps": 0.07678851946941107
    },
    "22": {
        "cmph": 0.026711581441927867,
        "cmps": 0.07730402259428167
    },
    "23": {
        "cmph": 0.02486307993270808,
        "cmps": 0.08584730302070345
    },
    "24": {
        "cmph": 0.02465627632678178,
        "cmps": 0.07249802450729267
    },
    "25": {
        "cmph": 0.02102786926093427,
        "cmps": 0.06535588037722685
    },
    "26": {
        "cmph": 0.022569609427180608,
        "cmps": 0.06480148894544659
    },
    "27": {
        "cmph": 0.02260874432931914,
        "cmps": 0.07093197423949549
    },
    "28": {
        "cmph": 0.023931626136671883,
        "cmps": 0.07309564308965469
    },
    "29": {
        "cmph": 0.02495864787845501,
        "cmps": 0.08210388450524844
    },
    "30": {
        "cmph": 0.023814591997487193,
        "cmps": 0.07767572934104429
    },
    "31": {
        "cmph": 0.022851051855057945,
        "cmps": 0.0725377874918745
    },
    "32": {
        "cmph": 0.02344345170527715,
        "cmps": 0.08040846724002056
    },
    "33": {
        "cmph": 0.025890340093566562,
        "cmps": 0.08649777956827229
    },
    "34": {
        "cmph": 0.021957873691646767,
        "cmps": 0.0950505391449765
    },
    "35": {
        "cmph": 0.01697308155913667,
        "cmps": 0.09810975636015519
    },
    "36": {
        "cmph": 0.023661438989959798,
        "cmps": 0.0888083852487849
    },
    "37": {
        "cmph": 0.04322643146897811,
        "cmps": 0.07925930365518348
    },
    "38": {
        "cmph": 0.039281371373600986,
        "cmps": 0.08454903384799528
    },
    "39": {
        "cmph": 0.07737698369170781,
        "cmps": 0.0918882895887005
    },
    "40": {
        "cmph": 0.029367009647183584,
        "cmps": 0.11676288364285234
    },
    "41": {
        "cmph": 0.0308057121539343,
        "cmps": 0.12372347285141255
    },
    "42": {
        "cmph": 0.0079617394714828,
        "cmps": 0.14463719660264557
    },
    "43": {
        "cmph": 0.017368375630652882,
        "cmps": 0.12923441601247926
    },
    "44": {
        "cmph": 0.006838682559881862,
        "cmps": 0.12997519557433604
    },
    "45": {
        "cmph": 0.010271586048743274,
        "cmps": 0.126416222547585
    },
    "46": {
        "cmph": 0.04715104698818805,
        "cmps": 0.12928682231415775
    },
    "47": {
        "cmph": 0.04520583681323879,
        "cmps": 0.12028256117406441
    },
    "48": {
        "cmph": 0.02576615057092284,
        "cmps": 0.11536825877506333
    },
    "49": {
        "cmph": 0.02603857756769677,
        "cmps": 0.1120311985959412
    },
    "final": {
        "OverThreshold": 0,
        "Ratio": 0,
        "Frame": 49
    }
}