{
    "1": {
        "cmph": 0.20231686719983566,
        "cmps": 0.02468144605970285
    },
    "2": {
        "cmph": 0.5261844144903478,
        "cmps": 0.058489920303046755
    },
    "3": {
        "cmph": 0.5347520456563242,
        "cmps": 0.06806448166066649
    },
    "4": {
        "cmph": 0.5075935884258078,
        "cmps": 0.06321215502351897
    },
    "5": {
        "cmph": 0.45729343900260194,
        "cmps": 0.12667924989247603
    },
    "6": {
        "cmph": 0.4547945587318918,
        "cmps": 0.16515266967869996
    },
    "7": {
        "cmph": 0.6220311996678839,
        "cmps": 0.11707565631830355
    },
    "8": {
        "cmph": 0.7485386852321163,
        "cmps": 0.0017768923359635137
    },
    "9": {
        "cmph": 0.7728929264273171,
        "cmps": 0.007112271617835938
    },
    "10": {
        "cmph": 0.751697980845621,
        "cmps": 0.010010820954484329
    },
    "11": {
        "cmph": 0.7595923023459756,
        "cmps": 0.02105465585243792
    },
    "12": {
        "cmph": 0.6607673067405386,
        "cmps": 0.015675994355818464
    },
    "13": {
        "cmph": 0.6474534053124755,
        "cmps": 0.001542869140177405
    },
    "14": {
        "cmph": 0.7963727587789049,
        "cmps": 0.017270502712197974
    },
    "15": {
        "cmph": 0.7760886485911108,
        "cmps": 0.020677067521185002
    },
    "16": {
        "cmph": 0.7830720639534788,
        "cmps": 0.021930875091904677
    },
    "17": {
        "cmph": 0.7866797249680005,
        "cmps": 0.03715414217490993
    },
    "18": {
        "cmph": 0.7693310511272975,
        "cmps": 0.013595777996312165
    },
    "19": {
        "cmph": 0.7785386920956988,
        "cmps": 0.0067557616104253655
    },
    "20": {
        "cmph": 0.733249994364748,
        "cmps": 0.007062307694376591
    },
    "21": {
        "cmph": 0.6695029035033153,
        "cmps": 0.004963516593369442
    },
    "22": {
        "cmph": 0.6941583563733036,
        "cmps": 0.02452059468375279
    },
    "23": {
        "cmph": 0.6671904073951078,
        "cmps": 0.025146444561650324
    },
    "24": {
        "cmph": 0.6785402079542721,
        "cmps": 0.04000271847368972
    },
    "25": {
        "cmph": 0.7594570217942707,
        "cmps": 0.05885260622500874
    },
    "26": {
        "cmph": 0.7331958433961733,
        "cmps": 0.06657344606902808
    },
    "27": {
        "cmph": 0.7682835996299815,
        "cmps": 0.10956072923896454
    },
    "28": {
        "cmph": 0.4610492801519005,
        "cmps": 0.18520174817990792
    },
    "29": {
        "cmph": 0.43005233770037493,
        "cmps": 0.14559272773245552
    },
    "30": {
        "cmph": 0.35417348362631906,
        "cmps": 0.20202952837466284
    },
    "31": {
        "cmph": 0.43251806660733355,
        "cmps": 0.18725222284811666
    },
    "32": {
        "cmph": 0.4618897880578058,
        "cmps": 0.1750672327950328
    },
    "33": {
        "cmph": 0.48804336091441175,
        "cmps": 0.15072973996956104
    },
    "34": {
        "cmph": 0.5064691035401022,
        "cmps": 0.11883435730834863
    },
    "final": {
        "OverThreshold": 4,
        "Ratio": 11,
        "Frame": 34
    }
}