{
    "1": {
        "cmph": 1.0,
        "cmps": 0.025104247770636516
    },
    "2": {
        "cmph": 1.0,
        "cmps": 0.02943161268974085
    },
    "3": {
        "cmph": 1.0,
        "cmps": 0.026808729673349838
    },
    "4": {
        "cmph": 0.4071502554116925,
        "cmps": 0.0333594179962273
    },
    "5": {
        "cmph": 0.29006504849517517,
        "cmps": 0.03970267044280734
    },
    "6": {
        "cmph": 1.0,
        "cmps": 0.014433757112960797
    },
    "7": {
        "cmph": 0.02305583029724102,
        "cmps": 0.008887267591919308
    },
    "8": {
        "cmph": 0.028377187672547786,
        "cmps": 0.02550673107737548
    },
    "9": {
        "cmph": 0.03635651813446688,
        "cmps": 0.048647017741996604
    },
    "10": {
        "cmph": 0.019266810199909057,
        "cmps": 0.06609489240390393
    },
    "11": {
        "cmph": 0.010590080447846368,
        "cmps": 0.06412989751850734
    },
    "12": {
        "cmph": 0.016513959303276343,
        "cmps": 0.06309334542150112
    },
    "13": {
        "cmph": 0.03723455071087985,
        "cmps": 0.07023124898969813
    },
    "14": {
        "cmph": 0.028649436041448807,
        "cmps": 0.07931741519402183
    },
    "15": {
        "cmph": 0.018856994182157825,
        "cmps": 0.09063269727912716
    },
    "16": {
        "cmph": 0.024623411394313045,
        "cmps": 0.09955196537901843
    },
    "17": {
        "cmph": 1.0,
        "cmps": 0.08389175327414454
    },
    "18": {
        "cmph": 0.011654769154865761,
        "cmps": 0.08420836021968525
    },
    "19": {
        "cmph": 0.023630751567711387,
        "cmps": 0.10120895330750478
    },
    "20": {
        "cmph": 1.0,
        "cmps": 0.09490607295763405
    },
    "21": {
        "cmph": 0.019125800292413994,
        "cmps": 0.09600531080684607
    },
    "22": {
        "cmph": 0.027168621562836816,
        "cmps": 0.08568030808581384
    },
    "23": {
        "cmph": 0.025619846059493717,
        "cmps": 0.07902103498844795
    },
    "24": {
        "cmph": 0.017609173547825395,
        "cmps": 0.06448695966328451
    },
    "25": {
        "cmph": 0.025289624168247583,
        "cmps": 0.06325809534252133
    },
    "26": {
        "cmph": 0.027883402746930762,
        "cmps": 0.05975714022873165
    },
    "27": {
        "cmph": 0.008478928862673474,
        "cmps": 0.06715194428181272
    },
    "28": {
        "cmph": 0.020619813428003335,
        "cmps": 0.06543160286399821
    },
    "29": {
        "cmph": 0.025710735366382482,
        "cmps": 0.05909648718759403
    },
    "30": {
        "cmph": 0.029295537673742808,
        "cmps": 0.06919140153632816
    },
    "31": {
        "cmph": 0.03193477606851505,
        "cmps": 0.06345877018327528
    },
    "32": {
        "cmph": 0.03579597714570887,
        "cmps": 0.067042458694623
    },
    "33": {
        "cmph": 0.02344319808144272,
        "cmps": 0.06528338787645868
    },
    "34": {
        "cmph": 0.027296562829250033,
        "cmps": 0.07485662675948486
    },
    "35": {
        "cmph": 0.01767723267168061,
        "cmps": 0.08501978559592423
    },
    "final": {
        "OverThreshold": 7,
        "Ratio": 18,
        "Frame": 35
    }
}