{
    "1": {
        "cmph": 0.02633857750626584,
        "cmps": 0.10943796309438196
    },
    "2": {
        "cmph": 0.03034958510044275,
        "cmps": 0.10325844659949993
    },
    "3": {
        "cmph": 0.031759085098656575,
        "cmps": 0.1153222241434256
    },
    "4": {
        "cmph": 0.03736444093308112,
        "cmps": 0.10453600712932794
    },
    "5": {
        "cmph": 0.032703347963515005,
        "cmps": 0.20910942448229763
    },
    "6": {
        "cmph": 0.03126272294069627,
        "cmps": 0.5160644965170188
    },
    "7": {
        "cmph": 0.027113199442352992,
        "cmps": 0.4671697755574972
    },
    "8": {
        "cmph": 0.026182275421588318,
        "cmps": 0.46337074423965624
    },
    "9": {
        "cmph": 0.03144319368034807,
        "cmps": 0.4754519602804015
    },
    "10": {
        "cmph": 0.030370121203382176,
        "cmps": 0.3764362073656378
    },
    "11": {
        "cmph": 0.0354561399360223,
        "cmps": 0.3831728972299815
    },
    "12": {
        "cmph": 0.0355891128249641,
        "cmps": 0.22254995901942776
    },
    "13": {
        "cmph": 0.0314251807536421,
        "cmps": 0.2154914639054071
    },
    "14": {
        "cmph": 0.032013005523119274,
        "cmps": 0.22758709443820718
    },
    "15": {
        "cmph": 0.03222654059234341,
        "cmps": 0.2258256302103841
    },
    "final": {
        "OverThreshold": 0,
        "Ratio": 0,
        "Frame": 15
    }
}