{
    "1": {
        "cmph": 0.01691643371968708,
        "cmps": 0.07349100371683615
    },
    "2": {
        "cmph": 0.01925612632975937,
        "cmps": 0.08110389458403731
    },
    "3": {
        "cmph": 0.01924509159277215,
        "cmps": 0.07874132565620158
    },
    "4": {
        "cmph": 0.018867040062227145,
        "cmps": 0.07500512364664268
    },
    "5": {
        "cmph": 0.020153859907878418,
        "cmps": 0.08306632639859722
    },
    "6": {
        "cmph": 0.018722945420830493,
        "cmps": 0.08164009406910044
    },
    "7": {
        "cmph": 0.020011813043970775,
        "cmps": 0.08097716847488676
    },
    "8": {
        "cmph": 0.019159234716494396,
        "cmps": 0.0827558765101404
    },
    "9": {
        "cmph": 0.021261959167529595,
        "cmps": 0.09661417908029712
    },
    "10": {
        "cmph": 0.02269244403541457,
        "cmps": 0.09147761293923728
    },
    "11": {
        "cmph": 0.02397327826620623,
        "cmps": 0.08817380357797784
    },
    "12": {
        "cmph": 0.023683150297546106,
        "cmps": 0.08219427094144684
    },
    "13": {
        "cmph": 0.023994841440350537,
        "cmps": 0.08048124085328462
    },
    "14": {
        "cmph": 0.02535485798305763,
        "cmps": 0.0800390806136409
    },
    "15": {
        "cmph": 0.025032031691904388,
        "cmps": 0.09069375839292046
    },
    "16": {
        "cmph": 0.02477022803759258,
        "cmps": 0.09307147678895786
    },
    "17": {
        "cmph": 0.02657305436846311,
        "cmps": 0.0919930346878083
    },
    "18": {
        "cmph": 0.026811212731520043,
        "cmps": 0.08952289445266921
    },
    "19": {
        "cmph": 0.023728096872826013,
        "cmps": 0.0758305626973107
    },
    "20": {
        "cmph": 0.024287872335301195,
        "cmps": 0.08010548440767253
    },
    "21": {
        "cmph": 0.02163957931849866,
        "cmps": 0.06700941844644139
    },
    "final": {
        "OverThreshold": 0,
        "Ratio": 0,
        "Frame": 21
    }
}