{
    "1": {
        "cmph": 0.30017254574402336,
        "cmps": 0.895385545539506
    },
    "2": {
        "cmph": 0.24561258555675633,
        "cmps": 0.8906380823515605
    },
    "3": {
        "cmph": 0.20722239199686335,
        "cmps": 0.849219841882931
    },
    "4": {
        "cmph": 0.2352454325818007,
        "cmps": 0.8776974491349085
    },
    "5": {
        "cmph": 0.22258492712243194,
        "cmps": 0.8444270774735638
    },
    "6": {
        "cmph": 0.1716799683306606,
        "cmps": 0.8419429230469428
    },
    "final": {
        "OverThreshold": 6,
        "Ratio": 100,
        "Frame": 6
    }
}