{
    "1": {
        "cmph": 1.0,
        "cmps": 0.028049096986279547
    },
    "2": {
        "cmph": 0.0,
        "cmps": 0.025129795619013122
    },
    "3": {
        "cmph": 0.0,
        "cmps": 0.02781031827805121
    },
    "4": {
        "cmph": 0.01120117998943569,
        "cmps": 0.02819591260277454
    },
    "5": {
        "cmph": 0.013474995650712647,
        "cmps": 0.017534715603634836
    },
    "6": {
        "cmph": 0.0,
        "cmps": 0.013378454639189501
    },
    "final": {
        "OverThreshold": 1,
        "Ratio": 16,
        "Frame": 6
    }
}