{
    "1": {
        "cmph": 0.01789696063969981,
        "cmps": 0.0911713032989228
    },
    "2": {
        "cmph": 0.018269482451161067,
        "cmps": 0.08541698638738007
    },
    "3": {
        "cmph": 0.01619630942795876,
        "cmps": 0.07909416936972685
    },
    "4": {
        "cmph": 0.016685983414716672,
        "cmps": 0.08324756415611949
    },
    "5": {
        "cmph": 0.015823975891833326,
        "cmps": 0.08419513464547514
    },
    "6": {
        "cmph": 0.01538608116066657,
        "cmps": 0.09116572123719041
    },
    "7": {
        "cmph": 0.01418655870250651,
        "cmps": 0.09549855936740125
    },
    "8": {
        "cmph": 0.015553938440359317,
        "cmps": 0.09831024951194713
    },
    "9": {
        "cmph": 0.017349752405642824,
        "cmps": 0.09323224452197307
    },
    "10": {
        "cmph": 0.018466127616786135,
        "cmps": 0.09063706675386071
    },
    "11": {
        "cmph": 0.020754916313135002,
        "cmps": 0.09925174158734994
    },
    "12": {
        "cmph": 0.015998938116666306,
        "cmps": 0.08942819708427904
    },
    "13": {
        "cmph": 0.013693077999483282,
        "cmps": 0.08720161133341912
    },
    "14": {
        "cmph": 0.014039240537453378,
        "cmps": 0.06574311354792464
    },
    "15": {
        "cmph": 0.009956828814539093,
        "cmps": 0.02634645721241375
    },
    "16": {
        "cmph": 0.019930249035695447,
        "cmps": 0.07333994797972129
    },
    "17": {
        "cmph": 0.016174879883890304,
        "cmps": 0.07307624133562673
    },
    "18": {
        "cmph": 0.0011328067498940194,
        "cmps": 0.03699349300587019
    },
    "19": {
        "cmph": 0.0035451272553174203,
        "cmps": 0.05787109569102966
    },
    "20": {
        "cmph": 0.00020464590404279453,
        "cmps": 0.041144278313689345
    },
    "21": {
        "cmph": 0.015484380945304832,
        "cmps": 0.07374431736405873
    },
    "final": {
        "OverThreshold": 0,
        "Ratio": 0,
        "Frame": 21
    }
}