{
    "1": {
        "cmph": 0.7046736303744273,
        "cmps": 0.737852090411951
    },
    "2": {
        "cmph": 0.8318060185357109,
        "cmps": 0.5430611857387829
    },
    "3": {
        "cmph": 0.7474886837108038,
        "cmps": 0.5942315808250925
    },
    "4": {
        "cmph": 0.4976671120645465,
        "cmps": 0.3043889694870676
    },
    "5": {
        "cmph": 0.5489588331038807,
        "cmps": 0.21852628176726616
    },
    "6": {
        "cmph": 0.2679277078661745,
        "cmps": 0.15881795692342954
    },
    "final": {
        "OverThreshold": 6,
        "Ratio": 100,
        "Frame": 6
    }
}