{
    "1": {
        "cmph": 0.020922176475895848,
        "cmps": 0.07643906952287141
    },
    "2": {
        "cmph": 0.020628939103551184,
        "cmps": 0.07197071640461697
    },
    "3": {
        "cmph": 0.021947935109533676,
        "cmps": 0.06892538050532637
    },
    "4": {
        "cmph": 0.02089611586776431,
        "cmps": 0.06400087981271968
    },
    "5": {
        "cmph": 0.02291168439416411,
        "cmps": 0.06661069978111761
    },
    "6": {
        "cmph": 0.021792582356091023,
        "cmps": 0.07105522325880168
    },
    "final": {
        "OverThreshold": 0,
        "Ratio": 0,
        "Frame": 6
    }
}