{
    "1": {
        "cmph": 0.01807541599149658,
        "cmps": 0.08129495712758057
    },
    "2": {
        "cmph": 0.01933844071431213,
        "cmps": 0.08233386318670116
    },
    "3": {
        "cmph": 0.01850943610780278,
        "cmps": 0.08172801034942431
    },
    "4": {
        "cmph": 0.021690868978725426,
        "cmps": 0.07642279242770236
    },
    "5": {
        "cmph": 0.025539280080578167,
        "cmps": 0.09825921230102264
    },
    "6": {
        "cmph": 0.02778120550699548,
        "cmps": 0.10531539307978491
    },
    "7": {
        "cmph": 0.02482092029304084,
        "cmps": 0.11159642725817692
    },
    "8": {
        "cmph": 0.028141927634851654,
        "cmps": 0.1192262457692559
    },
    "9": {
        "cmph": 0.0292284052221622,
        "cmps": 0.1311199858357535
    },
    "10": {
        "cmph": 0.030027868816167178,
        "cmps": 0.13472700689621456
    },
    "11": {
        "cmph": 0.03245223223233954,
        "cmps": 0.13909478600413858
    },
    "12": {
        "cmph": 0.03339710999660089,
        "cmps": 0.15865370386002184
    },
    "13": {
        "cmph": 0.03618858640301332,
        "cmps": 0.18416466611154708
    },
    "14": {
        "cmph": 0.039324413901652304,
        "cmps": 0.1854875580765374
    },
    "15": {
        "cmph": 0.04756684386806706,
        "cmps": 0.1900775187858727
    },
    "16": {
        "cmph": 0.04304294211384155,
        "cmps": 0.18420748520208333
    },
    "17": {
        "cmph": 0.05254160236355784,
        "cmps": 0.18711883221156217
    },
    "18": {
        "cmph": 0.055164568035309315,
        "cmps": 0.2087311294550699
    },
    "19": {
        "cmph": 0.05124063928500861,
        "cmps": 0.2112040905806004
    },
    "20": {
        "cmph": 0.041458302491290434,
        "cmps": 0.20817586201104785
    },
    "21": {
        "cmph": 0.03837900876917468,
        "cmps": 0.18058637576145578
    },
    "final": {
        "OverThreshold": 0,
        "Ratio": 0,
        "Frame": 21
    }
}