{
    "1": {
        "cmph": 0.0194056613410677,
        "cmps": 0.0939185078711085
    },
    "2": {
        "cmph": 0.025482068668628607,
        "cmps": 0.10531201981393054
    },
    "3": {
        "cmph": 0.02370675667873313,
        "cmps": 0.1089454302566011
    },
    "4": {
        "cmph": 0.02395452455147442,
        "cmps": 0.10863242835779202
    },
    "5": {
        "cmph": 0.020376957302213287,
        "cmps": 0.10986404289939973
    },
    "6": {
        "cmph": 0.020143065110500458,
        "cmps": 0.11266300025347446
    },
    "7": {
        "cmph": 0.020440315259213537,
        "cmps": 0.11429913021888818
    },
    "8": {
        "cmph": 0.019192508732809036,
        "cmps": 0.11309062555366742
    },
    "9": {
        "cmph": 0.018473416463858344,
        "cmps": 0.12313403054821617
    },
    "10": {
        "cmph": 0.01593965363991308,
        "cmps": 0.12272874274417846
    },
    "11": {
        "cmph": 0.02175255109206076,
        "cmps": 0.13009249160099307
    },
    "12": {
        "cmph": 0.010950575770678855,
        "cmps": 0.11422650272488877
    },
    "13": {
        "cmph": 0.014601459208114693,
        "cmps": 0.11628120984253897
    },
    "14": {
        "cmph": 0.014221513505154161,
        "cmps": 0.11199965660019438
    },
    "15": {
        "cmph": 0.0017575877056862968,
        "cmps": 0.1071184636697279
    },
    "16": {
        "cmph": 0.01906547144876876,
        "cmps": 0.1156124069669053
    },
    "17": {
        "cmph": 0.016471398366848706,
        "cmps": 0.11679320126280238
    },
    "18": {
        "cmph": 0.004757357061698341,
        "cmps": 0.11158992808746526
    },
    "19": {
        "cmph": 0.009495112299806319,
        "cmps": 0.11638047442586213
    },
    "20": {
        "cmph": 0.005090193700681477,
        "cmps": 0.1148271504624729
    },
    "21": {
        "cmph": 0.014828834032361505,
        "cmps": 0.10978532081769664
    },
    "final": {
        "OverThreshold": 0,
        "Ratio": 0,
        "Frame": 21
    }
}