{
    "1": {
        "cmph": 0.02701745486676687,
        "cmps": 0.14628246548816096
    },
    "2": {
        "cmph": 0.02585807924253193,
        "cmps": 0.15568702002001306
    },
    "3": {
        "cmph": 0.024716774716231557,
        "cmps": 0.1608691184320511
    },
    "4": {
        "cmph": 0.025202190132623866,
        "cmps": 0.16262102340102877
    },
    "5": {
        "cmph": 0.02469113903816548,
        "cmps": 0.1447222298700794
    },
    "6": {
        "cmph": 0.02017403423212791,
        "cmps": 0.11899754683344696
    },
    "7": {
        "cmph": 0.017236385447806934,
        "cmps": 0.12348002579708771
    },
    "8": {
        "cmph": 0.018516243386314826,
        "cmps": 0.1364816345367269
    },
    "9": {
        "cmph": 0.017120456081160574,
        "cmps": 0.14165504533298193
    },
    "10": {
        "cmph": 0.01852199789144195,
        "cmps": 0.13883653162886272
    },
    "11": {
        "cmph": 0.018579957927691584,
        "cmps": 0.15387848315079142
    },
    "12": {
        "cmph": 0.014887191986789334,
        "cmps": 0.14444669025645768
    },
    "13": {
        "cmph": 0.016429814981011828,
        "cmps": 0.11503902927911076
    },
    "14": {
        "cmph": 0.016485685789898077,
        "cmps": 0.10441683845333834
    },
    "15": {
        "cmph": 0.016251505405952105,
        "cmps": 0.07141710805544814
    },
    "16": {
        "cmph": 0.01776522671406206,
        "cmps": 0.10591197460164713
    },
    "17": {
        "cmph": 0.021541674799952015,
        "cmps": 0.1002023310193635
    },
    "18": {
        "cmph": 0.02179844574869499,
        "cmps": 0.10483259614082227
    },
    "19": {
        "cmph": 0.01762734199768879,
        "cmps": 0.13321973780967863
    },
    "20": {
        "cmph": 0.015043641203513614,
        "cmps": 0.11690931857393007
    },
    "21": {
        "cmph": 0.01811250240541965,
        "cmps": 0.12220054307947151
    },
    "final": {
        "OverThreshold": 0,
        "Ratio": 0,
        "Frame": 21
    }
}