{
    "1": {
        "cmph": 0.041658126386131464,
        "cmps": 0.15756843255769265
    },
    "2": {
        "cmph": 0.0313082670003303,
        "cmps": 0.12088916433641608
    },
    "3": {
        "cmph": 0.028564891935187266,
        "cmps": 0.12049772513589692
    },
    "4": {
        "cmph": 0.018502792101714256,
        "cmps": 0.11999308152100521
    },
    "5": {
        "cmph": 0.02278989331680752,
        "cmps": 0.11413062202122513
    },
    "6": {
        "cmph": 0.02158936994891743,
        "cmps": 0.1266444051533148
    },
    "final": {
        "OverThreshold": 0,
        "Ratio": 0,
        "Frame": 6
    }
}