{
    "1": {
        "cmph": 0.01493858116963562,
        "cmps": 0.05721007189083467
    },
    "2": {
        "cmph": 0.01331903060794867,
        "cmps": 0.05193355311375771
    },
    "3": {
        "cmph": 0.013155570142846868,
        "cmps": 0.05571068222783126
    },
    "4": {
        "cmph": 0.012859618190031138,
        "cmps": 0.050622989691114256
    },
    "5": {
        "cmph": 0.011266308683198091,
        "cmps": 0.039430986086489636
    },
    "6": {
        "cmph": 0.012083350427274485,
        "cmps": 0.03871676821104502
    },
    "final": {
        "OverThreshold": 0,
        "Ratio": 0,
        "Frame": 6
    }
}