{
    "1": {
        "cmph": 0.02556878066316309,
        "cmps": 0.10886912149932011
    },
    "2": {
        "cmph": 0.027156819408629487,
        "cmps": 0.11440379341329983
    },
    "3": {
        "cmph": 0.023252313374714388,
        "cmps": 0.11167052181536659
    },
    "4": {
        "cmph": 0.021086093003639287,
        "cmps": 0.11931727936674032
    },
    "5": {
        "cmph": 0.020375785598592884,
        "cmps": 0.1313664674387269
    },
    "6": {
        "cmph": 0.017887930589954127,
        "cmps": 0.1303916230763769
    },
    "7": {
        "cmph": 0.019819218157784375,
        "cmps": 0.14563883040166692
    },
    "8": {
        "cmph": 0.021082297939898725,
        "cmps": 0.15146000383296007
    },
    "9": {
        "cmph": 0.022324724505454082,
        "cmps": 0.16533343264305914
    },
    "10": {
        "cmph": 0.02197479947661501,
        "cmps": 0.15778216879295648
    },
    "11": {
        "cmph": 0.02421372449538717,
        "cmps": 0.16198362774935818
    },
    "12": {
        "cmph": 0.022227518357407952,
        "cmps": 0.14991873380288104
    },
    "13": {
        "cmph": 0.02180163041896628,
        "cmps": 0.14056370266085283
    },
    "14": {
        "cmph": 0.023646921444016318,
        "cmps": 0.14065350110771427
    },
    "15": {
        "cmph": 0.024493107842665212,
        "cmps": 0.14439978396215308
    },
    "16": {
        "cmph": 0.023936836641140814,
        "cmps": 0.140389253811811
    },
    "17": {
        "cmph": 0.0230441308969875,
        "cmps": 0.13754812511681166
    },
    "18": {
        "cmph": 0.03236830834369774,
        "cmps": 0.1349406970567422
    },
    "19": {
        "cmph": 0.033984341533799686,
        "cmps": 0.16221945613987027
    },
    "20": {
        "cmph": 0.03336966934124579,
        "cmps": 0.1467381565138347
    },
    "final": {
        "OverThreshold": 0,
        "Ratio": 0,
        "Frame": 20
    }
}