{
    "1": {
        "cmph": 0.017463224384183875,
        "cmps": 0.08447333388228212
    },
    "2": {
        "cmph": 0.020631544407963637,
        "cmps": 0.08402474771689511
    },
    "3": {
        "cmph": 0.01881087064958379,
        "cmps": 0.0937618980525741
    },
    "4": {
        "cmph": 0.017701743846343907,
        "cmps": 0.08446531240827325
    },
    "5": {
        "cmph": 0.016910025333173283,
        "cmps": 0.07789970431561673
    },
    "6": {
        "cmph": 0.016483803495359866,
        "cmps": 0.08130805221922772
    },
    "7": {
        "cmph": 0.01724500123739282,
        "cmps": 0.08008309778789799
    },
    "8": {
        "cmph": 0.016822505689839812,
        "cmps": 0.0805870234107532
    },
    "9": {
        "cmph": 0.017552711656306372,
        "cmps": 0.08042040469940408
    },
    "10": {
        "cmph": 0.017483414656987474,
        "cmps": 0.07943464147838275
    },
    "11": {
        "cmph": 0.019579079042964076,
        "cmps": 0.0926325865576208
    },
    "12": {
        "cmph": 0.014050614123570584,
        "cmps": 0.08277603275545269
    },
    "final": {
        "OverThreshold": 0,
        "Ratio": 0,
        "Frame": 12
    }
}