{
    "1": {
        "cmph": 0.014203379123685904,
        "cmps": 0.05032298871396169
    },
    "2": {
        "cmph": 0.01505969375557384,
        "cmps": 0.051940130366644535
    },
    "3": {
        "cmph": 0.013627466682193976,
        "cmps": 0.05365349771888157
    },
    "4": {
        "cmph": 0.014329547201413082,
        "cmps": 0.05171248645642853
    },
    "5": {
        "cmph": 0.0141958076598693,
        "cmps": 0.05079523097791422
    },
    "6": {
        "cmph": 0.013853975474948356,
        "cmps": 0.05304389947079667
    },
    "7": {
        "cmph": 0.014369452579605452,
        "cmps": 0.05019019904902378
    },
    "8": {
        "cmph": 0.013982017223285074,
        "cmps": 0.051080236754085656
    },
    "9": {
        "cmph": 0.014825933353783747,
        "cmps": 0.049866610666289043
    },
    "10": {
        "cmph": 0.014755518280848607,
        "cmps": 0.05004000380098174
    },
    "11": {
        "cmph": 0.01389930382952513,
        "cmps": 0.05026140312719557
    },
    "12": {
        "cmph": 0.013775084598907115,
        "cmps": 0.04462783435779764
    },
    "13": {
        "cmph": 0.01501631306311285,
        "cmps": 0.04334561584749203
    },
    "14": {
        "cmph": 0.014085047965367841,
        "cmps": 0.04174137382707079
    },
    "15": {
        "cmph": 0.016318395342602997,
        "cmps": 0.041634063705046714
    },
    "16": {
        "cmph": 0.014915419535648228,
        "cmps": 0.05002985896141315
    },
    "17": {
        "cmph": 0.016234038167361624,
        "cmps": 0.0482797519520941
    },
    "18": {
        "cmph": 0.016444073785481503,
        "cmps": 0.0392239693937907
    },
    "19": {
        "cmph": 0.017123426845890723,
        "cmps": 0.031710428639796215
    },
    "20": {
        "cmph": 0.016161990858620127,
        "cmps": 0.03976153579247793
    },
    "21": {
        "cmph": 0.016249742843322305,
        "cmps": 0.04541652807178324
    },
    "final": {
        "OverThreshold": 0,
        "Ratio": 0,
        "Frame": 21
    }
}