{
    "1": {
        "cmph": 0.034562571615658906,
        "cmps": 0.09502711622082671
    },
    "2": {
        "cmph": 0.03301683178305344,
        "cmps": 0.08665125197929527
    },
    "3": {
        "cmph": 0.03189753593327392,
        "cmps": 0.060973654240729015
    },
    "4": {
        "cmph": 0.031878655560711545,
        "cmps": 0.06438090534643154
    },
    "5": {
        "cmph": 0.032429959434775286,
        "cmps": 0.08277290303754825
    },
    "6": {
        "cmph": 0.031457699379462876,
        "cmps": 0.08840275351419964
    },
    "final": {
        "OverThreshold": 0,
        "Ratio": 0,
        "Frame": 6
    }
}