{
    "1": {
        "cmph": 0.012377389322190957,
        "cmps": 0.09033129874506461
    },
    "2": {
        "cmph": 0.012888320888338155,
        "cmps": 0.0909679147358119
    },
    "3": {
        "cmph": 0.012170234627004794,
        "cmps": 0.08917409682300402
    },
    "4": {
        "cmph": 0.012631598589628324,
        "cmps": 0.09799305098020894
    },
    "5": {
        "cmph": 0.013369488447038596,
        "cmps": 0.09890872490859907
    },
    "6": {
        "cmph": 0.012952325904915414,
        "cmps": 0.10527969209188649
    },
    "7": {
        "cmph": 0.013937539796817562,
        "cmps": 0.11510626101899524
    },
    "8": {
        "cmph": 0.014372030973386095,
        "cmps": 0.11893803475546984
    },
    "9": {
        "cmph": 0.01818782795124835,
        "cmps": 0.1213345315406914
    },
    "10": {
        "cmph": 0.017379574742428506,
        "cmps": 0.12179479013309835
    },
    "11": {
        "cmph": 0.019037219265557934,
        "cmps": 0.13363752779211313
    },
    "12": {
        "cmph": 0.016688110547793598,
        "cmps": 0.12061603149083075
    },
    "13": {
        "cmph": 0.017501139100557138,
        "cmps": 0.11975110065659544
    },
    "14": {
        "cmph": 0.017007787845227464,
        "cmps": 0.10907683057111399
    },
    "15": {
        "cmph": 0.015529634411689757,
        "cmps": 0.0885435209517708
    },
    "16": {
        "cmph": 0.01851244223209036,
        "cmps": 0.1207056983082642
    },
    "17": {
        "cmph": 0.01761267981129616,
        "cmps": 0.11324463071208198
    },
    "18": {
        "cmph": 0.01655110242090416,
        "cmps": 0.08613915032317176
    },
    "19": {
        "cmph": 0.017608988329927248,
        "cmps": 0.09978937523084529
    },
    "20": {
        "cmph": 0.018469330854242107,
        "cmps": 0.08351846009552244
    },
    "21": {
        "cmph": 0.01706648756213422,
        "cmps": 0.09853427619242332
    },
    "final": {
        "OverThreshold": 0,
        "Ratio": 0,
        "Frame": 21
    }
}