{
    "1": {
        "cmph": 0.021752412159313943,
        "cmps": 0.13364398183848203
    },
    "2": {
        "cmph": 0.022916016588646185,
        "cmps": 0.1270376230473635
    },
    "3": {
        "cmph": 0.022071445382568604,
        "cmps": 0.14015100217594278
    },
    "4": {
        "cmph": 0.02235846104021308,
        "cmps": 0.13853772133803074
    },
    "5": {
        "cmph": 0.021276039736808503,
        "cmps": 0.1348525838527087
    },
    "6": {
        "cmph": 0.021582059565348838,
        "cmps": 0.1362644477047048
    },
    "7": {
        "cmph": 0.022446443105657854,
        "cmps": 0.14220504275178764
    },
    "8": {
        "cmph": 0.021292733084981506,
        "cmps": 0.13769384855573438
    },
    "9": {
        "cmph": 0.023439330101756434,
        "cmps": 0.15465697795565034
    },
    "10": {
        "cmph": 0.024096237399602524,
        "cmps": 0.1499065841500661
    },
    "11": {
        "cmph": 0.02688903046732865,
        "cmps": 0.16202092178394245
    },
    "12": {
        "cmph": 0.02498188930180918,
        "cmps": 0.1496029886097075
    },
    "13": {
        "cmph": 0.026441750921336615,
        "cmps": 0.14004949784509585
    },
    "14": {
        "cmph": 0.024246588397733086,
        "cmps": 0.14347434998703884
    },
    "15": {
        "cmph": 0.024490461790708334,
        "cmps": 0.15517897536219452
    },
    "16": {
        "cmph": 0.027864630554880778,
        "cmps": 0.14614418961328585
    },
    "17": {
        "cmph": 0.02401621929893979,
        "cmps": 0.12768550125446917
    },
    "18": {
        "cmph": 0.020853022563039045,
        "cmps": 0.15017539051722092
    },
    "19": {
        "cmph": 0.020274577089443847,
        "cmps": 0.142767724727447
    },
    "20": {
        "cmph": 0.018279897181821863,
        "cmps": 0.13211710166442486
    },
    "21": {
        "cmph": 0.019473597391593638,
        "cmps": 0.1195888657654816
    },
    "final": {
        "OverThreshold": 0,
        "Ratio": 0,
        "Frame": 21
    }
}