{
    "1": {
        "cmph": 0.023048483481471947,
        "cmps": 0.09236657095142589
    },
    "2": {
        "cmph": 0.023883780384970632,
        "cmps": 0.08759856770387338
    },
    "3": {
        "cmph": 0.021325379316581117,
        "cmps": 0.08765951564694005
    },
    "4": {
        "cmph": 0.02619693015164184,
        "cmps": 0.08479693697994087
    },
    "5": {
        "cmph": 0.024852705272738685,
        "cmps": 0.09753461096860937
    },
    "6": {
        "cmph": 0.024979062750537587,
        "cmps": 0.10245726172191946
    },
    "7": {
        "cmph": 0.026097759984612324,
        "cmps": 0.10900130165602706
    },
    "8": {
        "cmph": 0.026161846261600254,
        "cmps": 0.11416778183870026
    },
    "9": {
        "cmph": 0.028110891140666745,
        "cmps": 0.11228077743731416
    },
    "10": {
        "cmph": 0.02561131972143957,
        "cmps": 0.09703830099662407
    },
    "11": {
        "cmph": 0.029674380127734455,
        "cmps": 0.09814951376073443
    },
    "12": {
        "cmph": 0.020639672289492848,
        "cmps": 0.10356406641621364
    },
    "13": {
        "cmph": 0.02193407220213639,
        "cmps": 0.09672939741846479
    },
    "14": {
        "cmph": 0.019213760779680074,
        "cmps": 0.10685994646308887
    },
    "15": {
        "cmph": 0.011080071277840275,
        "cmps": 0.11045155005739112
    },
    "16": {
        "cmph": 0.027414625044112326,
        "cmps": 0.11808725732928221
    },
    "17": {
        "cmph": 0.026984351107832087,
        "cmps": 0.12079114579283409
    },
    "18": {
        "cmph": 0.021621696336573085,
        "cmps": 0.11670080624772537
    },
    "19": {
        "cmph": 0.029101946028587372,
        "cmps": 0.1293063610986616
    },
    "20": {
        "cmph": 0.02620149145460611,
        "cmps": 0.09608727168656801
    },
    "21": {
        "cmph": 0.0266606011148604,
        "cmps": 0.09415000477540232
    },
    "final": {
        "OverThreshold": 0,
        "Ratio": 0,
        "Frame": 21
    }
}