{
    "1": {
        "cmph": 0.023225828806874585,
        "cmps": 0.07352450446157284
    },
    "2": {
        "cmph": 0.025167374311098077,
        "cmps": 0.06732517173769942
    },
    "3": {
        "cmph": 0.009776373724992697,
        "cmps": 0.06632395188569493
    },
    "4": {
        "cmph": 0.015961088589284474,
        "cmps": 0.07600363426435863
    },
    "5": {
        "cmph": 0.014431125179152004,
        "cmps": 0.08415487390146154
    },
    "6": {
        "cmph": 0.02402997378415181,
        "cmps": 0.09254931145493661
    },
    "final": {
        "OverThreshold": 0,
        "Ratio": 0,
        "Frame": 6
    }
}