{
    "1": {
        "cmph": 0.673823843895066,
        "cmps": 0.7506137536856462
    },
    "2": {
        "cmph": 0.6921644143269886,
        "cmps": 0.7702074599783185
    },
    "3": {
        "cmph": 0.5799273856598398,
        "cmps": 0.6766573943105519
    },
    "4": {
        "cmph": 0.5119239247006069,
        "cmps": 0.7134367559023734
    },
    "5": {
        "cmph": 0.530399794943006,
        "cmps": 0.7233645579018467
    },
    "6": {
        "cmph": 0.5132946589527272,
        "cmps": 0.7384869539095733
    },
    "7": {
        "cmph": 0.4063472145323741,
        "cmps": 0.7700081414570829
    },
    "8": {
        "cmph": 0.4303638642232146,
        "cmps": 0.7764435456378539
    },
    "9": {
        "cmph": 0.3233202796411888,
        "cmps": 0.6815441704443197
    },
    "10": {
        "cmph": 0.2202571036478629,
        "cmps": 0.5663924219104599
    },
    "11": {
        "cmph": 0.04125299378240708,
        "cmps": 0.043517244880403275
    },
    "12": {
        "cmph": 0.03902192241559264,
        "cmps": 0.13485983787775938
    },
    "13": {
        "cmph": 0.03908347166757487,
        "cmps": 0.13984777240314214
    },
    "14": {
        "cmph": 0.06665334302428728,
        "cmps": 0.13543152119932236
    },
    "15": {
        "cmph": 0.0877576903284655,
        "cmps": 0.19617578603482147
    },
    "16": {
        "cmph": 0.0852043457707279,
        "cmps": 0.2533749518155655
    },
    "17": {
        "cmph": 0.14342454635081472,
        "cmps": 0.28806299700182336
    },
    "18": {
        "cmph": 0.1541681087296233,
        "cmps": 0.33650120180292875
    },
    "19": {
        "cmph": 0.17980647680869472,
        "cmps": 0.42968449340810116
    },
    "20": {
        "cmph": 0.17582514949405653,
        "cmps": 0.4495250925446539
    },
    "21": {
        "cmph": 0.15186619206754562,
        "cmps": 0.2754761559221523
    },
    "final": {
        "OverThreshold": 15,
        "Ratio": 71,
        "Frame": 21
    }
}