{
    "1": {
        "cmph": 1.0,
        "cmps": 0.021109517619286373
    },
    "2": {
        "cmph": 1.0,
        "cmps": 0.01496887777480053
    },
    "3": {
        "cmph": 1.0,
        "cmps": 0.031810337027441904
    },
    "4": {
        "cmph": 0.010113511666104235,
        "cmps": 0.029733689327292163
    },
    "5": {
        "cmph": 0.011853042750226899,
        "cmps": 0.016236948852632473
    },
    "6": {
        "cmph": 1.0,
        "cmps": 0.022891550871659637
    },
    "7": {
        "cmph": 0.02375488216612772,
        "cmps": 0.009712878212837018
    },
    "8": {
        "cmph": 0.01878108396642512,
        "cmps": 0.02902234816784118
    },
    "9": {
        "cmph": 0.02506795784929102,
        "cmps": 0.0008028144290595959
    },
    "10": {
        "cmph": 0.01421225935091607,
        "cmps": 0.03285466694623827
    },
    "11": {
        "cmph": 0.028233866695277984,
        "cmps": 0.045597343825310103
    },
    "12": {
        "cmph": 0.025074224301307468,
        "cmps": 0.040360449606317565
    },
    "13": {
        "cmph": 0.027570869512586988,
        "cmps": 0.046449963246999196
    },
    "14": {
        "cmph": 0.019987316046977056,
        "cmps": 0.059994633737191244
    },
    "15": {
        "cmph": 0.014405756478176495,
        "cmps": 0.049031557203771836
    },
    "16": {
        "cmph": 0.018950889326834048,
        "cmps": 0.048504516466287693
    },
    "17": {
        "cmph": 1.0,
        "cmps": 0.059521818357580816
    },
    "18": {
        "cmph": 0.025221388465586185,
        "cmps": 0.06061200044464824
    },
    "19": {
        "cmph": 0.019914154838082607,
        "cmps": 0.06222116893692644
    },
    "20": {
        "cmph": 1.0,
        "cmps": 0.05447147142403443
    },
    "21": {
        "cmph": 0.013951254120649273,
        "cmps": 0.0661291105671135
    },
    "final": {
        "OverThreshold": 4,
        "Ratio": 19,
        "Frame": 21
    }
}