{
    "1": {
        "cmph": 0.02355324982581059,
        "cmps": 0.0899238268654082
    },
    "2": {
        "cmph": 0.021762774308574605,
        "cmps": 0.07455497604669174
    },
    "3": {
        "cmph": 0.02320077545687227,
        "cmps": 0.07600994350064923
    },
    "4": {
        "cmph": 0.018684437425217425,
        "cmps": 0.07356137605993392
    },
    "5": {
        "cmph": 0.019326304822214008,
        "cmps": 0.06865826354851863
    },
    "6": {
        "cmph": 0.019644189586589565,
        "cmps": 0.07087942910946614
    },
    "final": {
        "OverThreshold": 0,
        "Ratio": 0,
        "Frame": 6
    }
}