{
    "1": {
        "cmph": 0.020135309339274536,
        "cmps": 0.0675802881009817
    },
    "2": {
        "cmph": 0.020944248319058858,
        "cmps": 0.06715423453129706
    },
    "3": {
        "cmph": 0.018675743607362003,
        "cmps": 0.08584515698624394
    },
    "4": {
        "cmph": 0.018529771130946986,
        "cmps": 0.08385143807945873
    },
    "5": {
        "cmph": 0.018173339493359447,
        "cmps": 0.08719349521380998
    },
    "6": {
        "cmph": 0.017220899328587384,
        "cmps": 0.08596150334278051
    },
    "7": {
        "cmph": 0.017458966146758213,
        "cmps": 0.08435236288200385
    },
    "8": {
        "cmph": 0.01657645965416375,
        "cmps": 0.08093993063354471
    },
    "9": {
        "cmph": 0.01671393513032599,
        "cmps": 0.0815999971557734
    },
    "10": {
        "cmph": 0.01621076726673785,
        "cmps": 0.08368422376715552
    },
    "11": {
        "cmph": 0.01818575243969656,
        "cmps": 0.08747638357722955
    },
    "final": {
        "OverThreshold": 0,
        "Ratio": 0,
        "Frame": 11
    }
}