{
    "1": {
        "cmph": 0.013896190499030292,
        "cmps": 0.046804015091158925
    },
    "2": {
        "cmph": 0.014538527718612769,
        "cmps": 0.032119038480292725
    },
    "3": {
        "cmph": 0.01588572287609133,
        "cmps": 0.049778210424700854
    },
    "4": {
        "cmph": 0.01790424038338041,
        "cmps": 0.056051891419102454
    },
    "5": {
        "cmph": 0.02167923339342629,
        "cmps": 0.059029899461086076
    },
    "6": {
        "cmph": 0.020745278356174443,
        "cmps": 0.0561641619424074
    },
    "7": {
        "cmph": 0.021047314279659474,
        "cmps": 0.06601393280888594
    },
    "8": {
        "cmph": 0.02052423057712613,
        "cmps": 0.06767282432563355
    },
    "9": {
        "cmph": 0.013325938115129499,
        "cmps": 0.05441516420726744
    },
    "10": {
        "cmph": 0.01204586285237216,
        "cmps": 0.06458855077291414
    },
    "11": {
        "cmph": 0.01980218765697853,
        "cmps": 0.07146858528708677
    },
    "12": {
        "cmph": 0.017085151234895325,
        "cmps": 0.05022756581699824
    },
    "13": {
        "cmph": 0.015361567897373465,
        "cmps": 0.049801064562489894
    },
    "final": {
        "OverThreshold": 0,
        "Ratio": 0,
        "Frame": 13
    }
}