{
    "1": {
        "cmph": 0.012770206197217195,
        "cmps": 0.10266820244664374
    },
    "2": {
        "cmph": 0.013629670375315766,
        "cmps": 0.11154976711813669
    },
    "3": {
        "cmph": 0.01222237424655623,
        "cmps": 0.1150822756109132
    },
    "4": {
        "cmph": 0.012416615384367195,
        "cmps": 0.11574704230006538
    },
    "5": {
        "cmph": 0.012366731095076088,
        "cmps": 0.10825724724044872
    },
    "6": {
        "cmph": 0.01141553775460884,
        "cmps": 0.10272739884866074
    },
    "7": {
        "cmph": 0.012275639581178206,
        "cmps": 0.11535549489197261
    },
    "8": {
        "cmph": 0.011573002508623817,
        "cmps": 0.1068661127175135
    },
    "9": {
        "cmph": 0.01229489531318187,
        "cmps": 0.1157386919419035
    },
    "10": {
        "cmph": 0.012082220667162817,
        "cmps": 0.11777053514057607
    },
    "11": {
        "cmph": 0.013527369452057557,
        "cmps": 0.12132745845476227
    },
    "12": {
        "cmph": 0.010467689033966178,
        "cmps": 0.11603010419685826
    },
    "13": {
        "cmph": 0.007481920334802702,
        "cmps": 0.11056889035459933
    },
    "14": {
        "cmph": 0.007462559909889184,
        "cmps": 0.11571328120240827
    },
    "15": {
        "cmph": 0.006372289847868676,
        "cmps": 0.12464347975688535
    },
    "16": {
        "cmph": 0.013259731429531855,
        "cmps": 0.12238561694138088
    },
    "17": {
        "cmph": 0.010936281862196445,
        "cmps": 0.12012070516679682
    },
    "18": {
        "cmph": 0.005786348569767696,
        "cmps": 0.13602340209453687
    },
    "19": {
        "cmph": 0.004793751377227173,
        "cmps": 0.13096583168600334
    },
    "20": {
        "cmph": 0.004612637475151725,
        "cmps": 0.13226338268248014
    },
    "21": {
        "cmph": 0.0119209653305534,
        "cmps": 0.11374613135406789
    },
    "final": {
        "OverThreshold": 0,
        "Ratio": 0,
        "Frame": 21
    }
}