{
    "1": {
        "cmph": 0.16265691073235786,
        "cmps": 0.6379686287074837
    },
    "2": {
        "cmph": 0.05066303040791043,
        "cmps": 0.8020606195566619
    },
    "3": {
        "cmph": 0.01999241582626937,
        "cmps": 0.7553496162441969
    },
    "4": {
        "cmph": 0.04365452886711694,
        "cmps": 0.7698713633188924
    },
    "5": {
        "cmph": 0.044929239133931625,
        "cmps": 0.7721231498148752
    },
    "6": {
        "cmph": 0.017299783758791248,
        "cmps": 0.7319196151949737
    },
    "final": {
        "OverThreshold": 4,
        "Ratio": 66,
        "Frame": 6
    }
}