{
    "1": {
        "cmph": 0.012078452665450332,
        "cmps": 0.055003620952133445
    },
    "2": {
        "cmph": 0.012475323516233773,
        "cmps": 0.057334085734093106
    },
    "3": {
        "cmph": 0.011535488468081488,
        "cmps": 0.06364466818564501
    },
    "4": {
        "cmph": 0.011610910520961845,
        "cmps": 0.05930389965999123
    },
    "5": {
        "cmph": 0.009924786330855891,
        "cmps": 0.04866378433265281
    },
    "6": {
        "cmph": 0.010475769518462323,
        "cmps": 0.04447045558880136
    },
    "7": {
        "cmph": 0.0105357309475008,
        "cmps": 0.04187524543617594
    },
    "8": {
        "cmph": 0.010498745913858869,
        "cmps": 0.047055699412195985
    },
    "9": {
        "cmph": 0.010128728299188426,
        "cmps": 0.05088714491064291
    },
    "10": {
        "cmph": 0.009367934673587304,
        "cmps": 0.05650366528629462
    },
    "11": {
        "cmph": 0.012750472330126978,
        "cmps": 0.05355084606876465
    },
    "12": {
        "cmph": 0.0054776055536615185,
        "cmps": 0.06086241394962244
    },
    "13": {
        "cmph": 0.0036103170248632556,
        "cmps": 0.061050965589701765
    },
    "14": {
        "cmph": 0.004314640019506714,
        "cmps": 0.059559648770950546
    },
    "15": {
        "cmph": 0.00414121245231102,
        "cmps": 0.06399987148654689
    },
    "16": {
        "cmph": 0.010217662536629235,
        "cmps": 0.0624909691920964
    },
    "17": {
        "cmph": 0.011214260191705778,
        "cmps": 0.06627994892271431
    },
    "18": {
        "cmph": 0.010677141989583446,
        "cmps": 0.08133360213706861
    },
    "19": {
        "cmph": 0.014455310267009119,
        "cmps": 0.06910056277895592
    },
    "20": {
        "cmph": 0.005735309055042641,
        "cmps": 0.0743639079178787
    },
    "21": {
        "cmph": 0.013327556441165017,
        "cmps": 0.06601960023007254
    },
    "final": {
        "OverThreshold": 0,
        "Ratio": 0,
        "Frame": 21
    }
}