{
    "1": {
        "cmph": 0.023130756674366145,
        "cmps": 0.10578619722595506
    },
    "2": {
        "cmph": 0.0200687412963195,
        "cmps": 0.08992573196599735
    },
    "3": {
        "cmph": 0.01954757447998045,
        "cmps": 0.07352292037527888
    },
    "4": {
        "cmph": 0.01982013128928473,
        "cmps": 0.06628794876976063
    },
    "5": {
        "cmph": 0.019694197145095196,
        "cmps": 0.06426258838709004
    },
    "6": {
        "cmph": 0.019285856673320712,
        "cmps": 0.07028896937417733
    },
    "final": {
        "OverThreshold": 0,
        "Ratio": 0,
        "Frame": 6
    }
}