{
    "1": {
        "cmph": 0.024000843081765012,
        "cmps": 0.09632210500855005
    },
    "2": {
        "cmph": 0.02729874294526494,
        "cmps": 0.09327820199196252
    },
    "3": {
        "cmph": 0.027036211011734156,
        "cmps": 0.09539028367431328
    },
    "4": {
        "cmph": 0.026530739264552475,
        "cmps": 0.09131625776030103
    },
    "5": {
        "cmph": 0.02316531010713052,
        "cmps": 0.08763063733937819
    },
    "6": {
        "cmph": 0.023445531429916087,
        "cmps": 0.09780573024717575
    },
    "final": {
        "OverThreshold": 0,
        "Ratio": 0,
        "Frame": 6
    }
}