{
    "1": {
        "cmph": 0.033682295659307894,
        "cmps": 0.1515276670111738
    },
    "2": {
        "cmph": 0.030187631442493344,
        "cmps": 0.1351342282866447
    },
    "3": {
        "cmph": 0.02504718365927398,
        "cmps": 0.13876678784911717
    },
    "4": {
        "cmph": 0.016706115244347206,
        "cmps": 0.14069942021795942
    },
    "5": {
        "cmph": 0.02004672853033118,
        "cmps": 0.14174458952420232
    },
    "6": {
        "cmph": 0.019026921868632453,
        "cmps": 0.1455636285852958
    },
    "7": {
        "cmph": 0.01784212940856801,
        "cmps": 0.1367221944859328
    },
    "8": {
        "cmph": 0.018431961226191108,
        "cmps": 0.12557779869231678
    },
    "9": {
        "cmph": 0.020847579490598105,
        "cmps": 0.13068720626322514
    },
    "10": {
        "cmph": 0.020998887520810618,
        "cmps": 0.14676161294736734
    },
    "11": {
        "cmph": 0.023360919324935565,
        "cmps": 0.13689160791260313
    },
    "12": {
        "cmph": 0.01867997635178701,
        "cmps": 0.11547357292130327
    },
    "13": {
        "cmph": 0.01691902034687548,
        "cmps": 0.1061711516078104
    },
    "14": {
        "cmph": 0.019424525631270423,
        "cmps": 0.10848809637588598
    },
    "15": {
        "cmph": 0.019278677233984402,
        "cmps": 0.10581829538463702
    },
    "16": {
        "cmph": 0.019069943256009473,
        "cmps": 0.1003081795538699
    },
    "17": {
        "cmph": 0.01992161790433145,
        "cmps": 0.09026128609587744
    },
    "18": {
        "cmph": 0.025308662536174836,
        "cmps": 0.11716605151798286
    },
    "19": {
        "cmph": 0.024587886690760702,
        "cmps": 0.11689102122799773
    },
    "20": {
        "cmph": 0.06321261845173619,
        "cmps": 0.12341368967287036
    },
    "21": {
        "cmph": 0.05250330327510545,
        "cmps": 0.11287989930048795
    },
    "final": {
        "OverThreshold": 0,
        "Ratio": 0,
        "Frame": 21
    }
}