{
    "1": {
        "cmph": 0.024903268760648,
        "cmps": 0.060419985214187295
    },
    "2": {
        "cmph": 0.022437411125403567,
        "cmps": 0.06204272013668966
    },
    "3": {
        "cmph": 0.021298626033591485,
        "cmps": 0.07450397906134394
    },
    "4": {
        "cmph": 0.020522574992068766,
        "cmps": 0.07230100237206837
    },
    "5": {
        "cmph": 0.020660152485087017,
        "cmps": 0.06974638324066236
    },
    "6": {
        "cmph": 0.020044275002087063,
        "cmps": 0.07158745983222943
    },
    "final": {
        "OverThreshold": 0,
        "Ratio": 0,
        "Frame": 6
    }
}