{
    "1": {
        "cmph": 0.07785231740453379,
        "cmps": 0.10769587292926612
    },
    "2": {
        "cmph": 0.06335822643240678,
        "cmps": 0.07574890394346712
    },
    "3": {
        "cmph": 0.20426290786557,
        "cmps": 0.20085926990513728
    },
    "4": {
        "cmph": 0.3493826967478288,
        "cmps": 0.18778271038698632
    },
    "5": {
        "cmph": 0.7063191730047984,
        "cmps": 0.3148837163885015
    },
    "6": {
        "cmph": 0.7078668782343647,
        "cmps": 0.30359883970499146
    },
    "7": {
        "cmph": 0.8417073505528969,
        "cmps": 0.6417123605089738
    },
    "8": {
        "cmph": 0.8804548203282964,
        "cmps": 0.6758964180381888
    },
    "9": {
        "cmph": 0.972261014607303,
        "cmps": 0.6357020077106378
    },
    "10": {
        "cmph": 0.9687139234517591,
        "cmps": 0.7783018797014107
    },
    "11": {
        "cmph": 0.8841152965041889,
        "cmps": 0.7431566615539564
    },
    "12": {
        "cmph": 0.8652994720803314,
        "cmps": 0.7422938122614161
    },
    "13": {
        "cmph": 0.8888088899292126,
        "cmps": 0.769815447655629
    },
    "final": {
        "OverThreshold": 11,
        "Ratio": 84,
        "Frame": 13
    }
}