{
    "1": {
        "cmph": 0.017183863739169154,
        "cmps": 0.04461176751176353
    },
    "2": {
        "cmph": 0.015373476713587195,
        "cmps": 0.03716100973222684
    },
    "3": {
        "cmph": 0.017966268215269865,
        "cmps": 0.04733414763050398
    },
    "4": {
        "cmph": 0.019779291846126066,
        "cmps": 0.049187177776646406
    },
    "5": {
        "cmph": 0.02451922522842655,
        "cmps": 0.05112009935067704
    },
    "6": {
        "cmph": 0.023941428379652754,
        "cmps": 0.04890470876059623
    },
    "final": {
        "OverThreshold": 0,
        "Ratio": 0,
        "Frame": 6
    }
}