{
    "1": {
        "cmph": 0.02278691406897542,
        "cmps": 0.05584845157615353
    },
    "2": {
        "cmph": 0.021370035526222023,
        "cmps": 0.05128699596594163
    },
    "3": {
        "cmph": 0.02146637219949697,
        "cmps": 0.05328227603884697
    },
    "4": {
        "cmph": 0.02059600483911392,
        "cmps": 0.04944229205985786
    },
    "5": {
        "cmph": 0.02099150782631761,
        "cmps": 0.0507174326237928
    },
    "6": {
        "cmph": 0.021371298320153484,
        "cmps": 0.04646953010841512
    },
    "7": {
        "cmph": 0.02126010316473409,
        "cmps": 0.04836991128863487
    },
    "8": {
        "cmph": 0.020851874946729174,
        "cmps": 0.0499642368833635
    },
    "9": {
        "cmph": 0.019694789412359595,
        "cmps": 0.04988124172414307
    },
    "10": {
        "cmph": 0.019458103006997875,
        "cmps": 0.045104217521402534
    },
    "11": {
        "cmph": 0.018380846733243236,
        "cmps": 0.05109035948396718
    },
    "12": {
        "cmph": 0.017245280334604422,
        "cmps": 0.05331542456469057
    },
    "13": {
        "cmph": 0.01775545151480143,
        "cmps": 0.05740473924029383
    },
    "14": {
        "cmph": 0.016632867935107862,
        "cmps": 0.04814352542000993
    },
    "15": {
        "cmph": 0.018072536341494472,
        "cmps": 0.04623582877815146
    },
    "16": {
        "cmph": 0.017171792627391495,
        "cmps": 0.04880617762246843
    },
    "17": {
        "cmph": 0.017410210596049847,
        "cmps": 0.049838343225399775
    },
    "18": {
        "cmph": 0.017531968973178824,
        "cmps": 0.04710003806225846
    },
    "19": {
        "cmph": 0.018616859353845983,
        "cmps": 0.0478654477070259
    },
    "20": {
        "cmph": 0.01880042970090549,
        "cmps": 0.04717232449770399
    },
    "21": {
        "cmph": 0.01904409176319739,
        "cmps": 0.05282039720033432
    },
    "22": {
        "cmph": 0.01858296686553466,
        "cmps": 0.05274158740195764
    },
    "23": {
        "cmph": 0.016650369917266084,
        "cmps": 0.06037710603394113
    },
    "24": {
        "cmph": 0.01336208986397901,
        "cmps": 0.046319990094511924
    },
    "25": {
        "cmph": 0.012831334614553113,
        "cmps": 0.04291271027611975
    },
    "26": {
        "cmph": 0.01264343555750652,
        "cmps": 0.040297899598234
    },
    "27": {
        "cmph": 0.013251645867045171,
        "cmps": 0.04035693965582075
    },
    "28": {
        "cmph": 0.013235812583376718,
        "cmps": 0.034500528206753506
    },
    "29": {
        "cmph": 0.012434909667221675,
        "cmps": 0.03210262716588369
    },
    "30": {
        "cmph": 0.013259828236858248,
        "cmps": 0.03482692347043408
    },
    "31": {
        "cmph": 0.012938134973257402,
        "cmps": 0.04220424276825492
    },
    "32": {
        "cmph": 0.012823832468909344,
        "cmps": 0.03660720605878354
    },
    "final": {
        "OverThreshold": 0,
        "Ratio": 0,
        "Frame": 32
    }
}