{
    "1": {
        "cmph": 0.3360500566779332,
        "cmps": 0.051411922629178985
    },
    "2": {
        "cmph": 0.08373715921201365,
        "cmps": 0.010050793083157268
    },
    "3": {
        "cmph": 0.04545109790325028,
        "cmps": 0.07991772532114162
    },
    "4": {
        "cmph": 0.10196677327701725,
        "cmps": 0.13397154621013635
    },
    "5": {
        "cmph": 0.1618439562125999,
        "cmps": 0.1918703795185008
    },
    "6": {
        "cmph": 0.06641387053247564,
        "cmps": 0.1745084383219124
    },
    "7": {
        "cmph": 0.1436946666500088,
        "cmps": 0.3549548218281019
    },
    "8": {
        "cmph": 0.07136279254977463,
        "cmps": 0.40607851636793557
    },
    "9": {
        "cmph": 0.16718530216520405,
        "cmps": 0.34017015186833793
    },
    "10": {
        "cmph": 0.09361520942614164,
        "cmps": 0.3340996376876641
    },
    "11": {
        "cmph": 0.028868337400034,
        "cmps": 0.42653791581319556
    },
    "12": {
        "cmph": 0.029371560425767683,
        "cmps": 0.4291397826114169
    },
    "13": {
        "cmph": 0.05826914165783762,
        "cmps": 0.4449413071438511
    },
    "final": {
        "OverThreshold": 2,
        "Ratio": 15,
        "Frame": 13
    }
}