{
    "1": {
        "cmph": 0.022294081994858564,
        "cmps": 0.031853241097966646
    },
    "2": {
        "cmph": 0.0204293866293984,
        "cmps": 0.016476649533168852
    },
    "3": {
        "cmph": 0.025023641434531,
        "cmps": 0.035795123796177865
    },
    "4": {
        "cmph": 0.02578544948444996,
        "cmps": 0.02362099471218478
    },
    "5": {
        "cmph": 0.0321464449279321,
        "cmps": 0.02123067867542941
    },
    "6": {
        "cmph": 0.03200189961979704,
        "cmps": 0.012058060891156021
    },
    "7": {
        "cmph": 0.03123158225590979,
        "cmps": 0.009371498300540319
    },
    "8": {
        "cmph": 0.030644503172033488,
        "cmps": 0.004393533770591644
    },
    "9": {
        "cmph": 0.015601718990289313,
        "cmps": 0.007626320968185701
    },
    "10": {
        "cmph": 0.012696149033111273,
        "cmps": 0.027859565805696287
    },
    "11": {
        "cmph": 0.025735136270509485,
        "cmps": 0.043317836421120595
    },
    "12": {
        "cmph": 0.02185325650781682,
        "cmps": 0.043126778845659415
    },
    "13": {
        "cmph": 0.020997792091175298,
        "cmps": 0.0410001165328523
    },
    "final": {
        "OverThreshold": 0,
        "Ratio": 0,
        "Frame": 13
    }
}