{
    "1": {
        "cmph": 0.01623086404798848,
        "cmps": 0.38347848171603255
    },
    "2": {
        "cmph": 0.019136646286908844,
        "cmps": 0.19473744638337967
    },
    "3": {
        "cmph": 0.020294873428225217,
        "cmps": 0.16969701636086526
    },
    "4": {
        "cmph": 0.020438101598382923,
        "cmps": 0.0866286198716912
    },
    "5": {
        "cmph": 0.018680076572311053,
        "cmps": 0.04537008749818003
    },
    "6": {
        "cmph": 0.019999858715090378,
        "cmps": 0.02879564584373665
    },
    "7": {
        "cmph": 0.018942294469345557,
        "cmps": 0.005130352072946691
    },
    "8": {
        "cmph": 0.018061062646784844,
        "cmps": 0.002876187806369404
    },
    "9": {
        "cmph": 0.018039666838320933,
        "cmps": 0.020865974268974793
    },
    "10": {
        "cmph": 0.01688714256467078,
        "cmps": 0.026312046699785593
    },
    "11": {
        "cmph": 0.018905628019812992,
        "cmps": 0.026860937124057734
    },
    "12": {
        "cmph": 0.019609603462259716,
        "cmps": 0.06252663306223673
    },
    "13": {
        "cmph": 0.019192405882972424,
        "cmps": 0.028885510409160493
    },
    "14": {
        "cmph": 0.01739486401820904,
        "cmps": 0.019344359222782555
    },
    "15": {
        "cmph": 0.01808020081731357,
        "cmps": 0.03715277737063849
    },
    "final": {
        "OverThreshold": 0,
        "Ratio": 0,
        "Frame": 15
    }
}