{
    "1": {
        "cmph": 0.006935682021270949,
        "cmps": 0.266490510581199
    },
    "2": {
        "cmph": 0.007622047049306816,
        "cmps": 0.42776001935594327
    },
    "3": {
        "cmph": 0.008630345655684867,
        "cmps": 0.5019026338075088
    },
    "4": {
        "cmph": 0.050296261628086966,
        "cmps": 0.4859457773546653
    },
    "5": {
        "cmph": 0.05997230583804363,
        "cmps": 0.5109296491636426
    },
    "6": {
        "cmph": 0.0733383038339793,
        "cmps": 0.49706137968351344
    },
    "7": {
        "cmph": 0.07459356418226165,
        "cmps": 0.5012700312524399
    },
    "8": {
        "cmph": 0.0730286002451328,
        "cmps": 0.44116433139531763
    },
    "9": {
        "cmph": 0.06666741541998664,
        "cmps": 0.5113352881132223
    },
    "10": {
        "cmph": 0.05820801119923726,
        "cmps": 0.49789062821585095
    },
    "11": {
        "cmph": 0.08981153158679225,
        "cmps": 0.44903084972206697
    },
    "12": {
        "cmph": 0.08867560100394657,
        "cmps": 0.3811294314114215
    },
    "final": {
        "OverThreshold": 0,
        "Ratio": 0,
        "Frame": 12
    }
}