{
    "1": {
        "cmph": 0.08794319426470022,
        "cmps": 0.023630639273816537
    },
    "2": {
        "cmph": 0.07678902843959341,
        "cmps": 0.020063081042763893
    },
    "3": {
        "cmph": 0.05657002356190468,
        "cmps": 0.030109319991682617
    },
    "4": {
        "cmph": 0.05461275720537209,
        "cmps": 0.035203296692800166
    },
    "5": {
        "cmph": 0.12124658702040987,
        "cmps": 0.03629991529141557
    },
    "6": {
        "cmph": 0.12841695258343136,
        "cmps": 0.034627487448458144
    },
    "7": {
        "cmph": 0.15026864642817267,
        "cmps": 0.03668714197072098
    },
    "8": {
        "cmph": 0.15824617202272712,
        "cmps": 0.03620143611272732
    },
    "9": {
        "cmph": 0.19805889822436457,
        "cmps": 0.031105428869486945
    },
    "10": {
        "cmph": 0.058261920518052235,
        "cmps": 0.03220530998646757
    },
    "11": {
        "cmph": 0.1367378355326673,
        "cmps": 0.03412355862061765
    },
    "12": {
        "cmph": 0.277934143698509,
        "cmps": 0.03392290999927851
    },
    "13": {
        "cmph": 0.3602300004287942,
        "cmps": 0.03737240866917489
    },
    "final": {
        "OverThreshold": 9,
        "Ratio": 69,
        "Frame": 13
    }
}