{
    "1": {
        "cmph": 0.014158669965262128,
        "cmps": 0.038645125312105094
    },
    "2": {
        "cmph": 0.014602498665923374,
        "cmps": 0.040125074116342335
    },
    "3": {
        "cmph": 0.014882051069102729,
        "cmps": 0.04033710971737342
    },
    "4": {
        "cmph": 0.016976666918786944,
        "cmps": 0.0346407603768016
    },
    "5": {
        "cmph": 0.02078454250922196,
        "cmps": 0.044996244544302795
    },
    "6": {
        "cmph": 0.023602604181163684,
        "cmps": 0.0502784312680986
    },
    "7": {
        "cmph": 0.020138668445896655,
        "cmps": 0.04936594692177279
    },
    "8": {
        "cmph": 0.022725004796003295,
        "cmps": 0.05188844695717059
    },
    "9": {
        "cmph": 0.021298291436074573,
        "cmps": 0.05115479810153597
    },
    "10": {
        "cmph": 0.02102535007595389,
        "cmps": 0.051492652371689235
    },
    "11": {
        "cmph": 0.021510023803252558,
        "cmps": 0.05120542110399499
    },
    "12": {
        "cmph": 0.022647067750055105,
        "cmps": 0.0615442830171261
    },
    "13": {
        "cmph": 0.024755347778288358,
        "cmps": 0.0738272320103688
    },
    "14": {
        "cmph": 0.024064846311752534,
        "cmps": 0.06829452502190102
    },
    "15": {
        "cmph": 0.03045338343298422,
        "cmps": 0.07288403671229071
    },
    "16": {
        "cmph": 0.027839136925366575,
        "cmps": 0.07127037407261821
    },
    "17": {
        "cmph": 0.03428190301685996,
        "cmps": 0.07387621085245027
    },
    "18": {
        "cmph": 0.031228591244606044,
        "cmps": 0.06548691832895155
    },
    "19": {
        "cmph": 0.03248646120494353,
        "cmps": 0.06999319694915761
    },
    "20": {
        "cmph": 0.026790686670842775,
        "cmps": 0.07238190811056447
    },
    "21": {
        "cmph": 0.02615623655414776,
        "cmps": 0.06973840534027263
    },
    "22": {
        "cmph": 0.024689300052717033,
        "cmps": 0.06303299419626358
    },
    "23": {
        "cmph": 0.022079233637151318,
        "cmps": 0.05353364864636364
    },
    "24": {
        "cmph": 0.01678030651198652,
        "cmps": 0.04878531503571275
    },
    "25": {
        "cmph": 0.014626236033847027,
        "cmps": 0.043412663501566535
    },
    "26": {
        "cmph": 0.016495139226641094,
        "cmps": 0.040902878547648285
    },
    "27": {
        "cmph": 0.01570359679760403,
        "cmps": 0.0442164445304858
    },
    "28": {
        "cmph": 0.016644743696101697,
        "cmps": 0.03967825533891922
    },
    "29": {
        "cmph": 0.015573794996591846,
        "cmps": 0.034220617125223875
    },
    "30": {
        "cmph": 0.01757877175377792,
        "cmps": 0.03668455705721923
    },
    "31": {
        "cmph": 0.017664476268311764,
        "cmps": 0.039493691918662914
    },
    "32": {
        "cmph": 0.018151097632508814,
        "cmps": 0.039420926295030745
    },
    "33": {
        "cmph": 0.018489420074448572,
        "cmps": 0.04166111196115157
    },
    "final": {
        "OverThreshold": 0,
        "Ratio": 0,
        "Frame": 33
    }
}