{
    "1": {
        "cmph": 0.016360306773133583,
        "cmps": 0.050830830076230654
    },
    "2": {
        "cmph": 0.01566343635119346,
        "cmps": 0.044048845451271544
    },
    "3": {
        "cmph": 0.018026632764881548,
        "cmps": 0.055436728905006845
    },
    "4": {
        "cmph": 0.019647609341759336,
        "cmps": 0.05506014102000629
    },
    "5": {
        "cmph": 0.025138124577512046,
        "cmps": 0.06079574567674108
    },
    "6": {
        "cmph": 0.02475533971874538,
        "cmps": 0.05278445396871999
    },
    "7": {
        "cmph": 0.024675548336663352,
        "cmps": 0.06362366547725437
    },
    "8": {
        "cmph": 0.024660917825060174,
        "cmps": 0.06444869205384171
    },
    "9": {
        "cmph": 0.012137581018385872,
        "cmps": 0.05354604881572226
    },
    "10": {
        "cmph": 0.00934261629286393,
        "cmps": 0.06622076679263321
    },
    "11": {
        "cmph": 0.021160742462824112,
        "cmps": 0.06993764986517152
    },
    "12": {
        "cmph": 0.01977952952506638,
        "cmps": 0.05866585386621385
    },
    "13": {
        "cmph": 0.019056621123982747,
        "cmps": 0.06173508469653694
    },
    "final": {
        "OverThreshold": 0,
        "Ratio": 0,
        "Frame": 13
    }
}