{
    "1": {
        "cmph": 0.012964239589115087,
        "cmps": 0.037474620394529326
    },
    "2": {
        "cmph": 0.01410838237473755,
        "cmps": 0.029104102425253346
    },
    "3": {
        "cmph": 0.018037711563666094,
        "cmps": 0.035348768807660795
    },
    "4": {
        "cmph": 0.01848719276426912,
        "cmps": 0.03381057278388565
    },
    "5": {
        "cmph": 0.02511767115462361,
        "cmps": 0.03595229250381424
    },
    "6": {
        "cmph": 0.02381923775731861,
        "cmps": 0.03238256997903926
    },
    "7": {
        "cmph": 0.023852171776723215,
        "cmps": 0.04332276644642998
    },
    "8": {
        "cmph": 0.022737136682284012,
        "cmps": 0.045107656328007305
    },
    "9": {
        "cmph": 0.02073404391900989,
        "cmps": 0.02989541469734799
    },
    "10": {
        "cmph": 0.021443972711232738,
        "cmps": 0.017514150429323305
    },
    "11": {
        "cmph": 0.023057966318011554,
        "cmps": 0.02043865550919742
    },
    "12": {
        "cmph": 0.02037917212184811,
        "cmps": 0.021780798452911802
    },
    "13": {
        "cmph": 0.019453445365544563,
        "cmps": 0.03945421993616069
    },
    "final": {
        "OverThreshold": 0,
        "Ratio": 0,
        "Frame": 13
    }
}