{
    "1": {
        "cmph": 0.020028304023222,
        "cmps": 0.023205343503065586
    },
    "2": {
        "cmph": 0.020506173431643168,
        "cmps": 0.02329479074553416
    },
    "3": {
        "cmph": 0.018695443399888528,
        "cmps": 0.028260228561248164
    },
    "4": {
        "cmph": 0.01650333040563978,
        "cmps": 0.02994851883891279
    },
    "5": {
        "cmph": 0.016582353950329483,
        "cmps": 0.01951943671997959
    },
    "6": {
        "cmph": 0.015197387501003298,
        "cmps": 0.031025075486626925
    },
    "7": {
        "cmph": 0.016080494140598846,
        "cmps": 0.030804999200915555
    },
    "8": {
        "cmph": 0.0170242539179031,
        "cmps": 0.0087609010650516
    },
    "9": {
        "cmph": 0.016267684984287444,
        "cmps": 0.014343856019837625
    },
    "10": {
        "cmph": 0.015386634818251256,
        "cmps": 0.0028608685653391318
    },
    "11": {
        "cmph": 0.01604936716008547,
        "cmps": 0.001635194512743987
    },
    "12": {
        "cmph": 0.015093575760292152,
        "cmps": 0.0013074846263019851
    },
    "13": {
        "cmph": 0.014946025120759003,
        "cmps": 0.007500611389843209
    },
    "14": {
        "cmph": 0.014470896672980743,
        "cmps": 0.02034269545616618
    },
    "15": {
        "cmph": 0.015640541063942255,
        "cmps": 0.004124359958497875
    },
    "16": {
        "cmph": 0.015524425043143468,
        "cmps": 0.0013130384523923977
    },
    "17": {
        "cmph": 0.015052929353200727,
        "cmps": 0.01271704277541292
    },
    "18": {
        "cmph": 0.01830756674681303,
        "cmps": 0.00023270540491791524
    },
    "19": {
        "cmph": 0.02154323751256255,
        "cmps": 0.007033466275872396
    },
    "20": {
        "cmph": 0.02156374723298802,
        "cmps": 0.00018772198523263697
    },
    "final": {
        "OverThreshold": 0,
        "Ratio": 0,
        "Frame": 20
    }
}