{
    "1": {
        "cmph": 0.014700257576976633,
        "cmps": 0.012475249712284293
    },
    "2": {
        "cmph": 0.015195496270546283,
        "cmps": 0.009344679197546425
    },
    "3": {
        "cmph": 0.016246363947563926,
        "cmps": 0.021917930623423804
    },
    "4": {
        "cmph": 0.009314535886287006,
        "cmps": 0.011168426948843424
    },
    "5": {
        "cmph": 0.0010365914866868155,
        "cmps": 0.0033228769555246345
    },
    "6": {
        "cmph": 0.0017163645464644455,
        "cmps": 0.006566541560848817
    },
    "7": {
        "cmph": 0.0008010673061725322,
        "cmps": 0.010418669087996088
    },
    "8": {
        "cmph": 0.0033509044328414424,
        "cmps": 0.006563722727578003
    },
    "9": {
        "cmph": 0.004489598161751907,
        "cmps": 0.021201760366733186
    },
    "10": {
        "cmph": 0.0026216458596050774,
        "cmps": 0.0015841692449801831
    },
    "11": {
        "cmph": 0.01333126573025459,
        "cmps": 0.008008495170917916
    },
    "12": {
        "cmph": 0.01573671221803022,
        "cmps": 0.028849964361175297
    },
    "13": {
        "cmph": 0.03392810756861338,
        "cmps": 0.0303993114540909
    },
    "14": {
        "cmph": 0.026012791918765155,
        "cmps": 0.02190238221614889
    },
    "15": {
        "cmph": 0.05242591216280088,
        "cmps": 0.04045489322132734
    },
    "16": {
        "cmph": 0.030840955266604225,
        "cmps": 0.021548764269892894
    },
    "17": {
        "cmph": 0.036742754360397874,
        "cmps": 0.02000439749299059
    },
    "18": {
        "cmph": 0.0469148360230151,
        "cmps": 0.01800259293672972
    },
    "19": {
        "cmph": 0.05598817380671789,
        "cmps": 0.025488632084160096
    },
    "20": {
        "cmph": 0.09541167992320558,
        "cmps": 0.03166291439930519
    },
    "21": {
        "cmph": 0.06797368997302108,
        "cmps": 0.0257956246137695
    },
    "22": {
        "cmph": 0.11965328187188803,
        "cmps": 0.024686737012371368
    },
    "23": {
        "cmph": 0.0850668414679712,
        "cmps": 0.035157255634944366
    },
    "24": {
        "cmph": 0.039112302588575676,
        "cmps": 0.041905069373250316
    },
    "25": {
        "cmph": 0.03436072659782808,
        "cmps": 0.029957347812874402
    },
    "26": {
        "cmph": 0.04477176809881238,
        "cmps": 0.045732487121525084
    },
    "27": {
        "cmph": 0.05126918181489852,
        "cmps": 0.05514379137003619
    },
    "28": {
        "cmph": 0.10350155951802138,
        "cmps": 0.1097735170083413
    },
    "29": {
        "cmph": 0.0711656661313907,
        "cmps": 0.07757700037305063
    },
    "30": {
        "cmph": 0.10323675586905402,
        "cmps": 0.0729413434573745
    },
    "31": {
        "cmph": 0.024983450907396638,
        "cmps": 0.09146584560821744
    },
    "32": {
        "cmph": 0.032045062529143443,
        "cmps": 0.08583007401782111
    },
    "33": {
        "cmph": 0.015942318903035328,
        "cmps": 0.09940169468657059
    },
    "34": {
        "cmph": 0.026050452817126445,
        "cmps": 0.1470406520887589
    },
    "35": {
        "cmph": 0.043027342520957475,
        "cmps": 0.1774710460300937
    },
    "36": {
        "cmph": 0.03734883965882168,
        "cmps": 0.18781098041321342
    },
    "37": {
        "cmph": 0.1366825090988059,
        "cmps": 0.27973274981801544
    },
    "38": {
        "cmph": 0.050556182404551786,
        "cmps": 0.3783172480094692
    },
    "39": {
        "cmph": 0.0542464902784019,
        "cmps": 0.37828745700516003
    },
    "40": {
        "cmph": 0.01807132420858166,
        "cmps": 0.0036541660709832817
    },
    "final": {
        "OverThreshold": 0,
        "Ratio": 0,
        "Frame": 40
    }
}