{
    "1": {
        "cmph": 0.01805877747744484,
        "cmps": 0.02051466770545099
    },
    "2": {
        "cmph": 0.020504740229189137,
        "cmps": 0.025501661370001434
    },
    "3": {
        "cmph": 0.020562883242642993,
        "cmps": 0.02023460217944688
    },
    "4": {
        "cmph": 0.022234219274751478,
        "cmps": 0.03739775553316908
    },
    "5": {
        "cmph": 0.022200060881660245,
        "cmps": 0.008037116564326423
    },
    "6": {
        "cmph": 0.021675681207108125,
        "cmps": 0.026691839745920386
    },
    "7": {
        "cmph": 0.02163854453040146,
        "cmps": 0.010261157040136127
    },
    "8": {
        "cmph": 0.0203428905630216,
        "cmps": 0.055792056120746274
    },
    "9": {
        "cmph": 0.019422468739503086,
        "cmps": 0.05383106660310078
    },
    "10": {
        "cmph": 0.01945612104128428,
        "cmps": 0.04295117867313342
    },
    "11": {
        "cmph": 0.018673156265345867,
        "cmps": 0.048302817527137096
    },
    "12": {
        "cmph": 0.019250711031114715,
        "cmps": 0.05525579191669036
    },
    "13": {
        "cmph": 0.019459004755878213,
        "cmps": 0.05261937277503154
    },
    "14": {
        "cmph": 0.016730853867959455,
        "cmps": 0.043208912680806164
    },
    "15": {
        "cmph": 0.018988246901393814,
        "cmps": 0.051513678019921835
    },
    "16": {
        "cmph": 0.01895889961309117,
        "cmps": 0.04503666793784822
    },
    "17": {
        "cmph": 0.01876148263695883,
        "cmps": 0.04731190032752299
    },
    "18": {
        "cmph": 0.018180339909443698,
        "cmps": 0.04097029183406007
    },
    "19": {
        "cmph": 0.018394382577765333,
        "cmps": 0.04191219556768317
    },
    "20": {
        "cmph": 0.020393123185179052,
        "cmps": 0.047133616860840014
    },
    "21": {
        "cmph": 0.020708873336745696,
        "cmps": 0.03909161485939937
    },
    "22": {
        "cmph": 0.019852505101749695,
        "cmps": 0.026548609964090135
    },
    "23": {
        "cmph": 0.021436710229387923,
        "cmps": 0.017655809769893557
    },
    "24": {
        "cmph": 0.016352522110276026,
        "cmps": 0.03406138836251064
    },
    "25": {
        "cmph": 0.015934290761146917,
        "cmps": 0.03542270132575337
    },
    "26": {
        "cmph": 0.013586560655447763,
        "cmps": 0.028467741660463095
    },
    "27": {
        "cmph": 0.01679341192280876,
        "cmps": 0.050972448567699856
    },
    "28": {
        "cmph": 0.004813003879692276,
        "cmps": 0.04054182704651954
    },
    "29": {
        "cmph": 0.0017651024564320533,
        "cmps": 0.03710277816281274
    },
    "30": {
        "cmph": 0.014302808515669355,
        "cmps": 0.03455470971748189
    },
    "31": {
        "cmph": 0.00755520499795977,
        "cmps": 0.0547423371894781
    },
    "32": {
        "cmph": 0.01258410447651179,
        "cmps": 0.045222795495518296
    },
    "33": {
        "cmph": 0.010604423955936956,
        "cmps": 0.05151175115307986
    },
    "34": {
        "cmph": 0.016157999918756726,
        "cmps": 0.019642399911569748
    },
    "final": {
        "OverThreshold": 0,
        "Ratio": 0,
        "Frame": 34
    }
}