{
    "1": {
        "cmph": 0.01571702288530294,
        "cmps": 0.0878677875718177
    },
    "2": {
        "cmph": 0.015943106172851114,
        "cmps": 0.009014848909611912
    },
    "3": {
        "cmph": 0.014994815320641059,
        "cmps": 0.005922909285319214
    },
    "4": {
        "cmph": 0.007177302576303651,
        "cmps": 0.011397061222929064
    },
    "5": {
        "cmph": 0.004432345760947706,
        "cmps": 0.015141944112122394
    },
    "6": {
        "cmph": 0.006714547109122404,
        "cmps": 0.018434661037034318
    },
    "7": {
        "cmph": 0.01058831223417275,
        "cmps": 0.016454831500319865
    },
    "8": {
        "cmph": 0.016838952740087995,
        "cmps": 0.012672997506366239
    },
    "9": {
        "cmph": 0.015766628070532536,
        "cmps": 0.008197172924792056
    },
    "10": {
        "cmph": 0.015404514192424537,
        "cmps": 0.028876022906012384
    },
    "11": {
        "cmph": 0.013528129746789281,
        "cmps": 0.01982878969716304
    },
    "12": {
        "cmph": 0.010269428139934648,
        "cmps": 0.02341708925499411
    },
    "13": {
        "cmph": 0.011300427158521071,
        "cmps": 0.03794010663816967
    },
    "14": {
        "cmph": 0.011027512165058326,
        "cmps": 0.05096966608599575
    },
    "15": {
        "cmph": 0.0072410615031452035,
        "cmps": 0.005840052915943992
    },
    "16": {
        "cmph": 0.011015031440778093,
        "cmps": 0.013497493206561295
    },
    "17": {
        "cmph": 0.05191593514901054,
        "cmps": 0.032984278882229885
    },
    "18": {
        "cmph": 0.04628758647875238,
        "cmps": 0.00189410686757519
    },
    "19": {
        "cmph": 0.06063288036437899,
        "cmps": 0.0284861730310442
    },
    "20": {
        "cmph": 0.10610959618405556,
        "cmps": 0.04197822488320834
    },
    "21": {
        "cmph": 0.09362638315714086,
        "cmps": 0.04622423381434483
    },
    "22": {
        "cmph": 0.11125726628081123,
        "cmps": 0.03709243024712057
    },
    "23": {
        "cmph": 0.09148595964007912,
        "cmps": 0.04012933152890589
    },
    "24": {
        "cmph": 0.03811584084604826,
        "cmps": 0.03542116214615057
    },
    "25": {
        "cmph": 0.03323082919793401,
        "cmps": 0.03635037516334029
    },
    "26": {
        "cmph": 0.03588401087304053,
        "cmps": 0.03878786695296832
    },
    "27": {
        "cmph": 0.04059349834070642,
        "cmps": 0.04072732935087966
    },
    "28": {
        "cmph": 0.0812116589543962,
        "cmps": 0.03441794978766043
    },
    "29": {
        "cmph": 0.057100124716057556,
        "cmps": 0.030374778804684477
    },
    "30": {
        "cmph": 0.09279682098663349,
        "cmps": 0.033029357796290244
    },
    "31": {
        "cmph": 0.01709918669112653,
        "cmps": 0.03983652495155155
    },
    "32": {
        "cmph": 0.02444782346710689,
        "cmps": 0.03642439983189057
    },
    "33": {
        "cmph": 0.013127632414182262,
        "cmps": 0.04015299673314932
    },
    "34": {
        "cmph": 0.022323489951864627,
        "cmps": 0.03963399671103297
    },
    "35": {
        "cmph": 0.04581404967462465,
        "cmps": 0.04585873572600504
    },
    "36": {
        "cmph": 0.052191773711301646,
        "cmps": 0.04880597021835953
    },
    "37": {
        "cmph": 0.1612668729243773,
        "cmps": 0.06507609786444778
    },
    "final": {
        "OverThreshold": 1,
        "Ratio": 2,
        "Frame": 37
    }
}