{
    "1": {
        "cmph": 0.028059374449788167,
        "cmps": 0.014599876671059496
    },
    "2": {
        "cmph": 0.018184401959063515,
        "cmps": 0.036168000881990146
    },
    "3": {
        "cmph": 0.016128123615102824,
        "cmps": 0.04458630515904581
    },
    "4": {
        "cmph": 0.020851265998764718,
        "cmps": 0.08624598539677819
    },
    "5": {
        "cmph": 0.006977730828703024,
        "cmps": 0.21190781984607007
    },
    "6": {
        "cmph": 0.005157247190485473,
        "cmps": 0.19852244071416963
    },
    "7": {
        "cmph": 0.015785832365062372,
        "cmps": 0.36719055670230466
    },
    "8": {
        "cmph": 0.018568016506118952,
        "cmps": 0.4403174064046932
    },
    "9": {
        "cmph": 0.010364001427356202,
        "cmps": 0.34425829238630895
    },
    "10": {
        "cmph": 0.012882835986116736,
        "cmps": 0.4516458659106158
    },
    "11": {
        "cmph": 0.012057175878389009,
        "cmps": 0.4892228699967735
    },
    "12": {
        "cmph": 0.008944824273298858,
        "cmps": 0.4088505184624325
    },
    "13": {
        "cmph": 0.012337025026983008,
        "cmps": 0.4511357434186996
    },
    "final": {
        "OverThreshold": 0,
        "Ratio": 0,
        "Frame": 13
    }
}