{
    "1": {
        "cmph": 0.9718908163494999,
        "cmps": 0.027397466863641383
    },
    "2": {
        "cmph": 0.9732968037741713,
        "cmps": 0.024210954515506884
    },
    "3": {
        "cmph": 0.9733630871866673,
        "cmps": 0.0230322416201319
    },
    "4": {
        "cmph": 0.9388001628314575,
        "cmps": 0.024780035464482104
    },
    "5": {
        "cmph": 0.908536314773726,
        "cmps": 0.023255922430574158
    },
    "6": {
        "cmph": 0.8980020216162184,
        "cmps": 0.022806908128864958
    },
    "7": {
        "cmph": 0.8996780961805558,
        "cmps": 0.021433758920302123
    },
    "8": {
        "cmph": 0.9185692810537212,
        "cmps": 0.02067100526228232
    },
    "9": {
        "cmph": 0.9388317826860996,
        "cmps": 0.021777332779801255
    },
    "10": {
        "cmph": 0.9533572755335509,
        "cmps": 0.01988076660356328
    },
    "11": {
        "cmph": 0.9631061780543125,
        "cmps": 0.01898235727290909
    },
    "12": {
        "cmph": 0.9721948731331811,
        "cmps": 0.01853324175139535
    },
    "13": {
        "cmph": 0.9103190278341091,
        "cmps": 0.019434371633934147
    },
    "14": {
        "cmph": 0.9721434827135951,
        "cmps": 0.016742285527220287
    },
    "15": {
        "cmph": 0.9408917107893614,
        "cmps": 0.020671320854749865
    },
    "16": {
        "cmph": 0.9845735689837073,
        "cmps": 0.025429571191112475
    },
    "17": {
        "cmph": 0.9385003151087458,
        "cmps": 0.027199308918784783
    },
    "18": {
        "cmph": 0.6376848141576924,
        "cmps": 0.023070146920820236
    },
    "19": {
        "cmph": 0.9041775902794319,
        "cmps": 0.029852867838869607
    },
    "20": {
        "cmph": 0.8385392726259855,
        "cmps": 0.03303869605754551
    },
    "21": {
        "cmph": 0.7648087002330434,
        "cmps": 0.03285236569434722
    },
    "22": {
        "cmph": 0.6882973110046029,
        "cmps": 0.03429165304094105
    },
    "23": {
        "cmph": 0.6325337515935989,
        "cmps": 0.02842865282169229
    },
    "24": {
        "cmph": 0.4103084405237312,
        "cmps": 0.022187194665242552
    },
    "25": {
        "cmph": 0.2587660212629809,
        "cmps": 0.022347776521706223
    },
    "26": {
        "cmph": 0.3588966157975777,
        "cmps": 0.020515748168972857
    },
    "27": {
        "cmph": 0.27337008962157516,
        "cmps": 0.023312752147561278
    },
    "28": {
        "cmph": 0.15915143824214087,
        "cmps": 0.018573946766334167
    },
    "29": {
        "cmph": 0.23611235403140876,
        "cmps": 0.018265259963790883
    },
    "30": {
        "cmph": 0.2608465295057618,
        "cmps": 0.018538438715912632
    },
    "31": {
        "cmph": 0.2484700891356205,
        "cmps": 0.021301249877018123
    },
    "32": {
        "cmph": 0.39236023956357857,
        "cmps": 0.018041250152096403
    },
    "33": {
        "cmph": 0.03165011409151211,
        "cmps": 0.014991364755197058
    },
    "34": {
        "cmph": 0.05181890205117374,
        "cmps": 0.013270229087355676
    },
    "35": {
        "cmph": 0.060861740659844156,
        "cmps": 0.016138307406298423
    },
    "36": {
        "cmph": 0.08590042195991536,
        "cmps": 0.007153722995632348
    },
    "final": {
        "OverThreshold": 32,
        "Ratio": 88,
        "Frame": 36
    }
}