{
    "1": {
        "cmph": 1.0,
        "cmps": 0.013751204306008112
    },
    "2": {
        "cmph": 1.0,
        "cmps": 0.012389344937178304
    },
    "3": {
        "cmph": 1.0,
        "cmps": 0.012004205329169848
    },
    "4": {
        "cmph": 0.009909897847160384,
        "cmps": 0.016760538884247524
    },
    "5": {
        "cmph": 0.01477239751306952,
        "cmps": 0.017529995282772538
    },
    "6": {
        "cmph": 1.0,
        "cmps": 0.010569244299793577
    },
    "7": {
        "cmph": 0.028313553035765843,
        "cmps": 0.012836174749415237
    },
    "8": {
        "cmph": 0.02228836795962564,
        "cmps": 0.01839283891627701
    },
    "9": {
        "cmph": 0.024445543089972887,
        "cmps": 0.024824709069772116
    },
    "10": {
        "cmph": 0.013430342770059348,
        "cmps": 0.035151474416580196
    },
    "11": {
        "cmph": 0.07016845225741432,
        "cmps": 0.040313574542999726
    },
    "12": {
        "cmph": 0.02417953654152685,
        "cmps": 0.03474257236532795
    },
    "13": {
        "cmph": 0.026791558158269908,
        "cmps": 0.03980570910586745
    },
    "final": {
        "OverThreshold": 8,
        "Ratio": 61,
        "Frame": 13
    }
}