{
    "1": {
        "cmph": 0.00950758088998106,
        "cmps": 0.20682216633144898
    },
    "2": {
        "cmph": 0.009723478276618175,
        "cmps": 0.2082381480041479
    },
    "3": {
        "cmph": 0.00972700084801658,
        "cmps": 0.1972207157439077
    },
    "4": {
        "cmph": 0.0098863001808856,
        "cmps": 0.19957288893961075
    },
    "5": {
        "cmph": 0.010692693636404769,
        "cmps": 0.21813846013785623
    },
    "6": {
        "cmph": 0.010493650552645555,
        "cmps": 0.24469582889175226
    },
    "7": {
        "cmph": 0.01014171729822629,
        "cmps": 0.2945383904909231
    },
    "8": {
        "cmph": 0.009432873029352976,
        "cmps": 0.32058475557278815
    },
    "9": {
        "cmph": 0.012585499251082929,
        "cmps": 0.3057661211573608
    },
    "10": {
        "cmph": 0.010660082070301224,
        "cmps": 0.25862899840508186
    },
    "11": {
        "cmph": 0.009715222059581708,
        "cmps": 0.28909849306244273
    },
    "12": {
        "cmph": 0.010242671279751533,
        "cmps": 0.30530208656897573
    },
    "13": {
        "cmph": 0.010593456557281505,
        "cmps": 0.30776878566866667
    },
    "14": {
        "cmph": 0.010470674199789205,
        "cmps": 0.34168516461648113
    },
    "15": {
        "cmph": 0.010917595249368176,
        "cmps": 0.31601741382077986
    },
    "16": {
        "cmph": 0.011116608337556287,
        "cmps": 0.32676834454044534
    },
    "17": {
        "cmph": 0.01087586086329371,
        "cmps": 0.2886399268298712
    },
    "18": {
        "cmph": 0.010295854352164938,
        "cmps": 0.2492221936497774
    },
    "19": {
        "cmph": 0.010696097102668197,
        "cmps": 0.2595272158241525
    },
    "20": {
        "cmph": 0.012416434245162858,
        "cmps": 0.3037737113016354
    },
    "21": {
        "cmph": 0.011646171953954896,
        "cmps": 0.28894399952052824
    },
    "22": {
        "cmph": 0.011472233045111795,
        "cmps": 0.2821354847937879
    },
    "23": {
        "cmph": 0.012649184767119839,
        "cmps": 0.3011950617672425
    },
    "24": {
        "cmph": 0.01058595125711593,
        "cmps": 0.26903793769586726
    },
    "25": {
        "cmph": 0.01097778839164521,
        "cmps": 0.2458892926270107
    },
    "26": {
        "cmph": 0.011293386962296537,
        "cmps": 0.23375490742339755
    },
    "27": {
        "cmph": 0.011634411528159657,
        "cmps": 0.2433427812692851
    },
    "28": {
        "cmph": 0.011190877940648561,
        "cmps": 0.23542661026316036
    },
    "29": {
        "cmph": 0.009868105438088135,
        "cmps": 0.17112554981591563
    },
    "30": {
        "cmph": 0.009861995656872851,
        "cmps": 0.18592663619540126
    },
    "31": {
        "cmph": 0.010415483533486031,
        "cmps": 0.1998654687342488
    },
    "32": {
        "cmph": 0.010159183521033207,
        "cmps": 0.16994246936405133
    },
    "33": {
        "cmph": 0.010947387453191215,
        "cmps": 0.16787379036657935
    },
    "34": {
        "cmph": 0.010980816187172155,
        "cmps": 0.2077531369324534
    },
    "35": {
        "cmph": 0.01073588143969643,
        "cmps": 0.21468216891455183
    },
    "36": {
        "cmph": 0.009560715186725563,
        "cmps": 0.2382327812276717
    },
    "37": {
        "cmph": 0.009088134238178091,
        "cmps": 0.3125431671932461
    },
    "38": {
        "cmph": 0.02914149560941718,
        "cmps": 0.5813557536089053
    },
    "39": {
        "cmph": 0.028322227521575826,
        "cmps": 0.5930835949669161
    },
    "40": {
        "cmph": 0.023205087383790093,
        "cmps": 0.09257093272068707
    },
    "final": {
        "OverThreshold": 0,
        "Ratio": 0,
        "Frame": 40
    }
}