{
    "1": {
        "cmph": 0.0175666815774518,
        "cmps": 0.05197236500741652
    },
    "2": {
        "cmph": 0.015968839531511122,
        "cmps": 0.04759218609989155
    },
    "3": {
        "cmph": 0.015541352609641835,
        "cmps": 0.04732713279965684
    },
    "4": {
        "cmph": 0.01587063353158425,
        "cmps": 0.0444600071284315
    },
    "5": {
        "cmph": 0.01613834105773644,
        "cmps": 0.039710543635285846
    },
    "6": {
        "cmph": 0.016125342178329397,
        "cmps": 0.04404654739944545
    },
    "final": {
        "OverThreshold": 0,
        "Ratio": 0,
        "Frame": 6
    }
}