{
    "1": {
        "cmph": 0.01078530678773822,
        "cmps": 0.04138427753006239
    },
    "2": {
        "cmph": 0.001465825375474197,
        "cmps": 0.022990298004596205
    },
    "3": {
        "cmph": 0.013667556609832215,
        "cmps": 0.041262352053533895
    },
    "4": {
        "cmph": 0.05220887904525167,
        "cmps": 0.0214136839605852
    },
    "5": {
        "cmph": 0.02958071038957955,
        "cmps": 0.004142083902352941
    },
    "6": {
        "cmph": 0.018237864405371902,
        "cmps": 0.058065480091063854
    },
    "7": {
        "cmph": 0.027045730122495473,
        "cmps": 0.12853521434375367
    },
    "8": {
        "cmph": 0.01768871965070806,
        "cmps": 0.11923448116266175
    },
    "9": {
        "cmph": 0.016506265657496036,
        "cmps": 0.001253501034565594
    },
    "10": {
        "cmph": 0.02348827864066195,
        "cmps": 0.10623066003216573
    },
    "11": {
        "cmph": 0.024723279820866455,
        "cmps": 0.07238668836825574
    },
    "12": {
        "cmph": 0.0230159775704269,
        "cmps": 0.0602009855589674
    },
    "13": {
        "cmph": 0.019878876592533814,
        "cmps": 0.039896434686924866
    },
    "final": {
        "OverThreshold": 0,
        "Ratio": 0,
        "Frame": 13
    }
}