{
    "1": {
        "cmph": 0.013852448303803515,
        "cmps": 0.04145402163894644
    },
    "2": {
        "cmph": 0.014168691639037336,
        "cmps": 0.02545319344168319
    },
    "3": {
        "cmph": 0.017348208924297517,
        "cmps": 0.027954876314293744
    },
    "4": {
        "cmph": 0.021254169955203135,
        "cmps": 0.02584986911023963
    },
    "5": {
        "cmph": 0.0318294977499087,
        "cmps": 0.0346541942862569
    },
    "6": {
        "cmph": 0.035276567767015994,
        "cmps": 0.03570768365240826
    },
    "7": {
        "cmph": 0.029584168769972337,
        "cmps": 0.05664689475019397
    },
    "8": {
        "cmph": 0.03339730759630495,
        "cmps": 0.06445112382900195
    },
    "9": {
        "cmph": 0.028502690311080228,
        "cmps": 0.04331583088245845
    },
    "10": {
        "cmph": 0.028375824061324016,
        "cmps": 0.032145774313354754
    },
    "11": {
        "cmph": 0.031213189512440825,
        "cmps": 0.039948942377398634
    },
    "12": {
        "cmph": 0.02873796114292885,
        "cmps": 0.05413773028865016
    },
    "13": {
        "cmph": 0.029340869305023314,
        "cmps": 0.09137540114313565
    },
    "final": {
        "OverThreshold": 0,
        "Ratio": 0,
        "Frame": 13
    }
}