{
    "1": {
        "cmph": 0.16222829629747132,
        "cmps": 0.02202944322014402
    },
    "2": {
        "cmph": 0.1707840000832478,
        "cmps": 0.024041745850279538
    },
    "3": {
        "cmph": 0.15077339506105011,
        "cmps": 0.02846115060274191
    },
    "4": {
        "cmph": 0.13481693197472094,
        "cmps": 0.028182094076145598
    },
    "5": {
        "cmph": 0.1416912107472369,
        "cmps": 0.029759230150504898
    },
    "6": {
        "cmph": 0.13100969358939427,
        "cmps": 0.03179224715830385
    },
    "7": {
        "cmph": 0.15642439356490023,
        "cmps": 0.02722835467055751
    },
    "8": {
        "cmph": 0.16727492394197097,
        "cmps": 0.026253154257088802
    },
    "9": {
        "cmph": 0.20008796111058189,
        "cmps": 0.028005629425059745
    },
    "10": {
        "cmph": 0.05763899390902124,
        "cmps": 0.027386153019556922
    },
    "11": {
        "cmph": 0.16866246847708044,
        "cmps": 0.03062145293912379
    },
    "12": {
        "cmph": 0.37425316780661166,
        "cmps": 0.030622615091525467
    },
    "13": {
        "cmph": 0.4846918323725571,
        "cmps": 0.029994758827062484
    },
    "14": {
        "cmph": 0.8816991271670522,
        "cmps": 0.023500363150773196
    },
    "15": {
        "cmph": 0.8083017478213727,
        "cmps": 0.025837414729700296
    },
    "16": {
        "cmph": 0.8432584392484712,
        "cmps": 0.02479253598113251
    },
    "17": {
        "cmph": 0.8142716754239401,
        "cmps": 0.029467854476893932
    },
    "18": {
        "cmph": 0.738156067380976,
        "cmps": 0.02746390770852781
    },
    "19": {
        "cmph": 0.5746988593101958,
        "cmps": 0.030104315244508073
    },
    "20": {
        "cmph": 0.6369768000030964,
        "cmps": 0.03086171203573668
    },
    "21": {
        "cmph": 0.6613165324633213,
        "cmps": 0.03138530342634529
    },
    "final": {
        "OverThreshold": 17,
        "Ratio": 80,
        "Frame": 21
    }
}