{
    "1": {
        "cmph": 0.015166266078302964,
        "cmps": 0.45100566005056764
    },
    "2": {
        "cmph": 0.019241565503429096,
        "cmps": 0.27190500215023705
    },
    "3": {
        "cmph": 0.01905599640825871,
        "cmps": 0.32776409198065143
    },
    "4": {
        "cmph": 0.01874834912825063,
        "cmps": 0.2525388759380358
    },
    "5": {
        "cmph": 0.016583307513767048,
        "cmps": 0.23033511114633703
    },
    "6": {
        "cmph": 0.017113324786386053,
        "cmps": 0.21306108775497484
    },
    "7": {
        "cmph": 0.01658442664796427,
        "cmps": 0.1850706824726532
    },
    "8": {
        "cmph": 0.015498222391144298,
        "cmps": 0.23246467504906684
    },
    "9": {
        "cmph": 0.015110836418692528,
        "cmps": 0.22595324148211232
    },
    "10": {
        "cmph": 0.013891793053685306,
        "cmps": 0.19138908905200502
    },
    "11": {
        "cmph": 0.014181164147407624,
        "cmps": 0.15251174404791337
    },
    "12": {
        "cmph": 0.01413579807712415,
        "cmps": 0.16298900993662743
    },
    "13": {
        "cmph": 0.014513323547358487,
        "cmps": 0.16946720143480787
    },
    "14": {
        "cmph": 0.013020534190442702,
        "cmps": 0.13072462156747638
    },
    "15": {
        "cmph": 0.014917240937463074,
        "cmps": 0.16320731146235762
    },
    "16": {
        "cmph": 0.013688436831902405,
        "cmps": 0.15610605187319954
    },
    "17": {
        "cmph": 0.01227960496548452,
        "cmps": 0.15036749791194018
    },
    "18": {
        "cmph": 0.011516947912193992,
        "cmps": 0.14714009978031337
    },
    "19": {
        "cmph": 0.011946216977037145,
        "cmps": 0.1484032763200029
    },
    "20": {
        "cmph": 0.012022392640927375,
        "cmps": 0.1322882238733731
    },
    "21": {
        "cmph": 0.012088530737633153,
        "cmps": 0.14095686680091793
    },
    "22": {
        "cmph": 0.012863881159436322,
        "cmps": 0.14812521161333866
    },
    "23": {
        "cmph": 0.011548438646518272,
        "cmps": 0.12006607120972444
    },
    "24": {
        "cmph": 0.00994137535760769,
        "cmps": 0.07773882229310933
    },
    "25": {
        "cmph": 0.010702661813347815,
        "cmps": 0.06404100732063255
    },
    "26": {
        "cmph": 0.010435709112315526,
        "cmps": 0.0796691664249882
    },
    "27": {
        "cmph": 0.010741045404143255,
        "cmps": 0.05549325857801331
    },
    "28": {
        "cmph": 0.011298689018482317,
        "cmps": 0.15020011331237182
    },
    "29": {
        "cmph": 0.010651533781591739,
        "cmps": 0.12185142742162096
    },
    "30": {
        "cmph": 0.010567714128720061,
        "cmps": 0.12297119164567578
    },
    "31": {
        "cmph": 0.011183392861157887,
        "cmps": 0.08235320995374204
    },
    "32": {
        "cmph": 0.010863625437140765,
        "cmps": 0.07600388685280986
    },
    "33": {
        "cmph": 0.011222593829972677,
        "cmps": 0.08229583615194647
    },
    "34": {
        "cmph": 0.011140437531802857,
        "cmps": 0.10547033984736452
    },
    "35": {
        "cmph": 0.011334533243194974,
        "cmps": 0.115158623943381
    },
    "36": {
        "cmph": 0.008960205812306717,
        "cmps": 0.1063508181387897
    },
    "37": {
        "cmph": 0.0024103781768302834,
        "cmps": 0.13282021507441225
    },
    "38": {
        "cmph": 0.03346834280478804,
        "cmps": 0.25858310431454734
    },
    "39": {
        "cmph": 0.03099086107412052,
        "cmps": 0.25128552039062557
    },
    "40": {
        "cmph": 0.025671755693329797,
        "cmps": 0.06300749089555527
    },
    "final": {
        "OverThreshold": 0,
        "Ratio": 0,
        "Frame": 40
    }
}