{
    "1": {
        "cmph": 0.005252762788912495,
        "cmps": 0.0283099534106249
    },
    "2": {
        "cmph": 0.0037104399450328166,
        "cmps": 0.018760319409377443
    },
    "3": {
        "cmph": 0.01192244659887495,
        "cmps": 0.02705022907987084
    },
    "4": {
        "cmph": 0.010518793666970038,
        "cmps": 0.03193388333311434
    },
    "5": {
        "cmph": 0.021012877604907176,
        "cmps": 0.03035735604287836
    },
    "6": {
        "cmph": 0.01882481287313523,
        "cmps": 0.031322454304434456
    },
    "7": {
        "cmph": 0.006403415661747186,
        "cmps": 0.04565143929364832
    },
    "8": {
        "cmph": 0.02251833707050936,
        "cmps": 0.056556724424797526
    },
    "9": {
        "cmph": 0.005010765126631929,
        "cmps": 0.03646575252312046
    },
    "10": {
        "cmph": 0.017503178718777792,
        "cmps": 0.019744866308512545
    },
    "11": {
        "cmph": 0.02888585147494309,
        "cmps": 0.020500609047160466
    },
    "12": {
        "cmph": 0.027525248496469555,
        "cmps": 0.015360883245167673
    },
    "13": {
        "cmph": 0.01765495523315034,
        "cmps": 0.041684100633547265
    },
    "final": {
        "OverThreshold": 0,
        "Ratio": 0,
        "Frame": 13
    }
}