{
    "1": {
        "cmph": 0.009256558256628836,
        "cmps": 0.028047512093423335
    },
    "2": {
        "cmph": 0.009168618556263646,
        "cmps": 0.024177122953020967
    },
    "3": {
        "cmph": 0.009596205171299409,
        "cmps": 0.03321823309851961
    },
    "4": {
        "cmph": 0.009369757055027978,
        "cmps": 0.03316181723689332
    },
    "5": {
        "cmph": 0.012950143337134835,
        "cmps": 0.02824509941401365
    },
    "6": {
        "cmph": 0.013327221718731958,
        "cmps": 0.023896490403818357
    },
    "7": {
        "cmph": 0.005465014819410238,
        "cmps": 0.025486520758303967
    },
    "8": {
        "cmph": 0.009165265538866367,
        "cmps": 0.029336420429015988
    },
    "9": {
        "cmph": 0.008962786699466043,
        "cmps": 0.02339491954959862
    },
    "10": {
        "cmph": 0.011480320292234225,
        "cmps": 0.028498316697798017
    },
    "11": {
        "cmph": 0.0031995831964057135,
        "cmps": 0.02906098378437345
    },
    "12": {
        "cmph": 0.0011483361839829034,
        "cmps": 0.027688017830301816
    },
    "13": {
        "cmph": 0.0020224733651896458,
        "cmps": 0.030797821431228004
    },
    "final": {
        "OverThreshold": 0,
        "Ratio": 0,
        "Frame": 13
    }
}