{
    "1": {
        "cmph": 0.9767449706419647,
        "cmps": 0.9378634867245357
    },
    "2": {
        "cmph": 0.9942003903351233,
        "cmps": 0.9523668783977576
    },
    "3": {
        "cmph": 0.9914700286949231,
        "cmps": 0.8234593148817901
    },
    "4": {
        "cmph": 0.993568510003413,
        "cmps": 0.7411848374489418
    },
    "5": {
        "cmph": 0.9848620458037121,
        "cmps": 0.6556098823292046
    },
    "6": {
        "cmph": 0.99655805407391,
        "cmps": 0.6682996701421065
    },
    "7": {
        "cmph": 0.9961622077588766,
        "cmps": 0.6915292866988025
    },
    "8": {
        "cmph": 0.998745572041677,
        "cmps": 0.7551071928804892
    },
    "9": {
        "cmph": 0.9899420758941252,
        "cmps": 0.5391261356142023
    },
    "10": {
        "cmph": 0.9759107184882291,
        "cmps": 0.7314151532431304
    },
    "11": {
        "cmph": 0.9756952742861731,
        "cmps": 0.7477336757756391
    },
    "12": {
        "cmph": 0.9644725520926234,
        "cmps": 0.7804275592120538
    },
    "13": {
        "cmph": 0.9680651225969378,
        "cmps": 0.8194308474178807
    },
    "14": {
        "cmph": 0.9880514286889067,
        "cmps": 0.8403693917612818
    },
    "15": {
        "cmph": 0.9745253876121289,
        "cmps": 0.8571363250101988
    },
    "16": {
        "cmph": 0.9760789935336138,
        "cmps": 0.9010224652616141
    },
    "17": {
        "cmph": 0.9903598650038761,
        "cmps": 0.9123461770547141
    },
    "18": {
        "cmph": 0.9874036451930356,
        "cmps": 0.9166350018859916
    },
    "19": {
        "cmph": 0.9867466663918938,
        "cmps": 0.9004036695344456
    },
    "20": {
        "cmph": 0.9843374681849157,
        "cmps": 0.9153563029104158
    },
    "21": {
        "cmph": 0.9883667450954913,
        "cmps": 0.9183485430475135
    },
    "22": {
        "cmph": 0.9879256802387447,
        "cmps": 0.9536062119800288
    },
    "23": {
        "cmph": 0.9879432155817311,
        "cmps": 0.948079008948666
    },
    "24": {
        "cmph": 0.9917258000487175,
        "cmps": 0.9482363198411358
    },
    "25": {
        "cmph": 0.993841794865774,
        "cmps": 0.9542643122210778
    },
    "26": {
        "cmph": 0.9876928164104819,
        "cmps": 0.9545688865533989
    },
    "27": {
        "cmph": 0.9901433378178199,
        "cmps": 0.9486034887746231
    },
    "28": {
        "cmph": 0.9944377100796085,
        "cmps": 0.9567145844594224
    },
    "29": {
        "cmph": 0.7214541195998585,
        "cmps": 0.8688025957768711
    },
    "30": {
        "cmph": 0.5098271546980915,
        "cmps": 0.7985023125430442
    },
    "31": {
        "cmph": 0.4827388375675675,
        "cmps": 0.7633313933689175
    },
    "32": {
        "cmph": 0.5100854312977375,
        "cmps": 0.7533736899841162
    },
    "33": {
        "cmph": 0.5597933061341326,
        "cmps": 0.7346719853299127
    },
    "34": {
        "cmph": 0.5944171875162765,
        "cmps": 0.6687792197908814
    },
    "35": {
        "cmph": 0.6944223193978344,
        "cmps": 0.75374898839735
    },
    "36": {
        "cmph": 0.6974038454053474,
        "cmps": 0.748925432014654
    },
    "37": {
        "cmph": 0.7289080183725936,
        "cmps": 0.7659093556413543
    },
    "38": {
        "cmph": 0.7039420304482081,
        "cmps": 0.7571291740080056
    },
    "39": {
        "cmph": 0.7337809960327393,
        "cmps": 0.7453051714437788
    },
    "40": {
        "cmph": 0.6810599370766695,
        "cmps": 0.7808561878539746
    },
    "41": {
        "cmph": 0.6819452211613882,
        "cmps": 0.7579840712676615
    },
    "42": {
        "cmph": 0.7074242831556465,
        "cmps": 0.7423697799951602
    },
    "43": {
        "cmph": 0.7387831142650706,
        "cmps": 0.7128671587406347
    },
    "44": {
        "cmph": 0.7451284338865694,
        "cmps": 0.7389915148693967
    },
    "45": {
        "cmph": 0.7320604353723792,
        "cmps": 0.7551107925672818
    },
    "final": {
        "OverThreshold": 45,
        "Ratio": 100,
        "Frame": 45
    }
}