{
    "1": {
        "cmph": 0.024625039164723285,
        "cmps": 0.031829848593492076
    },
    "2": {
        "cmph": 0.02809313619911849,
        "cmps": 0.02191291566897369
    },
    "3": {
        "cmph": 0.025806525580534322,
        "cmps": 0.0393070965794769
    },
    "4": {
        "cmph": 0.020387087138622608,
        "cmps": 0.033990875800138314
    },
    "5": {
        "cmph": 0.019752875785744434,
        "cmps": 0.024009842102027258
    },
    "6": {
        "cmph": 0.018082228430558872,
        "cmps": 0.052417799142187575
    },
    "7": {
        "cmph": 0.019298448553711656,
        "cmps": 0.04893086406746311
    },
    "8": {
        "cmph": 0.020482781835103128,
        "cmps": 0.028900887564408163
    },
    "9": {
        "cmph": 0.021004155272655242,
        "cmps": 0.005689450218548898
    },
    "10": {
        "cmph": 0.020811599235780142,
        "cmps": 0.007480326825929784
    },
    "11": {
        "cmph": 0.020396347917333756,
        "cmps": 0.004103217225476922
    },
    "12": {
        "cmph": 0.018739045365356227,
        "cmps": 0.028172315276635846
    },
    "final": {
        "OverThreshold": 0,
        "Ratio": 0,
        "Frame": 12
    }
}