{
    "1": {
        "cmph": 0.019788957473120792,
        "cmps": 0.05532067846052353
    },
    "2": {
        "cmph": 0.003359461340488212,
        "cmps": 0.05487967700648405
    },
    "3": {
        "cmph": 0.009475343394966387,
        "cmps": 0.058395053380727216
    },
    "4": {
        "cmph": 0.011999351406736329,
        "cmps": 0.05133339536668009
    },
    "5": {
        "cmph": 0.020052164725143304,
        "cmps": 0.041765976064435474
    },
    "6": {
        "cmph": 0.01946923618211796,
        "cmps": 0.03988558584651337
    },
    "7": {
        "cmph": 0.025017415227555437,
        "cmps": 0.034970738247011544
    },
    "8": {
        "cmph": 0.019453382495253035,
        "cmps": 0.03943690118430429
    },
    "9": {
        "cmph": 0.009734944358163541,
        "cmps": 0.03847106500219626
    },
    "10": {
        "cmph": 0.010345482076963649,
        "cmps": 0.04098669510194662
    },
    "11": {
        "cmph": 0.01030665119714647,
        "cmps": 0.038938803117965326
    },
    "12": {
        "cmph": 0.010929067533752517,
        "cmps": 0.0488058583363196
    },
    "13": {
        "cmph": 0.011353522754104972,
        "cmps": 0.05072645768670238
    },
    "14": {
        "cmph": 0.010737629656805836,
        "cmps": 0.04921351034535637
    },
    "15": {
        "cmph": 0.011295054983819846,
        "cmps": 0.049994002989958604
    },
    "16": {
        "cmph": 0.00878065706524624,
        "cmps": 0.05149421795429081
    },
    "17": {
        "cmph": 0.009213197936383515,
        "cmps": 0.05444740767069115
    },
    "18": {
        "cmph": 0.00990740183377539,
        "cmps": 0.061884222073603064
    },
    "19": {
        "cmph": 0.0014449305388736485,
        "cmps": 0.0515953773885467
    },
    "20": {
        "cmph": 0.006907376391573663,
        "cmps": 0.05591087053591029
    },
    "21": {
        "cmph": 0.0059762973859961615,
        "cmps": 0.05440726860708903
    },
    "22": {
        "cmph": 0.004310047707921782,
        "cmps": 0.054784690608063284
    },
    "23": {
        "cmph": 0.0043026186691289,
        "cmps": 0.05912846201490922
    },
    "24": {
        "cmph": 0.009584036041516747,
        "cmps": 0.07910001169320814
    },
    "25": {
        "cmph": 0.008088572513225475,
        "cmps": 0.08919390780867979
    },
    "26": {
        "cmph": 0.008809597144169451,
        "cmps": 0.1008740309804221
    },
    "27": {
        "cmph": 0.021262035714086188,
        "cmps": 0.09269346687628428
    },
    "28": {
        "cmph": 0.014023326939104259,
        "cmps": 0.0720659862465533
    },
    "29": {
        "cmph": 0.014272227824944654,
        "cmps": 0.07252490767193483
    },
    "30": {
        "cmph": 0.018767066943211536,
        "cmps": 0.0776663087188917
    },
    "31": {
        "cmph": 1.0,
        "cmps": 0.0683833120327755
    },
    "32": {
        "cmph": 0.02121590243651509,
        "cmps": 0.07729717979720521
    },
    "33": {
        "cmph": 0.009629216835198995,
        "cmps": 0.07745025309184078
    },
    "34": {
        "cmph": 0.019604013858722246,
        "cmps": 0.0823046524690507
    },
    "35": {
        "cmph": 0.030927518719776836,
        "cmps": 0.08215057951088217
    },
    "36": {
        "cmph": 1.0,
        "cmps": 0.06838631828768013
    },
    "37": {
        "cmph": 1.0,
        "cmps": 0.06199855573140834
    },
    "38": {
        "cmph": 1.0,
        "cmps": 0.07046217530193022
    },
    "39": {
        "cmph": 1.0,
        "cmps": 0.06601702811397357
    },
    "40": {
        "cmph": 1.0,
        "cmps": 0.06442116318755803
    },
    "41": {
        "cmph": 1.0,
        "cmps": 0.0634865015981942
    },
    "42": {
        "cmph": 1.0,
        "cmps": 0.06379239278273854
    },
    "43": {
        "cmph": 1.0,
        "cmps": 0.06444446386702926
    },
    "44": {
        "cmph": 1.0,
        "cmps": 0.06677459401847259
    },
    "45": {
        "cmph": 1.0,
        "cmps": 0.06572057603770545
    },
    "final": {
        "OverThreshold": 5,
        "Ratio": 11,
        "Frame": 45
    }
}