{
    "1": {
        "cmph": 0.022134888185693063,
        "cmps": 0.08574956390857169
    },
    "2": {
        "cmph": 0.019571955152576533,
        "cmps": 0.07665404717805706
    },
    "3": {
        "cmph": 0.018470972020329213,
        "cmps": 0.06689551076854171
    },
    "4": {
        "cmph": 0.01848049517314453,
        "cmps": 0.06904480344142394
    },
    "5": {
        "cmph": 0.017989305430907526,
        "cmps": 0.0690595752912541
    },
    "6": {
        "cmph": 0.016116813078561675,
        "cmps": 0.07672416783139847
    },
    "final": {
        "OverThreshold": 0,
        "Ratio": 0,
        "Frame": 6
    }
}