{
    "1": {
        "cmph": 0.9261336479771757,
        "cmps": 0.7039534322058013
    },
    "2": {
        "cmph": 0.966504971279813,
        "cmps": 0.7079223354146522
    },
    "3": {
        "cmph": 0.9843710094149103,
        "cmps": 0.684977079847107
    },
    "4": {
        "cmph": 0.9790212104987218,
        "cmps": 0.6264972776543947
    },
    "5": {
        "cmph": 0.9817109339146245,
        "cmps": 0.6547427764367835
    },
    "6": {
        "cmph": 0.9835876037157696,
        "cmps": 0.6402843085789582
    },
    "7": {
        "cmph": 0.9880620776389972,
        "cmps": 0.6048027358561794
    },
    "8": {
        "cmph": 0.9942355154598045,
        "cmps": 0.5976664336973961
    },
    "9": {
        "cmph": 0.969518770561783,
        "cmps": 0.7057686133522109
    },
    "10": {
        "cmph": 0.9585289586018967,
        "cmps": 0.7527057270490296
    },
    "11": {
        "cmph": 0.9748158480513804,
        "cmps": 0.8500194753952008
    },
    "final": {
        "OverThreshold": 11,
        "Ratio": 100,
        "Frame": 11
    }
}