{
    "1": {
        "cmph": 0.45565135808698737,
        "cmps": 0.09807681247969613
    },
    "2": {
        "cmph": 0.5456100436539267,
        "cmps": 0.10133000250871749
    },
    "3": {
        "cmph": 0.6412617768245011,
        "cmps": 0.10041915691659269
    },
    "4": {
        "cmph": 0.7160290867805595,
        "cmps": 0.08810018198664804
    },
    "5": {
        "cmph": 0.7493897727111452,
        "cmps": 0.07919927502032423
    },
    "6": {
        "cmph": 0.7883673490352405,
        "cmps": 0.07919375065969146
    },
    "7": {
        "cmph": 0.7703914168095216,
        "cmps": 0.08170153797689876
    },
    "8": {
        "cmph": 0.7742918308017831,
        "cmps": 0.07860057647936367
    },
    "9": {
        "cmph": 0.7566705737695989,
        "cmps": 0.08574203622955955
    },
    "10": {
        "cmph": 0.7391848015712922,
        "cmps": 0.0878325936465458
    },
    "11": {
        "cmph": 0.862095492716041,
        "cmps": 0.08235321992638764
    },
    "12": {
        "cmph": 0.8078616316466978,
        "cmps": 0.07799078700036007
    },
    "final": {
        "OverThreshold": 12,
        "Ratio": 100,
        "Frame": 12
    }
}