{
    "1": {
        "cmph": 0.18657366807118989,
        "cmps": 0.12280295592522171
    },
    "2": {
        "cmph": 0.18545917781987278,
        "cmps": 0.09463849604010681
    },
    "3": {
        "cmph": 0.15029436750403125,
        "cmps": 0.09603360307078988
    },
    "4": {
        "cmph": 0.13192874649511216,
        "cmps": 0.0899668871814453
    },
    "5": {
        "cmph": 0.0721316841041738,
        "cmps": 0.05340894433710271
    },
    "6": {
        "cmph": 0.044010215654564436,
        "cmps": 0.03141339307973853
    },
    "7": {
        "cmph": 0.03965584110228788,
        "cmps": 0.05067013844349526
    },
    "8": {
        "cmph": 0.016441004272911047,
        "cmps": 0.06371318533307141
    },
    "9": {
        "cmph": 0.023654854582067477,
        "cmps": 0.07918696754004681
    },
    "10": {
        "cmph": 0.013785790983558928,
        "cmps": 0.06431173682287578
    },
    "11": {
        "cmph": 0.003503790938927192,
        "cmps": 0.06816854462155308
    },
    "final": {
        "OverThreshold": 2,
        "Ratio": 18,
        "Frame": 11
    }
}