{
    "1": {
        "cmph": 0.0237069829926353,
        "cmps": 0.07974890127755103
    },
    "2": {
        "cmph": 0.022468588938056238,
        "cmps": 0.07716656492725567
    },
    "3": {
        "cmph": 0.021192663012376184,
        "cmps": 0.08249005321085921
    },
    "4": {
        "cmph": 0.02029343576139552,
        "cmps": 0.07546538902857299
    },
    "5": {
        "cmph": 0.021246465388187624,
        "cmps": 0.0800176476503369
    },
    "6": {
        "cmph": 0.020667539527178005,
        "cmps": 0.0744826609152828
    },
    "7": {
        "cmph": 0.020546455018141143,
        "cmps": 0.07567652734982117
    },
    "8": {
        "cmph": 0.019911673107740762,
        "cmps": 0.07315011725925719
    },
    "9": {
        "cmph": 0.02087505151103508,
        "cmps": 0.07358080887371407
    },
    "10": {
        "cmph": 0.021082235950005218,
        "cmps": 0.07930494912538602
    },
    "11": {
        "cmph": 0.018685235564005438,
        "cmps": 0.07720936921637687
    },
    "final": {
        "OverThreshold": 0,
        "Ratio": 0,
        "Frame": 11
    }
}