{
    "1": {
        "cmph": 0.028016783185490796,
        "cmps": 0.08781276156629268
    },
    "2": {
        "cmph": 0.02927661372900276,
        "cmps": 0.07549974105792147
    },
    "3": {
        "cmph": 0.02963141720890623,
        "cmps": 0.08570256635705453
    },
    "4": {
        "cmph": 0.025442897587447933,
        "cmps": 0.06319778482939548
    },
    "5": {
        "cmph": 0.02500505343757273,
        "cmps": 0.06239697939529556
    },
    "6": {
        "cmph": 0.025428100590125922,
        "cmps": 0.057649771971424596
    },
    "7": {
        "cmph": 0.025514577076046496,
        "cmps": 0.06116977203471529
    },
    "8": {
        "cmph": 0.025087995482583433,
        "cmps": 0.06340671622657912
    },
    "9": {
        "cmph": 0.025429089343628395,
        "cmps": 0.05643075094101306
    },
    "10": {
        "cmph": 0.026318571049065344,
        "cmps": 0.057435962508730565
    },
    "11": {
        "cmph": 0.023359310136463984,
        "cmps": 0.09327349499198209
    },
    "12": {
        "cmph": 0.021410439491654484,
        "cmps": 0.08799796280008816
    },
    "final": {
        "OverThreshold": 0,
        "Ratio": 0,
        "Frame": 12
    }
}