{
    "1": {
        "cmph": 0.005689375520264987,
        "cmps": 0.31412326365925847
    },
    "2": {
        "cmph": 0.005565861713095684,
        "cmps": 0.3610364347847704
    },
    "3": {
        "cmph": 0.005629916662374223,
        "cmps": 0.2767418779348956
    },
    "4": {
        "cmph": 0.06001239122098768,
        "cmps": 0.46980735217366987
    },
    "5": {
        "cmph": 0.06666784416101539,
        "cmps": 0.48818544797031393
    },
    "6": {
        "cmph": 0.07894682359622321,
        "cmps": 0.4750303548832952
    },
    "7": {
        "cmph": 0.08223389276786738,
        "cmps": 0.46896016696773113
    },
    "8": {
        "cmph": 0.08087361506988784,
        "cmps": 0.4963350117872485
    },
    "9": {
        "cmph": 0.07984284867483976,
        "cmps": 0.2701703282599719
    },
    "10": {
        "cmph": 0.07222687764832816,
        "cmps": 0.25688050278324087
    },
    "11": {
        "cmph": 0.09234954733091841,
        "cmps": 0.26352462739964355
    },
    "12": {
        "cmph": 0.09589073956170625,
        "cmps": 0.279442997879883
    },
    "13": {
        "cmph": 0.09643845551307613,
        "cmps": 0.2984196435038198
    },
    "14": {
        "cmph": 0.07045574643941989,
        "cmps": 0.22462405358432763
    },
    "15": {
        "cmph": 0.11581640805001445,
        "cmps": 0.3072392171787121
    },
    "16": {
        "cmph": 0.07142461799052194,
        "cmps": 0.2806791660450744
    },
    "17": {
        "cmph": 0.07505296759446466,
        "cmps": 0.29753706451132816
    },
    "18": {
        "cmph": 0.07936019171157563,
        "cmps": 0.30630905169941053
    },
    "19": {
        "cmph": 0.07783564859416991,
        "cmps": 0.36948152919440397
    },
    "20": {
        "cmph": 0.1290715075639884,
        "cmps": 0.29733217283993507
    },
    "21": {
        "cmph": 0.11103778885091657,
        "cmps": 0.3048343188049349
    },
    "22": {
        "cmph": 0.13614950968124478,
        "cmps": 0.30349452337847993
    },
    "23": {
        "cmph": 0.10480766839350925,
        "cmps": 0.3252474103493766
    },
    "24": {
        "cmph": 0.044101365235563766,
        "cmps": 0.25447115612575627
    },
    "25": {
        "cmph": 0.038538063049409335,
        "cmps": 0.24284776545898354
    },
    "26": {
        "cmph": 0.047742137918543134,
        "cmps": 0.2046080676791457
    },
    "27": {
        "cmph": 0.050658657198282026,
        "cmps": 0.2117900989494378
    },
    "28": {
        "cmph": 0.0967837375872862,
        "cmps": 0.10994976547510055
    },
    "29": {
        "cmph": 0.031046297837837956,
        "cmps": 0.08386742450763976
    },
    "30": {
        "cmph": 0.057274265553447896,
        "cmps": 0.04592257827071547
    },
    "31": {
        "cmph": 0.009748034154441263,
        "cmps": 0.1066694636099665
    },
    "32": {
        "cmph": 0.01409243264886106,
        "cmps": 0.0959609294553417
    },
    "33": {
        "cmph": 0.0037339190508115625,
        "cmps": 0.12843812510597533
    },
    "34": {
        "cmph": 0.01190740547317801,
        "cmps": 0.11629863236137822
    },
    "35": {
        "cmph": 0.02134970719820091,
        "cmps": 0.11641529474177367
    },
    "36": {
        "cmph": 0.019100255338984608,
        "cmps": 0.13709482238748313
    },
    "37": {
        "cmph": 0.08034765048759797,
        "cmps": 0.10572333548355006
    },
    "38": {
        "cmph": 0.003057043483117798,
        "cmps": 0.6359602876938237
    },
    "39": {
        "cmph": 0.0015656788364516831,
        "cmps": 0.5861680903311111
    },
    "40": {
        "cmph": 0.02437495496440359,
        "cmps": 0.47723464824099
    },
    "final": {
        "OverThreshold": 4,
        "Ratio": 10,
        "Frame": 40
    }
}