{
    "1": {
        "cmph": 0.5531098049446649,
        "cmps": 0.10234783413136202
    },
    "2": {
        "cmph": 0.6025008583604019,
        "cmps": 0.09561093510305141
    },
    "3": {
        "cmph": 0.6447641925504743,
        "cmps": 0.08929515131526351
    },
    "4": {
        "cmph": 0.6575447517507967,
        "cmps": 0.08919237790672657
    },
    "5": {
        "cmph": 0.6848012508611283,
        "cmps": 0.08140307050074581
    },
    "6": {
        "cmph": 0.72327641748079,
        "cmps": 0.08015211854098563
    },
    "7": {
        "cmph": 0.7065635080264591,
        "cmps": 0.0851244026414367
    },
    "8": {
        "cmph": 0.7724524025950711,
        "cmps": 0.07673505636589109
    },
    "9": {
        "cmph": 0.7943310383258635,
        "cmps": 0.0770183632321894
    },
    "10": {
        "cmph": 0.7861847656302012,
        "cmps": 0.07819246045901079
    },
    "11": {
        "cmph": 0.8433148625503439,
        "cmps": 0.076775147960742
    },
    "final": {
        "OverThreshold": 11,
        "Ratio": 100,
        "Frame": 11
    }
}