{
    "1": {
        "cmph": 0.7827723871648797,
        "cmps": 0.752261719813447
    },
    "2": {
        "cmph": 0.7970898312684409,
        "cmps": 0.7918130564880609
    },
    "3": {
        "cmph": 0.8187361950664503,
        "cmps": 0.7239188774524338
    },
    "4": {
        "cmph": 0.8357311628113714,
        "cmps": 0.6963138392522216
    },
    "5": {
        "cmph": 0.8046036962511607,
        "cmps": 0.7449390108517476
    },
    "6": {
        "cmph": 0.8773464600677353,
        "cmps": 0.7558336323175584
    },
    "7": {
        "cmph": 0.849601861941775,
        "cmps": 0.7496036859318999
    },
    "8": {
        "cmph": 0.8499252279069637,
        "cmps": 0.7147177012121677
    },
    "9": {
        "cmph": 0.8794862268636269,
        "cmps": 0.7961505224807534
    },
    "10": {
        "cmph": 0.86660831814858,
        "cmps": 0.7228967556108777
    },
    "11": {
        "cmph": 0.9256517997686489,
        "cmps": 0.7690345435246109
    },
    "12": {
        "cmph": 0.9589751623234337,
        "cmps": 0.9085888514750529
    },
    "final": {
        "OverThreshold": 12,
        "Ratio": 100,
        "Frame": 12
    }
}