{
    "1": {
        "cmph": 0.010685886305655163,
        "cmps": 0.05602097164763972
    },
    "2": {
        "cmph": 0.012411790013349315,
        "cmps": 0.04835413568787982
    },
    "3": {
        "cmph": 0.012256669341190027,
        "cmps": 0.04319523935188345
    },
    "4": {
        "cmph": 0.008290743665483059,
        "cmps": 0.04379311911622947
    },
    "5": {
        "cmph": 0.010282406743622675,
        "cmps": 0.03921952165616334
    },
    "6": {
        "cmph": 0.010073746143275138,
        "cmps": 0.03686717755455256
    },
    "7": {
        "cmph": 0.009910549216724655,
        "cmps": 0.03558673632558359
    },
    "8": {
        "cmph": 0.009828077643854443,
        "cmps": 0.034937626564619656
    },
    "9": {
        "cmph": 0.001878244398886618,
        "cmps": 0.04135256278321262
    },
    "10": {
        "cmph": 0.008247852292805988,
        "cmps": 0.03879349542020066
    },
    "11": {
        "cmph": 0.014149789911107536,
        "cmps": 0.03499987843326291
    },
    "12": {
        "cmph": 0.025237299392799502,
        "cmps": 0.03217691332213931
    },
    "final": {
        "OverThreshold": 0,
        "Ratio": 0,
        "Frame": 12
    }
}