{
    "1": {
        "cmph": 0.02201961759945745,
        "cmps": 0.09853657048196106
    },
    "2": {
        "cmph": 0.020096627733520948,
        "cmps": 0.0942822939619617
    },
    "3": {
        "cmph": 0.019450323133998644,
        "cmps": 0.08660888546161828
    },
    "4": {
        "cmph": 0.019598835002769783,
        "cmps": 0.07658480820626941
    },
    "5": {
        "cmph": 0.020253097274739028,
        "cmps": 0.08176879800573336
    },
    "6": {
        "cmph": 0.019885538642322714,
        "cmps": 0.0798861944137806
    },
    "7": {
        "cmph": 0.02037373052479564,
        "cmps": 0.08033334324392855
    },
    "8": {
        "cmph": 0.02014011646404882,
        "cmps": 0.07960529060077721
    },
    "9": {
        "cmph": 0.01990105660011842,
        "cmps": 0.07800581897021
    },
    "10": {
        "cmph": 0.02017686427810053,
        "cmps": 0.08304975777753379
    },
    "11": {
        "cmph": 0.01903247573200502,
        "cmps": 0.08619037336365158
    },
    "12": {
        "cmph": 0.02031280471634653,
        "cmps": 0.09225827411958329
    },
    "13": {
        "cmph": 0.0208875656172282,
        "cmps": 0.09841060108082536
    },
    "14": {
        "cmph": 0.02087166613362267,
        "cmps": 0.1038004379836752
    },
    "15": {
        "cmph": 0.020836744650827126,
        "cmps": 0.10197610390517449
    },
    "16": {
        "cmph": 0.02005775203144262,
        "cmps": 0.09722777258434
    },
    "17": {
        "cmph": 0.020427229246687315,
        "cmps": 0.10420248770004276
    },
    "18": {
        "cmph": 0.021057238377689913,
        "cmps": 0.11653897068073889
    },
    "19": {
        "cmph": 0.021169275006749776,
        "cmps": 0.1016232634931721
    },
    "20": {
        "cmph": 0.021156838348046783,
        "cmps": 0.10479241583335003
    },
    "21": {
        "cmph": 0.021193522635608874,
        "cmps": 0.10996458396371443
    },
    "22": {
        "cmph": 0.021030595518997552,
        "cmps": 0.10939682237061019
    },
    "23": {
        "cmph": 0.020564911389014135,
        "cmps": 0.10917885006116132
    },
    "24": {
        "cmph": 0.020542378401903285,
        "cmps": 0.11452245002628027
    },
    "25": {
        "cmph": 0.021374228742767575,
        "cmps": 0.10182925217285087
    },
    "26": {
        "cmph": 0.021262231262845245,
        "cmps": 0.10112305462794581
    },
    "27": {
        "cmph": 0.020878335353993346,
        "cmps": 0.1014609952980833
    },
    "28": {
        "cmph": 0.020613688413807663,
        "cmps": 0.10940828432530052
    },
    "29": {
        "cmph": 0.021746388683784843,
        "cmps": 0.09888234429283953
    },
    "30": {
        "cmph": 0.020449481215024577,
        "cmps": 0.0911492997730593
    },
    "31": {
        "cmph": 0.019986256095688316,
        "cmps": 0.07486412928434599
    },
    "32": {
        "cmph": 0.01986549759708105,
        "cmps": 0.08528935372929411
    },
    "33": {
        "cmph": 0.020972189028449977,
        "cmps": 0.07696248614067941
    },
    "34": {
        "cmph": 0.019719534534876827,
        "cmps": 0.07381717121522711
    },
    "final": {
        "OverThreshold": 0,
        "Ratio": 0,
        "Frame": 34
    }
}