{
    "1": {
        "cmph": 0.0038914514313074847,
        "cmps": 0.19939418978946302
    },
    "2": {
        "cmph": 0.008189736111903797,
        "cmps": 0.21386455201817098
    },
    "3": {
        "cmph": 0.0026259732760745597,
        "cmps": 0.23191190896213176
    },
    "4": {
        "cmph": 0.010934757672567649,
        "cmps": 0.3353645319735793
    },
    "5": {
        "cmph": 0.009421259031860465,
        "cmps": 0.39548314594411293
    },
    "6": {
        "cmph": 0.006009855042079366,
        "cmps": 0.45438974725154196
    },
    "7": {
        "cmph": 0.004839482400463794,
        "cmps": 0.5566260700694322
    },
    "8": {
        "cmph": 0.018390462312766004,
        "cmps": 0.5717668114142277
    },
    "9": {
        "cmph": 0.0015052435690617464,
        "cmps": 0.5795467933026925
    },
    "10": {
        "cmph": 0.022182121851021613,
        "cmps": 0.37152988273264603
    },
    "11": {
        "cmph": 0.013601338901426644,
        "cmps": 0.4457442964447836
    },
    "12": {
        "cmph": 0.004288114133072093,
        "cmps": 0.4414198523952845
    },
    "13": {
        "cmph": 0.006065300010029822,
        "cmps": 0.5151057366139782
    },
    "14": {
        "cmph": 0.004003393345527039,
        "cmps": 0.48084484536465344
    },
    "15": {
        "cmph": 0.0014325327269152793,
        "cmps": 0.4011258562089358
    },
    "16": {
        "cmph": 0.0072589391765854345,
        "cmps": 0.3570945167775963
    },
    "17": {
        "cmph": 0.008354923922610193,
        "cmps": 0.2826665424467027
    },
    "18": {
        "cmph": 0.0003534359480914353,
        "cmps": 0.242848458250973
    },
    "19": {
        "cmph": 0.0009464287256715527,
        "cmps": 0.22878069243064392
    },
    "20": {
        "cmph": 0.012337153173089907,
        "cmps": 0.241791644974422
    },
    "21": {
        "cmph": 0.0044836925137694585,
        "cmps": 0.24118362624613007
    },
    "22": {
        "cmph": 0.0018985128177317946,
        "cmps": 0.23756065374775587
    },
    "23": {
        "cmph": 0.013734275366225873,
        "cmps": 0.30173863647999216
    },
    "24": {
        "cmph": 0.014027675807280569,
        "cmps": 0.31136528692538784
    },
    "25": {
        "cmph": 0.01356345843964438,
        "cmps": 0.30911762121859393
    },
    "26": {
        "cmph": 0.014584442673256866,
        "cmps": 0.3035884358222393
    },
    "27": {
        "cmph": 0.01490466863410006,
        "cmps": 0.22473009582977138
    },
    "28": {
        "cmph": 0.014538602067320503,
        "cmps": 0.22369829080896322
    },
    "29": {
        "cmph": 0.003922579764722879,
        "cmps": 0.281534041884865
    },
    "30": {
        "cmph": 0.009347707673647069,
        "cmps": 0.31392191915940243
    },
    "31": {
        "cmph": 0.008990242488031526,
        "cmps": 0.24801644725368957
    },
    "32": {
        "cmph": 0.012386424016368828,
        "cmps": 0.2385295488648914
    },
    "33": {
        "cmph": 0.013942502930394146,
        "cmps": 0.2839058836322992
    },
    "34": {
        "cmph": 0.013307261945731062,
        "cmps": 0.21839042799435893
    },
    "35": {
        "cmph": 0.00962352061293627,
        "cmps": 0.20061423885036597
    },
    "36": {
        "cmph": 0.003971743002567536,
        "cmps": 0.23771966336148234
    },
    "37": {
        "cmph": 0.00225394424820546,
        "cmps": 0.2719901898835352
    },
    "38": {
        "cmph": 0.00472598887611061,
        "cmps": 0.20473063867514807
    },
    "39": {
        "cmph": 0.0029987662176038246,
        "cmps": 0.22344445425477028
    },
    "40": {
        "cmph": 0.003390394146965577,
        "cmps": 0.19636008919272216
    },
    "41": {
        "cmph": 0.0069035578685047085,
        "cmps": 0.23628915495341382
    },
    "42": {
        "cmph": 0.006122868872318697,
        "cmps": 0.3067095634913289
    },
    "43": {
        "cmph": 0.006074374610271679,
        "cmps": 0.3049439770114074
    },
    "44": {
        "cmph": 0.006234570287748493,
        "cmps": 0.25705850930153007
    },
    "45": {
        "cmph": 0.011626524692981116,
        "cmps": 0.2639991564521952
    },
    "46": {
        "cmph": 0.01386043482411702,
        "cmps": 0.2530031962704644
    },
    "47": {
        "cmph": 0.013823343156715781,
        "cmps": 0.284940464844726
    },
    "final": {
        "OverThreshold": 0,
        "Ratio": 0,
        "Frame": 47
    }
}