{
    "1": {
        "cmph": 0.774799343618456,
        "cmps": 0.09504749273908987
    },
    "2": {
        "cmph": 0.8013599826423141,
        "cmps": 0.09339717820730604
    },
    "3": {
        "cmph": 0.833206071902603,
        "cmps": 0.09287450837133919
    },
    "4": {
        "cmph": 0.8363470414329409,
        "cmps": 0.09024495046638072
    },
    "5": {
        "cmph": 0.8345703140705422,
        "cmps": 0.08521143247153887
    },
    "6": {
        "cmph": 0.824841038915773,
        "cmps": 0.09072894055884316
    },
    "7": {
        "cmph": 0.8147732565930409,
        "cmps": 0.09879212825957237
    },
    "8": {
        "cmph": 0.8428332896774752,
        "cmps": 0.09381982477376725
    },
    "9": {
        "cmph": 0.8303146608945984,
        "cmps": 0.0941379892788856
    },
    "10": {
        "cmph": 0.8856282370666896,
        "cmps": 0.09784240785484706
    },
    "11": {
        "cmph": 0.8782205391607157,
        "cmps": 0.10055654386997115
    },
    "12": {
        "cmph": 0.8737303032230382,
        "cmps": 0.09407336445771282
    },
    "13": {
        "cmph": 0.8826640199806497,
        "cmps": 0.09268127839247328
    },
    "14": {
        "cmph": 0.8627452682681213,
        "cmps": 0.09802350940181745
    },
    "15": {
        "cmph": 0.8298766902118164,
        "cmps": 0.10025626008351339
    },
    "16": {
        "cmph": 0.7821475791545167,
        "cmps": 0.10455121427444622
    },
    "17": {
        "cmph": 0.8756861087207137,
        "cmps": 0.10304813015131625
    },
    "18": {
        "cmph": 0.917558766609292,
        "cmps": 0.10000350421470415
    },
    "19": {
        "cmph": 0.9248252627349272,
        "cmps": 0.0955755257720467
    },
    "20": {
        "cmph": 0.9167606742865012,
        "cmps": 0.0976975871230914
    },
    "21": {
        "cmph": 0.914781815831995,
        "cmps": 0.08891302381418814
    },
    "22": {
        "cmph": 0.9078222215879251,
        "cmps": 0.08847793747706255
    },
    "23": {
        "cmph": 0.9003534393398182,
        "cmps": 0.09291292694366779
    },
    "24": {
        "cmph": 0.8897945766251405,
        "cmps": 0.0884749634014756
    },
    "25": {
        "cmph": 0.885432598055292,
        "cmps": 0.08400805838764339
    },
    "26": {
        "cmph": 0.8617592367390288,
        "cmps": 0.08820060650948419
    },
    "27": {
        "cmph": 0.8593290643737743,
        "cmps": 0.07994212973162755
    },
    "28": {
        "cmph": 0.8845880863507313,
        "cmps": 0.07590367103452596
    },
    "29": {
        "cmph": 0.884383921319758,
        "cmps": 0.07954423088896267
    },
    "30": {
        "cmph": 0.4195123747059597,
        "cmps": 0.07842860477628957
    },
    "31": {
        "cmph": 0.37073750045275566,
        "cmps": 0.08163461806743375
    },
    "32": {
        "cmph": 0.3805689336865772,
        "cmps": 0.0905732224427651
    },
    "33": {
        "cmph": 0.4244491365217377,
        "cmps": 0.0911969517848035
    },
    "34": {
        "cmph": 0.011521729299429911,
        "cmps": 0.07733278161546323
    },
    "35": {
        "cmph": 0.015199908309147638,
        "cmps": 0.08194343448126243
    },
    "36": {
        "cmph": 0.010450870611585157,
        "cmps": 0.08164274899753678
    },
    "37": {
        "cmph": 0.011785309254969754,
        "cmps": 0.08301508911443396
    },
    "38": {
        "cmph": 0.00941390418692233,
        "cmps": 0.08229266978142605
    },
    "39": {
        "cmph": 0.011020253411554418,
        "cmps": 0.08665459372012639
    },
    "40": {
        "cmph": 0.018635464439687846,
        "cmps": 0.08731192029107175
    },
    "41": {
        "cmph": 0.018249468456880795,
        "cmps": 0.08810303952520937
    },
    "42": {
        "cmph": 0.01718851148901391,
        "cmps": 0.0950598547734534
    },
    "43": {
        "cmph": 0.01162580242262439,
        "cmps": 0.0946332318507693
    },
    "44": {
        "cmph": 0.005012918760961559,
        "cmps": 0.10191093328372487
    },
    "45": {
        "cmph": 0.010066606251106603,
        "cmps": 0.10679601166276588
    },
    "46": {
        "cmph": 0.011133814739422673,
        "cmps": 0.09265076588248658
    },
    "47": {
        "cmph": 0.0119634506376296,
        "cmps": 0.08787374430421789
    },
    "final": {
        "OverThreshold": 40,
        "Ratio": 85,
        "Frame": 47
    }
}