{
    "1": {
        "cmph": 0.13097701757244462,
        "cmps": 0.08519003636033001
    },
    "2": {
        "cmph": 0.17863973182961138,
        "cmps": 0.07701130634261041
    },
    "3": {
        "cmph": 0.21022736716387794,
        "cmps": 0.08257255296324771
    },
    "4": {
        "cmph": 0.2737858281054476,
        "cmps": 0.003462904650822135
    },
    "5": {
        "cmph": 0.22695261596794694,
        "cmps": 0.06191572912462795
    },
    "6": {
        "cmph": 0.024950196358465224,
        "cmps": 0.08355393400507186
    },
    "7": {
        "cmph": 0.0180370058798036,
        "cmps": 0.0834118353989572
    },
    "8": {
        "cmph": 0.04553695330767922,
        "cmps": 0.03775250987135525
    },
    "9": {
        "cmph": 0.05238810737371466,
        "cmps": 0.006999292781927778
    },
    "10": {
        "cmph": 0.03358076239278659,
        "cmps": 0.010453480556054696
    },
    "11": {
        "cmph": 0.022833242703947394,
        "cmps": 0.014166548697895989
    },
    "12": {
        "cmph": 0.0027079225624364275,
        "cmps": 0.024944031170227744
    },
    "final": {
        "OverThreshold": 2,
        "Ratio": 14,
        "Frame": 12
    }
}