{
    "1": {
        "cmph": 0.003760379784872986,
        "cmps": 0.3199163583008653
    },
    "2": {
        "cmph": 0.005209684923746467,
        "cmps": 0.375508195616873
    },
    "3": {
        "cmph": 0.00483846118608087,
        "cmps": 0.3597513008400375
    },
    "4": {
        "cmph": 0.06188621192221228,
        "cmps": 0.3690511208593906
    },
    "5": {
        "cmph": 0.0689130941841342,
        "cmps": 0.3726857915039475
    },
    "6": {
        "cmph": 0.07847172674682168,
        "cmps": 0.3969469835735181
    },
    "7": {
        "cmph": 0.08176560026202308,
        "cmps": 0.4455728997995225
    },
    "8": {
        "cmph": 0.08671626407907233,
        "cmps": 0.46720105131393297
    },
    "9": {
        "cmph": 0.0830382123509643,
        "cmps": 0.47721202332511764
    },
    "10": {
        "cmph": 0.07148503984866025,
        "cmps": 0.4307028212685096
    },
    "11": {
        "cmph": 0.0886631792305323,
        "cmps": 0.3890445634319191
    },
    "12": {
        "cmph": 0.09293446659886136,
        "cmps": 0.3735149900554327
    },
    "13": {
        "cmph": 0.09784858037431741,
        "cmps": 0.4010262808990724
    },
    "14": {
        "cmph": 0.06958485708951176,
        "cmps": 0.33480871065541457
    },
    "15": {
        "cmph": 0.11070728082790711,
        "cmps": 0.33488409976200173
    },
    "16": {
        "cmph": 0.06360702196837996,
        "cmps": 0.296507103404343
    },
    "17": {
        "cmph": 0.07727517447360659,
        "cmps": 0.31420702757809554
    },
    "18": {
        "cmph": 0.08761492388863745,
        "cmps": 0.2858571436553178
    },
    "19": {
        "cmph": 0.0857264814495686,
        "cmps": 0.37161234653019404
    },
    "20": {
        "cmph": 0.140603976772327,
        "cmps": 0.2743836937491462
    },
    "21": {
        "cmph": 0.12062385913243383,
        "cmps": 0.2729178504644812
    },
    "22": {
        "cmph": 0.14776202332938163,
        "cmps": 0.25105133479326697
    },
    "23": {
        "cmph": 0.11098872740060271,
        "cmps": 0.29850431738221106
    },
    "24": {
        "cmph": 0.04547337612141991,
        "cmps": 0.21350107734977294
    },
    "25": {
        "cmph": 0.04051139918503549,
        "cmps": 0.2117283804088838
    },
    "26": {
        "cmph": 0.046865580125409305,
        "cmps": 0.20675691031943347
    },
    "27": {
        "cmph": 0.049173856005331314,
        "cmps": 0.22895971568149617
    },
    "28": {
        "cmph": 0.09867060264594771,
        "cmps": 0.1296738151286903
    },
    "29": {
        "cmph": 0.06506823450551429,
        "cmps": 0.18019567480782744
    },
    "30": {
        "cmph": 0.041534242767448465,
        "cmps": 0.12190384717956772
    },
    "31": {
        "cmph": 0.0023944373781753093,
        "cmps": 0.23396956078647957
    },
    "32": {
        "cmph": 0.0054291086487448185,
        "cmps": 0.2310120758857151
    },
    "33": {
        "cmph": 0.0009749385561090547,
        "cmps": 0.2912513847241586
    },
    "34": {
        "cmph": 0.00563595044960979,
        "cmps": 0.2075202676760173
    },
    "35": {
        "cmph": 0.020827390278595752,
        "cmps": 0.24058018532799463
    },
    "36": {
        "cmph": 0.02044093259454411,
        "cmps": 0.2729044102943419
    },
    "37": {
        "cmph": 0.07980920305156944,
        "cmps": 0.2313021283262257
    },
    "38": {
        "cmph": 0.01511183335678861,
        "cmps": 0.690558420645257
    },
    "39": {
        "cmph": 0.011753852800247452,
        "cmps": 0.728975497808221
    },
    "40": {
        "cmph": 0.025029642360997677,
        "cmps": 0.44175698517243883
    },
    "final": {
        "OverThreshold": 1,
        "Ratio": 2,
        "Frame": 40
    }
}