{
    "1": {
        "cmph": 0.028712639481163347,
        "cmps": 0.09089526674797742
    },
    "2": {
        "cmph": 0.02592479603926216,
        "cmps": 0.0826102676812804
    },
    "3": {
        "cmph": 0.02551288618397927,
        "cmps": 0.07354715656619402
    },
    "4": {
        "cmph": 0.023982934723924102,
        "cmps": 0.0560798408229948
    },
    "5": {
        "cmph": 0.023399099349303155,
        "cmps": 0.062257466449531694
    },
    "6": {
        "cmph": 0.02158561688097165,
        "cmps": 0.05951310302416426
    },
    "7": {
        "cmph": 0.0169896542614286,
        "cmps": 0.06752016112667238
    },
    "8": {
        "cmph": 0.021074093954345233,
        "cmps": 0.07738282222102168
    },
    "9": {
        "cmph": 0.02381653370742529,
        "cmps": 0.07460161234754868
    },
    "10": {
        "cmph": 0.025515478916741236,
        "cmps": 0.05859873057583735
    },
    "11": {
        "cmph": 0.024583627539452115,
        "cmps": 0.07800066168333604
    },
    "12": {
        "cmph": 0.022580710767389975,
        "cmps": 0.07784645432145476
    },
    "13": {
        "cmph": 0.02243444487504887,
        "cmps": 0.08444048076559679
    },
    "14": {
        "cmph": 0.02378997936806779,
        "cmps": 0.06869866216216841
    },
    "15": {
        "cmph": 0.023187101066038048,
        "cmps": 0.05086901888780472
    },
    "16": {
        "cmph": 0.023394266326855675,
        "cmps": 0.041762450373672814
    },
    "17": {
        "cmph": 0.021226022726788907,
        "cmps": 0.035753144013329574
    },
    "18": {
        "cmph": 0.021567874541599554,
        "cmps": 0.040031409550999986
    },
    "19": {
        "cmph": 0.020702314653966186,
        "cmps": 0.0532469281506842
    },
    "20": {
        "cmph": 0.02096400575484171,
        "cmps": 0.060819161095485005
    },
    "21": {
        "cmph": 0.021753239103516675,
        "cmps": 0.06573462513296466
    },
    "22": {
        "cmph": 0.0201653391783181,
        "cmps": 0.07336717444576152
    },
    "23": {
        "cmph": 0.01871259298564037,
        "cmps": 0.08826719149615263
    },
    "24": {
        "cmph": 0.018484389049001588,
        "cmps": 0.08302224444221358
    },
    "25": {
        "cmph": 0.018202426633451042,
        "cmps": 0.0903934717783684
    },
    "26": {
        "cmph": 0.018092500486143352,
        "cmps": 0.0832177169619327
    },
    "27": {
        "cmph": 0.0181007621469642,
        "cmps": 0.08031082602344751
    },
    "28": {
        "cmph": 0.01800127880302557,
        "cmps": 0.08598854092315221
    },
    "29": {
        "cmph": 0.01820833637882924,
        "cmps": 0.08407920037993853
    },
    "30": {
        "cmph": 0.01966349676762835,
        "cmps": 0.0755605081960545
    },
    "31": {
        "cmph": 0.01991064304812913,
        "cmps": 0.0675786629536476
    },
    "32": {
        "cmph": 0.02113218937138079,
        "cmps": 0.06570284584810719
    },
    "final": {
        "OverThreshold": 0,
        "Ratio": 0,
        "Frame": 32
    }
}