{
    "1": {
        "cmph": 0.6873819176951842,
        "cmps": 0.10116460259813372
    },
    "2": {
        "cmph": 0.8113998744493923,
        "cmps": 0.1016423826868825
    },
    "3": {
        "cmph": 0.8495339390307048,
        "cmps": 0.09896967170780821
    },
    "4": {
        "cmph": 0.8401581808507669,
        "cmps": 0.09311473249337592
    },
    "5": {
        "cmph": 0.8371079464664489,
        "cmps": 0.08856671855754249
    },
    "6": {
        "cmph": 0.8504045879982325,
        "cmps": 0.09212764377501799
    },
    "7": {
        "cmph": 0.8467314782167603,
        "cmps": 0.09720467137844041
    },
    "8": {
        "cmph": 0.8544934726926235,
        "cmps": 0.08902720706415976
    },
    "9": {
        "cmph": 0.8700396243632512,
        "cmps": 0.08760972579488832
    },
    "10": {
        "cmph": 0.8717859972818208,
        "cmps": 0.08606827439235229
    },
    "11": {
        "cmph": 0.8826755967182649,
        "cmps": 0.08820221050275878
    },
    "12": {
        "cmph": 0.8732027659429736,
        "cmps": 0.09277978571884157
    },
    "13": {
        "cmph": 0.8594638567601561,
        "cmps": 0.09179776849914331
    },
    "14": {
        "cmph": 0.8714420208028787,
        "cmps": 0.09562467201015518
    },
    "15": {
        "cmph": 0.8637086127521258,
        "cmps": 0.09732883705964217
    },
    "16": {
        "cmph": 0.8587514545733013,
        "cmps": 0.10124170089098516
    },
    "17": {
        "cmph": 0.8581095937865434,
        "cmps": 0.0986660694515621
    },
    "18": {
        "cmph": 0.8540675228604521,
        "cmps": 0.1034292406159947
    },
    "19": {
        "cmph": 0.8648998039385235,
        "cmps": 0.09757488060886557
    },
    "20": {
        "cmph": 0.8543043548954544,
        "cmps": 0.09938132045391648
    },
    "21": {
        "cmph": 0.8578212442805679,
        "cmps": 0.09373395072678768
    },
    "22": {
        "cmph": 0.8487119454241179,
        "cmps": 0.09441085380644423
    },
    "23": {
        "cmph": 0.8625678236920609,
        "cmps": 0.09729086382728656
    },
    "24": {
        "cmph": 0.876592194179708,
        "cmps": 0.09172878183345767
    },
    "25": {
        "cmph": 0.8623805112196252,
        "cmps": 0.08751456982685647
    },
    "26": {
        "cmph": 0.8801359575326329,
        "cmps": 0.08925979555509428
    },
    "27": {
        "cmph": 0.8824180344144794,
        "cmps": 0.08037797399302127
    },
    "28": {
        "cmph": 0.8748146129105817,
        "cmps": 0.07951495038101694
    },
    "29": {
        "cmph": 0.49014067691428603,
        "cmps": 0.08443716409753074
    },
    "30": {
        "cmph": 0.5484675838579541,
        "cmps": 0.0769569889749301
    },
    "31": {
        "cmph": 0.5738280437328398,
        "cmps": 0.07629357297576604
    },
    "32": {
        "cmph": 0.5649594879430545,
        "cmps": 0.0834942564152828
    },
    "33": {
        "cmph": 0.583782543443845,
        "cmps": 0.08480798658567053
    },
    "34": {
        "cmph": 0.009255971152633453,
        "cmps": 0.07590225247930027
    },
    "35": {
        "cmph": 0.014554545861240883,
        "cmps": 0.07600025175398249
    },
    "36": {
        "cmph": 0.010314496513057133,
        "cmps": 0.07732908806494487
    },
    "37": {
        "cmph": 0.010641873449632744,
        "cmps": 0.07662461502618807
    },
    "38": {
        "cmph": 0.007875537887244755,
        "cmps": 0.08125817205665699
    },
    "39": {
        "cmph": 0.009660896347651705,
        "cmps": 0.0800397609312324
    },
    "40": {
        "cmph": 0.018148026244512026,
        "cmps": 0.08584214087399689
    },
    "41": {
        "cmph": 0.018196718511625635,
        "cmps": 0.08270472726022442
    },
    "42": {
        "cmph": 0.016725206171094638,
        "cmps": 0.08784951000288413
    },
    "43": {
        "cmph": 0.007746488938347546,
        "cmps": 0.08048506622745709
    },
    "44": {
        "cmph": 0.0016353328472392308,
        "cmps": 0.08768713112393864
    },
    "45": {
        "cmph": 0.001432898505857116,
        "cmps": 0.09280817471850476
    },
    "final": {
        "OverThreshold": 33,
        "Ratio": 73,
        "Frame": 45
    }
}