{
    "1": {
        "cmph": 0.2603899081829156,
        "cmps": 0.07073036572166252
    },
    "2": {
        "cmph": 0.31270234520390655,
        "cmps": 0.05347170397368314
    },
    "3": {
        "cmph": 0.3465300161824677,
        "cmps": 0.028013841415136423
    },
    "4": {
        "cmph": 0.27089678845464255,
        "cmps": 0.019268305214793856
    },
    "5": {
        "cmph": 0.37923300265166,
        "cmps": 0.02921262083686971
    },
    "6": {
        "cmph": 0.37016860076790686,
        "cmps": 0.022110622024689747
    },
    "7": {
        "cmph": 0.4175676961220267,
        "cmps": 0.038604133089777184
    },
    "8": {
        "cmph": 0.37724741361311803,
        "cmps": 0.028298733477978406
    },
    "9": {
        "cmph": 0.37692759601869574,
        "cmps": 0.01904266795907387
    },
    "10": {
        "cmph": 0.519714382600789,
        "cmps": 0.03637000375807637
    },
    "11": {
        "cmph": 0.5499510724394012,
        "cmps": 0.03424688597624381
    },
    "final": {
        "OverThreshold": 11,
        "Ratio": 100,
        "Frame": 11
    }
}