{
    "1": {
        "cmph": 0.021598444947580897,
        "cmps": 0.08177512350930712
    },
    "2": {
        "cmph": 0.02210241384563103,
        "cmps": 0.07695788753423971
    },
    "3": {
        "cmph": 0.021452730758940827,
        "cmps": 0.08185245004134499
    },
    "4": {
        "cmph": 0.019605496636180986,
        "cmps": 0.07179560441149146
    },
    "5": {
        "cmph": 0.019223968277140378,
        "cmps": 0.06210616878538968
    },
    "6": {
        "cmph": 0.019186331911996608,
        "cmps": 0.06896557175023214
    },
    "final": {
        "OverThreshold": 0,
        "Ratio": 0,
        "Frame": 6
    }
}