{
    "1": {
        "cmph": 0.018702160963938154,
        "cmps": 0.10383143125967341
    },
    "2": {
        "cmph": 0.01873320851553932,
        "cmps": 0.09658589324889444
    },
    "3": {
        "cmph": 0.017140330486959968,
        "cmps": 0.08773951386567377
    },
    "4": {
        "cmph": 0.017895536827990683,
        "cmps": 0.0800732470047253
    },
    "5": {
        "cmph": 0.01732365388035315,
        "cmps": 0.08141288782702302
    },
    "6": {
        "cmph": 0.01656930950120371,
        "cmps": 0.08565305981685063
    },
    "7": {
        "cmph": 0.017312196736688563,
        "cmps": 0.08132216438865245
    },
    "8": {
        "cmph": 0.01676663865412082,
        "cmps": 0.0841221831473554
    },
    "9": {
        "cmph": 0.016775960715940303,
        "cmps": 0.07943872815640592
    },
    "10": {
        "cmph": 0.01678691190958433,
        "cmps": 0.0757852365204766
    },
    "11": {
        "cmph": 0.018669392004086915,
        "cmps": 0.08252078013767755
    },
    "12": {
        "cmph": 0.01426194006342691,
        "cmps": 0.06833736584577915
    },
    "13": {
        "cmph": 0.012573113457884684,
        "cmps": 0.055507495914828786
    },
    "14": {
        "cmph": 0.013549249909828393,
        "cmps": 0.05530278262406593
    },
    "15": {
        "cmph": 0.004077688755653427,
        "cmps": 0.03743734927115134
    },
    "16": {
        "cmph": 0.019365754496188884,
        "cmps": 0.0783105541817439
    },
    "17": {
        "cmph": 0.016751375769628665,
        "cmps": 0.07648226762398692
    },
    "18": {
        "cmph": 0.003506610170266834,
        "cmps": 0.03302955246774627
    },
    "19": {
        "cmph": 0.0002169196257550094,
        "cmps": 0.05751617743916019
    },
    "20": {
        "cmph": 0.009013711349870715,
        "cmps": 0.042955408346051285
    },
    "21": {
        "cmph": 0.015998050942065817,
        "cmps": 0.07004171422296207
    },
    "final": {
        "OverThreshold": 0,
        "Ratio": 0,
        "Frame": 21
    }
}