{
    "1": {
        "cmph": 0.036580809678411964,
        "cmps": 0.15193356516173628
    },
    "2": {
        "cmph": 0.03032083335970548,
        "cmps": 0.11842863003683796
    },
    "3": {
        "cmph": 0.02630441682165974,
        "cmps": 0.11010035696498544
    },
    "4": {
        "cmph": 0.016907855894079175,
        "cmps": 0.11274543872578992
    },
    "5": {
        "cmph": 0.020885744517481767,
        "cmps": 0.11168189961914858
    },
    "6": {
        "cmph": 0.02051980120953344,
        "cmps": 0.11398735773599657
    },
    "7": {
        "cmph": 0.01821708275777505,
        "cmps": 0.1018998448007676
    },
    "8": {
        "cmph": 0.019033155137101684,
        "cmps": 0.09017223661041056
    },
    "9": {
        "cmph": 0.01879514338022672,
        "cmps": 0.08697168816958215
    },
    "10": {
        "cmph": 0.01868360442457895,
        "cmps": 0.09744271791842098
    },
    "11": {
        "cmph": 0.018675060478888807,
        "cmps": 0.08662403042088501
    },
    "final": {
        "OverThreshold": 0,
        "Ratio": 0,
        "Frame": 11
    }
}