{
    "1": {
        "cmph": 0.018643290615542728,
        "cmps": 0.08176356585015866
    },
    "2": {
        "cmph": 0.01816448971649117,
        "cmps": 0.07880924166713198
    },
    "3": {
        "cmph": 0.0187183193763765,
        "cmps": 0.07498682392583665
    },
    "4": {
        "cmph": 0.02120140739909239,
        "cmps": 0.06615149157490582
    },
    "5": {
        "cmph": 0.025364123628494065,
        "cmps": 0.08433095352982788
    },
    "6": {
        "cmph": 0.028228637651284985,
        "cmps": 0.09445745711453553
    },
    "7": {
        "cmph": 0.024262899941305763,
        "cmps": 0.09463485462320408
    },
    "8": {
        "cmph": 0.02725085642100424,
        "cmps": 0.09937770364945886
    },
    "9": {
        "cmph": 0.025121392178470564,
        "cmps": 0.09926348368276751
    },
    "10": {
        "cmph": 0.025569715114906803,
        "cmps": 0.09849026426883442
    },
    "11": {
        "cmph": 0.025892905385252914,
        "cmps": 0.10114096946284931
    },
    "12": {
        "cmph": 0.029465528083815428,
        "cmps": 0.12729728463179163
    },
    "13": {
        "cmph": 0.032159915909956774,
        "cmps": 0.1530063426580747
    },
    "14": {
        "cmph": 0.03406505747329969,
        "cmps": 0.15323902249910837
    },
    "15": {
        "cmph": 0.0388341301908359,
        "cmps": 0.147821172020273
    },
    "16": {
        "cmph": 0.03679106248005111,
        "cmps": 0.1518269338671793
    },
    "17": {
        "cmph": 0.04328596294339791,
        "cmps": 0.14917094812488368
    },
    "18": {
        "cmph": 0.04327933551019953,
        "cmps": 0.15598816753579006
    },
    "19": {
        "cmph": 0.04094206564020144,
        "cmps": 0.15265973798730784
    },
    "20": {
        "cmph": 0.033093039020051375,
        "cmps": 0.1540208665454376
    },
    "21": {
        "cmph": 0.03352634669942419,
        "cmps": 0.14833977066677165
    },
    "22": {
        "cmph": 0.029878731774692628,
        "cmps": 0.1255242135582453
    },
    "23": {
        "cmph": 0.027250975184619813,
        "cmps": 0.11042185549399167
    },
    "24": {
        "cmph": 0.024627863209077512,
        "cmps": 0.11969440716338633
    },
    "25": {
        "cmph": 0.021922798864111324,
        "cmps": 0.11234790572897059
    },
    "26": {
        "cmph": 0.0239795509078361,
        "cmps": 0.10832804468925304
    },
    "27": {
        "cmph": 0.021696783195797213,
        "cmps": 0.10371380523074543
    },
    "28": {
        "cmph": 0.024350109862489047,
        "cmps": 0.10901606360178392
    },
    "29": {
        "cmph": 0.024292646440356162,
        "cmps": 0.09937037769683474
    },
    "30": {
        "cmph": 0.02540273808677421,
        "cmps": 0.09799916519780515
    },
    "31": {
        "cmph": 0.025552992876323337,
        "cmps": 0.08523770263899874
    },
    "32": {
        "cmph": 0.027471752416815536,
        "cmps": 0.09391214622187309
    },
    "33": {
        "cmph": 0.027296631737306565,
        "cmps": 0.09429926082300523
    },
    "final": {
        "OverThreshold": 0,
        "Ratio": 0,
        "Frame": 33
    }
}