{
    "1": {
        "cmph": 0.028392968570141074,
        "cmps": 0.05424072210893107
    },
    "2": {
        "cmph": 0.02851893241634226,
        "cmps": 0.036027264680425324
    },
    "3": {
        "cmph": 0.025621145566143776,
        "cmps": 0.03496708673011477
    },
    "4": {
        "cmph": 0.02134072563610017,
        "cmps": 0.04200046968109251
    },
    "5": {
        "cmph": 0.021228573615455878,
        "cmps": 0.020273074249524917
    },
    "6": {
        "cmph": 0.01889080002238748,
        "cmps": 0.05072743714244608
    },
    "7": {
        "cmph": 0.019537891319696167,
        "cmps": 0.050247740366164806
    },
    "8": {
        "cmph": 0.020183200585849128,
        "cmps": 0.02501164339154951
    },
    "9": {
        "cmph": 0.02012686404161697,
        "cmps": 0.003658055198078418
    },
    "10": {
        "cmph": 0.01955191484899531,
        "cmps": 0.0032248569615640986
    },
    "11": {
        "cmph": 0.01896710718887028,
        "cmps": 0.008383580500912667
    },
    "final": {
        "OverThreshold": 0,
        "Ratio": 0,
        "Frame": 11
    }
}