{
    "1": {
        "cmph": 0.03000444690508351,
        "cmps": 0.11664338195063008
    },
    "2": {
        "cmph": 0.02658283348883053,
        "cmps": 0.09118686362971391
    },
    "3": {
        "cmph": 0.026999934942877477,
        "cmps": 0.08078275986189173
    },
    "4": {
        "cmph": 0.02572143822321832,
        "cmps": 0.05976320371671269
    },
    "5": {
        "cmph": 0.025616690837384787,
        "cmps": 0.05790858803887895
    },
    "6": {
        "cmph": 0.025560003116036845,
        "cmps": 0.05299379163218913
    },
    "7": {
        "cmph": 0.025613995146381404,
        "cmps": 0.05384537440372993
    },
    "8": {
        "cmph": 0.025004679003719662,
        "cmps": 0.05681562481653658
    },
    "9": {
        "cmph": 0.02323005721774756,
        "cmps": 0.05709500949376879
    },
    "10": {
        "cmph": 0.023663727299098224,
        "cmps": 0.05065407740317199
    },
    "11": {
        "cmph": 0.02212612732175293,
        "cmps": 0.06795910787570365
    },
    "12": {
        "cmph": 0.022406521470029157,
        "cmps": 0.04760984557987988
    },
    "13": {
        "cmph": 0.02301524269532601,
        "cmps": 0.05264264301203897
    },
    "14": {
        "cmph": 0.02354470063158238,
        "cmps": 0.06490030762963102
    },
    "15": {
        "cmph": 0.023022376968072675,
        "cmps": 0.06464403330205969
    },
    "16": {
        "cmph": 0.02265674786148266,
        "cmps": 0.07042866402800288
    },
    "17": {
        "cmph": 0.02198701750676285,
        "cmps": 0.05916753432240086
    },
    "18": {
        "cmph": 0.024297348586791386,
        "cmps": 0.04945075895666576
    },
    "19": {
        "cmph": 0.023381421353509166,
        "cmps": 0.05592637505909763
    },
    "20": {
        "cmph": 0.023223120830378714,
        "cmps": 0.06639087438290855
    },
    "21": {
        "cmph": 0.024410194551760026,
        "cmps": 0.06427487728255145
    },
    "22": {
        "cmph": 0.022488911446163398,
        "cmps": 0.0734482742869857
    },
    "23": {
        "cmph": 0.020550478557674254,
        "cmps": 0.09382653232120794
    },
    "24": {
        "cmph": 0.019611067361755746,
        "cmps": 0.09326775954834894
    },
    "25": {
        "cmph": 0.019232478353418812,
        "cmps": 0.09215534731749607
    },
    "26": {
        "cmph": 0.018380196883182667,
        "cmps": 0.09224996225219818
    },
    "27": {
        "cmph": 0.0183090594511844,
        "cmps": 0.08710927775044908
    },
    "28": {
        "cmph": 0.018839660878413482,
        "cmps": 0.09143686573365932
    },
    "29": {
        "cmph": 0.0193964839096501,
        "cmps": 0.07184607583269488
    },
    "30": {
        "cmph": 0.019150935183480197,
        "cmps": 0.07099031907134182
    },
    "31": {
        "cmph": 0.01871598488304082,
        "cmps": 0.05506748235493603
    },
    "32": {
        "cmph": 0.019408917176977607,
        "cmps": 0.05471080392305517
    },
    "final": {
        "OverThreshold": 0,
        "Ratio": 0,
        "Frame": 32
    }
}