{
    "1": {
        "cmph": 0.16692405665963042,
        "cmps": 0.01719380209352675
    },
    "2": {
        "cmph": 0.10990791244817892,
        "cmps": 0.03465654237948116
    },
    "3": {
        "cmph": 0.12466419015945056,
        "cmps": 0.02497966614292532
    },
    "4": {
        "cmph": 0.14260221248024452,
        "cmps": 0.019998279761797588
    },
    "5": {
        "cmph": 0.266595621334241,
        "cmps": 0.04101357613383888
    },
    "6": {
        "cmph": 0.2353857605732467,
        "cmps": 0.039570248223054834
    },
    "7": {
        "cmph": 0.23813287069373518,
        "cmps": 0.05504415570212187
    },
    "8": {
        "cmph": 0.2072503618525389,
        "cmps": 0.03750317008355692
    },
    "9": {
        "cmph": 0.266406361702324,
        "cmps": 0.04018942142780223
    },
    "10": {
        "cmph": 0.4029428015115031,
        "cmps": 0.05096370437589129
    },
    "11": {
        "cmph": 0.44438122551854475,
        "cmps": 0.049201815836282525
    },
    "12": {
        "cmph": 0.4744002486088548,
        "cmps": 0.05407688067059627
    },
    "13": {
        "cmph": 0.6009690347002243,
        "cmps": 0.051608011813972066
    },
    "14": {
        "cmph": 0.6276580355414809,
        "cmps": 0.05305384196592917
    },
    "15": {
        "cmph": 0.6657981928067623,
        "cmps": 0.05785755572311218
    },
    "16": {
        "cmph": 0.697504535638587,
        "cmps": 0.043736266795352606
    },
    "17": {
        "cmph": 0.7023177550257893,
        "cmps": 0.042621307296066224
    },
    "18": {
        "cmph": 0.7127026288695287,
        "cmps": 0.029264376852688994
    },
    "19": {
        "cmph": 0.7789767529871466,
        "cmps": 0.02684759802257831
    },
    "20": {
        "cmph": 0.7870406751953551,
        "cmps": 0.02416995510589452
    },
    "21": {
        "cmph": 0.7019901577436288,
        "cmps": 0.026141155510996203
    },
    "22": {
        "cmph": 0.8296524132244886,
        "cmps": 0.009593088437016326
    },
    "23": {
        "cmph": 0.8045239898082909,
        "cmps": 0.0152507542443083
    },
    "24": {
        "cmph": 0.8661607753458176,
        "cmps": 0.010636963229111262
    },
    "25": {
        "cmph": 0.8466548411724473,
        "cmps": 0.003481721489264785
    },
    "26": {
        "cmph": 0.8791750163929998,
        "cmps": 0.009651767533331166
    },
    "27": {
        "cmph": 0.8865722525993676,
        "cmps": 0.017333014416686443
    },
    "28": {
        "cmph": 0.8784197864516611,
        "cmps": 0.008712287696873761
    },
    "29": {
        "cmph": 0.6254033695043688,
        "cmps": 0.01244969076358526
    },
    "30": {
        "cmph": 0.6867435630419526,
        "cmps": 0.01914923201030844
    },
    "31": {
        "cmph": 0.6592013062763052,
        "cmps": 0.03687228034168846
    },
    "32": {
        "cmph": 0.6322530576076419,
        "cmps": 0.03138925347204076
    },
    "33": {
        "cmph": 0.635029935630582,
        "cmps": 0.017076326415092373
    },
    "34": {
        "cmph": 0.6904075167114051,
        "cmps": 0.017443327046109194
    },
    "35": {
        "cmph": 0.6650292016539675,
        "cmps": 0.028963263688955194
    },
    "36": {
        "cmph": 0.6568836911701329,
        "cmps": 0.001240782648798398
    },
    "37": {
        "cmph": 0.6621985269944236,
        "cmps": 0.004648180289017777
    },
    "38": {
        "cmph": 0.7080424755235121,
        "cmps": 0.002507960072581331
    },
    "39": {
        "cmph": 0.7050235901016344,
        "cmps": 0.0037160821501227405
    },
    "40": {
        "cmph": 0.6887328621500568,
        "cmps": 0.0006917475806067219
    },
    "41": {
        "cmph": 0.7222960895720416,
        "cmps": 0.0027549313097718115
    },
    "42": {
        "cmph": 0.7266374698783131,
        "cmps": 0.005503452641182815
    },
    "final": {
        "OverThreshold": 39,
        "Ratio": 92,
        "Frame": 42
    }
}