{
    "1": {
        "cmph": 0.09851319650146684,
        "cmps": 0.15150984700206857
    },
    "2": {
        "cmph": 0.01371219465032312,
        "cmps": 0.06504837039162342
    },
    "3": {
        "cmph": 0.10745492251978465,
        "cmps": 0.10751997376793199
    },
    "4": {
        "cmph": 0.08738588704808493,
        "cmps": 0.1589945698435668
    },
    "5": {
        "cmph": 0.14438581881944484,
        "cmps": 0.22470602714320767
    },
    "6": {
        "cmph": 0.05839929102026742,
        "cmps": 0.1846209438311263
    },
    "7": {
        "cmph": 0.13490308548021807,
        "cmps": 0.3850007946994152
    },
    "8": {
        "cmph": 0.1543807173174298,
        "cmps": 0.3406544202038357
    },
    "9": {
        "cmph": 0.14403286287040873,
        "cmps": 0.31453311743307233
    },
    "10": {
        "cmph": 0.07693261484185279,
        "cmps": 0.46763272521986754
    },
    "11": {
        "cmph": 0.0101612130436801,
        "cmps": 0.3985334605855784
    },
    "12": {
        "cmph": 0.02894114546080902,
        "cmps": 0.3463917753041854
    },
    "final": {
        "OverThreshold": 2,
        "Ratio": 16,
        "Frame": 12
    }
}