{
    "1": {
        "cmph": 0.03149187990894643,
        "cmps": 0.23896768167561686
    },
    "2": {
        "cmph": 0.00500976097580265,
        "cmps": 0.10855314371795968
    },
    "3": {
        "cmph": 0.00457382061438017,
        "cmps": 0.09976102966349354
    },
    "4": {
        "cmph": 0.07535478769971868,
        "cmps": 0.12703252666984016
    },
    "5": {
        "cmph": 0.0293667770813773,
        "cmps": 0.1824427056046558
    },
    "6": {
        "cmph": 0.04122100501538723,
        "cmps": 0.14939630793221118
    },
    "7": {
        "cmph": 0.11961448917734556,
        "cmps": 0.2908883962053607
    },
    "8": {
        "cmph": 0.04979238396621186,
        "cmps": 0.30429955017591925
    },
    "9": {
        "cmph": 0.15220180768905606,
        "cmps": 0.21052788901448266
    },
    "10": {
        "cmph": 0.08334573105588955,
        "cmps": 0.23459195718640363
    },
    "11": {
        "cmph": 0.00627039412740544,
        "cmps": 0.22183143976841524
    },
    "final": {
        "OverThreshold": 2,
        "Ratio": 18,
        "Frame": 11
    }
}