{
    "1": {
        "cmph": 0.8619032297469593,
        "cmps": 0.7772187873730583
    },
    "2": {
        "cmph": 0.795142643594826,
        "cmps": 0.840031920024455
    },
    "3": {
        "cmph": 0.8056286472930887,
        "cmps": 0.7438484684740684
    },
    "4": {
        "cmph": 0.8633913536817818,
        "cmps": 0.6213210078877007
    },
    "5": {
        "cmph": 0.8812240332966044,
        "cmps": 0.6040502730328384
    },
    "6": {
        "cmph": 0.9052555722860488,
        "cmps": 0.5671451611373891
    },
    "7": {
        "cmph": 0.8788392998139724,
        "cmps": 0.5565296005701281
    },
    "8": {
        "cmph": 0.8379595904754777,
        "cmps": 0.5341287448722924
    },
    "9": {
        "cmph": 0.926172545622786,
        "cmps": 0.4489043281127286
    },
    "10": {
        "cmph": 0.9270648805288021,
        "cmps": 0.48715116168125394
    },
    "11": {
        "cmph": 0.9690568001424258,
        "cmps": 0.5477431280882316
    },
    "12": {
        "cmph": 0.9760163883140277,
        "cmps": 0.8327550061791182
    },
    "final": {
        "OverThreshold": 12,
        "Ratio": 100,
        "Frame": 12
    }
}