{
    "1": {
        "cmph": 0.029861799649985664,
        "cmps": 0.3160112943523154
    },
    "2": {
        "cmph": 0.03307875220011441,
        "cmps": 0.4177450318761076
    },
    "3": {
        "cmph": 0.08769044517093834,
        "cmps": 0.5157400988318978
    },
    "4": {
        "cmph": 0.09851836238813706,
        "cmps": 0.3172265255199202
    },
    "5": {
        "cmph": 0.09865088278173678,
        "cmps": 0.3735855591754428
    },
    "6": {
        "cmph": 0.05630969107012131,
        "cmps": 0.46950858051681055
    },
    "7": {
        "cmph": 0.016942886019532304,
        "cmps": 0.8020570623040418
    },
    "8": {
        "cmph": 0.02568641592994352,
        "cmps": 0.7472862869609441
    },
    "9": {
        "cmph": 0.011130677892326954,
        "cmps": 0.7518662368092971
    },
    "10": {
        "cmph": 0.013608585121546444,
        "cmps": 0.7098687865775193
    },
    "11": {
        "cmph": 0.005916340350673762,
        "cmps": 0.6266625917209341
    },
    "12": {
        "cmph": 0.006288807487925014,
        "cmps": 0.5118072645619142
    },
    "final": {
        "OverThreshold": 0,
        "Ratio": 0,
        "Frame": 12
    }
}