{
    "1": {
        "cmph": 0.5374648856273009,
        "cmps": 0.09933531737431252
    },
    "2": {
        "cmph": 0.47699047761943597,
        "cmps": 0.08900989475387894
    },
    "3": {
        "cmph": 0.4505826565114216,
        "cmps": 0.14045071263226
    },
    "4": {
        "cmph": 0.4042111349901308,
        "cmps": 0.12142535653654862
    },
    "5": {
        "cmph": 0.23981026214882759,
        "cmps": 0.10767248069425375
    },
    "6": {
        "cmph": 0.24014087803323672,
        "cmps": 0.10798544320549779
    },
    "7": {
        "cmph": 0.21732132807730872,
        "cmps": 0.07338383639795551
    },
    "8": {
        "cmph": 0.1861909925050133,
        "cmps": 0.09410273639437851
    },
    "9": {
        "cmph": 0.18977483569514095,
        "cmps": 0.08857613569468127
    },
    "10": {
        "cmph": 0.1386418878229028,
        "cmps": 0.10038400433903677
    },
    "11": {
        "cmph": 0.1336723033753004,
        "cmps": 0.0928335320491867
    },
    "final": {
        "OverThreshold": 9,
        "Ratio": 81,
        "Frame": 11
    }
}