{
    "1": {
        "cmph": 0.036575394196281794,
        "cmps": 0.09051860827821191
    },
    "2": {
        "cmph": 0.05153481145425606,
        "cmps": 0.07940812221875687
    },
    "3": {
        "cmph": 0.04838689137146477,
        "cmps": 0.0807484536916822
    },
    "4": {
        "cmph": 0.13725551533780697,
        "cmps": 0.03145358010599759
    },
    "5": {
        "cmph": 0.12865578380124926,
        "cmps": 0.010257744455803786
    },
    "6": {
        "cmph": 0.008145715586393277,
        "cmps": 0.08468930449950159
    },
    "7": {
        "cmph": 0.01404772393593699,
        "cmps": 0.08882117674276514
    },
    "8": {
        "cmph": 0.019501503856622925,
        "cmps": 0.0863611848262068
    },
    "9": {
        "cmph": 0.025913599321030014,
        "cmps": 0.07224024590540229
    },
    "10": {
        "cmph": 0.009592420322293254,
        "cmps": 0.07296201350361017
    },
    "11": {
        "cmph": 0.0007732579152888565,
        "cmps": 0.047858698017934145
    },
    "12": {
        "cmph": 0.037817517723020645,
        "cmps": 0.0045078454355478035
    },
    "13": {
        "cmph": 0.03874308035421934,
        "cmps": 0.022605658954160834
    },
    "14": {
        "cmph": 0.054346659439912764,
        "cmps": 0.025807154544191892
    },
    "15": {
        "cmph": 0.0748761036305411,
        "cmps": 0.012881846761032855
    },
    "16": {
        "cmph": 0.045893569204434145,
        "cmps": 0.001715792166145638
    },
    "17": {
        "cmph": 0.018670186748250616,
        "cmps": 0.033436904347410056
    },
    "18": {
        "cmph": 0.033774886255171846,
        "cmps": 0.03284716880514274
    },
    "19": {
        "cmph": 0.05085301664385842,
        "cmps": 0.1265895084919608
    },
    "20": {
        "cmph": 0.03430697748700714,
        "cmps": 0.18790859962390408
    },
    "21": {
        "cmph": 0.032837911670065834,
        "cmps": 0.22440374835770754
    },
    "22": {
        "cmph": 0.028032632341706543,
        "cmps": 0.1662319767025966
    },
    "23": {
        "cmph": 0.02153495594856132,
        "cmps": 0.12875574941565004
    },
    "24": {
        "cmph": 0.012819140331955503,
        "cmps": 0.010738463101383638
    },
    "25": {
        "cmph": 0.0008150761999888077,
        "cmps": 0.0011978996813937822
    },
    "26": {
        "cmph": 0.008008647001789307,
        "cmps": 0.038268189420187226
    },
    "27": {
        "cmph": 0.015993121623921174,
        "cmps": 0.03379689898754244
    },
    "28": {
        "cmph": 0.05097310438033329,
        "cmps": 0.03674377253350684
    },
    "29": {
        "cmph": 0.0714350247309166,
        "cmps": 0.024788157955156397
    },
    "30": {
        "cmph": 0.08582619015744655,
        "cmps": 0.021601194540488894
    },
    "31": {
        "cmph": 0.04145659718898466,
        "cmps": 0.015230080082146168
    },
    "32": {
        "cmph": 0.05446549948963045,
        "cmps": 0.004576197975065749
    },
    "33": {
        "cmph": 0.054917359500298996,
        "cmps": 0.014152097182923882
    },
    "34": {
        "cmph": 0.11204048378312641,
        "cmps": 0.053871726487092576
    },
    "35": {
        "cmph": 0.08791045645011254,
        "cmps": 0.08168576180719368
    },
    "36": {
        "cmph": 0.12957922804010102,
        "cmps": 0.1631018210016604
    },
    "37": {
        "cmph": 0.08675101200404757,
        "cmps": 0.16326706365126223
    },
    "38": {
        "cmph": 0.14535267159712775,
        "cmps": 0.20780640633639813
    },
    "39": {
        "cmph": 0.1380964769118879,
        "cmps": 0.2692220785484658
    },
    "40": {
        "cmph": 0.18397264799949006,
        "cmps": 0.3481213930251901
    },
    "41": {
        "cmph": 0.20294071358053745,
        "cmps": 0.3122793487673405
    },
    "42": {
        "cmph": 0.29098044733175593,
        "cmps": 0.3830759848407273
    },
    "43": {
        "cmph": 0.2396234014801174,
        "cmps": 0.30244407450764604
    },
    "44": {
        "cmph": 0.22057964508303696,
        "cmps": 0.26252274312363316
    },
    "45": {
        "cmph": 0.2133321005213124,
        "cmps": 0.2522313900486129
    },
    "final": {
        "OverThreshold": 6,
        "Ratio": 13,
        "Frame": 45
    }
}