{
    "1": {
        "cmph": 0.8023041217930973,
        "cmps": 0.6719611958421787
    },
    "2": {
        "cmph": 0.7516129042673424,
        "cmps": 0.6816659170967809
    },
    "3": {
        "cmph": 0.7633557424475315,
        "cmps": 0.8020294550466017
    },
    "4": {
        "cmph": 0.8062796897415728,
        "cmps": 0.8442660596627894
    },
    "5": {
        "cmph": 0.8223777505660539,
        "cmps": 0.8342340309519715
    },
    "6": {
        "cmph": 0.8385453896430333,
        "cmps": 0.8364433149217675
    },
    "7": {
        "cmph": 0.8075123331247863,
        "cmps": 0.8621810433282899
    },
    "8": {
        "cmph": 0.8034381378710536,
        "cmps": 0.828569722517729
    },
    "9": {
        "cmph": 0.8769097089246879,
        "cmps": 0.6216396367518776
    },
    "10": {
        "cmph": 0.8678676260441853,
        "cmps": 0.6116408564951543
    },
    "11": {
        "cmph": 0.8968691014099547,
        "cmps": 0.5796130228671529
    },
    "final": {
        "OverThreshold": 11,
        "Ratio": 100,
        "Frame": 11
    }
}