{
    "1": {
        "cmph": 0.0922189351267291,
        "cmps": 0.0705915626175831
    },
    "2": {
        "cmph": 0.0815904094877853,
        "cmps": 0.03957775952231052
    },
    "3": {
        "cmph": 0.14391739213510993,
        "cmps": 0.11917958234401656
    },
    "4": {
        "cmph": 0.09931863208896244,
        "cmps": 0.19547992616580825
    },
    "5": {
        "cmph": 0.05733415484289648,
        "cmps": 0.2786390629106524
    },
    "6": {
        "cmph": 0.06518269078154632,
        "cmps": 0.20251826844339788
    },
    "7": {
        "cmph": 0.14365026886923193,
        "cmps": 0.3516449013940449
    },
    "8": {
        "cmph": 0.16445573863084,
        "cmps": 0.432177695174119
    },
    "9": {
        "cmph": 0.06720448860189313,
        "cmps": 0.23187455196386833
    },
    "10": {
        "cmph": 0.09381234629983523,
        "cmps": 0.2298889422287458
    },
    "11": {
        "cmph": 0.01400651378586036,
        "cmps": 0.21055623861708986
    },
    "12": {
        "cmph": 0.030621177018353773,
        "cmps": 0.24266495971481253
    },
    "13": {
        "cmph": 0.05697348552098982,
        "cmps": 0.2825204974604059
    },
    "final": {
        "OverThreshold": 1,
        "Ratio": 7,
        "Frame": 13
    }
}