{
    "1": {
        "cmph": 0.021371831968004438,
        "cmps": 0.6086598888996929
    },
    "2": {
        "cmph": 0.023804653069263205,
        "cmps": 0.12980368555893818
    },
    "3": {
        "cmph": 0.02552644932937734,
        "cmps": 0.02817677231202209
    },
    "4": {
        "cmph": 0.025524239859582517,
        "cmps": 0.005439692717581787
    },
    "5": {
        "cmph": 0.022795968271113493,
        "cmps": 0.05647514659138986
    },
    "6": {
        "cmph": 0.023919765819559038,
        "cmps": 0.03268261878905335
    },
    "7": {
        "cmph": 0.02282151854295637,
        "cmps": 0.04993195062637034
    },
    "8": {
        "cmph": 0.021658055935145828,
        "cmps": 0.047751769683697494
    },
    "9": {
        "cmph": 0.021277835678725918,
        "cmps": 0.04836945504815487
    },
    "10": {
        "cmph": 0.02053708608530069,
        "cmps": 0.014347567574613208
    },
    "11": {
        "cmph": 0.022757838022093826,
        "cmps": 0.010809811232668453
    },
    "12": {
        "cmph": 0.02547844931892545,
        "cmps": 0.04731372605495648
    },
    "13": {
        "cmph": 0.02487787364548769,
        "cmps": 0.05108727017490458
    },
    "14": {
        "cmph": 0.02462334622229177,
        "cmps": 0.04514061500199993
    },
    "15": {
        "cmph": 0.023032140647516207,
        "cmps": 0.04571128163613796
    },
    "final": {
        "OverThreshold": 0,
        "Ratio": 0,
        "Frame": 15
    }
}