{
    "1": {
        "cmph": 0.008458214729564446,
        "cmps": 0.21235685502835996
    },
    "2": {
        "cmph": 0.009400080006131364,
        "cmps": 0.26158179752857397
    },
    "3": {
        "cmph": 0.00870373755274564,
        "cmps": 0.2766832665338398
    },
    "4": {
        "cmph": 0.044730647214722793,
        "cmps": 0.3382458076212111
    },
    "5": {
        "cmph": 0.05277707658140145,
        "cmps": 0.32472405177041724
    },
    "6": {
        "cmph": 0.06577025486424791,
        "cmps": 0.3035171208836872
    },
    "7": {
        "cmph": 0.06746188600325743,
        "cmps": 0.3591723292730809
    },
    "8": {
        "cmph": 0.073402061260666,
        "cmps": 0.3209868055621342
    },
    "9": {
        "cmph": 0.07193900173968597,
        "cmps": 0.29979704823491365
    },
    "10": {
        "cmph": 0.0640532290134934,
        "cmps": 0.30911337466418426
    },
    "11": {
        "cmph": 0.08893416169084385,
        "cmps": 0.26878260227427553
    },
    "final": {
        "OverThreshold": 0,
        "Ratio": 0,
        "Frame": 11
    }
}