{
    "1": {
        "cmph": 0.010769800431276677,
        "cmps": 0.0541197355896262
    },
    "2": {
        "cmph": 0.010990790381589406,
        "cmps": 0.04360168327036095
    },
    "3": {
        "cmph": 0.01055308990764239,
        "cmps": 0.03949056195542892
    },
    "4": {
        "cmph": 0.006976481296165955,
        "cmps": 0.045358576177827466
    },
    "5": {
        "cmph": 0.009622017307207442,
        "cmps": 0.04203421966847066
    },
    "6": {
        "cmph": 0.007958307326078273,
        "cmps": 0.04195419529976878
    },
    "7": {
        "cmph": 0.006481325314941135,
        "cmps": 0.03820619960608388
    },
    "8": {
        "cmph": 0.002040798493221162,
        "cmps": 0.041555647522016674
    },
    "9": {
        "cmph": 0.011981041357206393,
        "cmps": 0.04540890428000556
    },
    "10": {
        "cmph": 0.0074877363655903315,
        "cmps": 0.04322350105462712
    },
    "11": {
        "cmph": 0.01349725351341615,
        "cmps": 0.04274113608932084
    },
    "12": {
        "cmph": 0.026411176094525972,
        "cmps": 0.03903285966262949
    },
    "13": {
        "cmph": 0.012244957839964599,
        "cmps": 0.040317988821846666
    },
    "14": {
        "cmph": 0.01130916858988553,
        "cmps": 0.038294606658199046
    },
    "15": {
        "cmph": 0.0518229299513185,
        "cmps": 0.042901919196950265
    },
    "16": {
        "cmph": 0.11588330492998192,
        "cmps": 0.05426124228389283
    },
    "17": {
        "cmph": 0.25002239969663825,
        "cmps": 0.05939394508456611
    },
    "18": {
        "cmph": 0.7538430218848146,
        "cmps": 0.05471786183080152
    },
    "19": {
        "cmph": 0.34934060526216243,
        "cmps": 0.06172156834179951
    },
    "20": {
        "cmph": 0.5904048065225548,
        "cmps": 0.07071624375540107
    },
    "21": {
        "cmph": 0.6105402237630969,
        "cmps": 0.06961061907012854
    },
    "22": {
        "cmph": 0.6865643248346269,
        "cmps": 0.0708288354073927
    },
    "23": {
        "cmph": 0.6917106295761871,
        "cmps": 0.05687491849364851
    },
    "24": {
        "cmph": 0.744545006505019,
        "cmps": 0.05250102193744463
    },
    "25": {
        "cmph": 0.6703519349321634,
        "cmps": 0.055439298415223326
    },
    "26": {
        "cmph": 0.7001218409460959,
        "cmps": 0.05368654211888164
    },
    "27": {
        "cmph": 0.7077432875719659,
        "cmps": 0.057033605987998774
    },
    "28": {
        "cmph": 0.7328076134243583,
        "cmps": 0.05358691747123109
    },
    "29": {
        "cmph": 0.7629939256097856,
        "cmps": 0.0507700466934988
    },
    "30": {
        "cmph": 0.33645158191833324,
        "cmps": 0.05013867650973995
    },
    "31": {
        "cmph": 0.24624097036281187,
        "cmps": 0.049561563005022825
    },
    "32": {
        "cmph": 0.21930890383723745,
        "cmps": 0.04958213951805755
    },
    "33": {
        "cmph": 0.36626528502999445,
        "cmps": 0.03601877925137619
    },
    "34": {
        "cmph": 0.37243967236713854,
        "cmps": 0.030832406063380554
    },
    "35": {
        "cmph": 0.46499332713493485,
        "cmps": 0.034825857779950155
    },
    "36": {
        "cmph": 0.5465831274521935,
        "cmps": 0.03395347609010664
    },
    "final": {
        "OverThreshold": 4,
        "Ratio": 11,
        "Frame": 36
    }
}