{
    "1": {
        "cmph": 1.0,
        "cmps": 0.026212534282236907
    },
    "2": {
        "cmph": 1.0,
        "cmps": 0.03088515256435184
    },
    "3": {
        "cmph": 1.0,
        "cmps": 0.029498907013637575
    },
    "4": {
        "cmph": 0.07212264163868778,
        "cmps": 0.02881085295204361
    },
    "5": {
        "cmph": 0.05556740089400305,
        "cmps": 0.028171191710623787
    },
    "6": {
        "cmph": 1.0,
        "cmps": 0.017359922674229315
    },
    "7": {
        "cmph": 0.013155110079487286,
        "cmps": 0.01644106618611731
    },
    "8": {
        "cmph": 0.018247007352220693,
        "cmps": 0.02254785558254738
    },
    "9": {
        "cmph": 0.02358511877296628,
        "cmps": 0.04008981741267404
    },
    "10": {
        "cmph": 0.013459956536167486,
        "cmps": 0.05233117245400428
    },
    "11": {
        "cmph": 0.005622637046215231,
        "cmps": 0.048201478499365215
    },
    "12": {
        "cmph": 0.020356325479432766,
        "cmps": 0.04984625570411153
    },
    "final": {
        "OverThreshold": 2,
        "Ratio": 16,
        "Frame": 12
    }
}