{
    "1": {
        "cmph": 0.01669669724707802,
        "cmps": 0.06900976495079411
    },
    "2": {
        "cmph": 0.01763943833560092,
        "cmps": 0.07119329784491242
    },
    "3": {
        "cmph": 0.018390372294426412,
        "cmps": 0.06678724017474547
    },
    "4": {
        "cmph": 0.01719485780387303,
        "cmps": 0.05959684155568501
    },
    "5": {
        "cmph": 0.018282920058120756,
        "cmps": 0.06821782777952116
    },
    "6": {
        "cmph": 0.019062547146969623,
        "cmps": 0.06740937228234216
    },
    "7": {
        "cmph": 0.02002335509848728,
        "cmps": 0.06154842861060537
    },
    "8": {
        "cmph": 0.019237303433434102,
        "cmps": 0.06858197849875913
    },
    "9": {
        "cmph": 0.018735709237148845,
        "cmps": 0.07885339419460849
    },
    "10": {
        "cmph": 0.020835466324180343,
        "cmps": 0.0760137641674641
    },
    "11": {
        "cmph": 0.021252214757406507,
        "cmps": 0.07308707569156106
    },
    "12": {
        "cmph": 0.021057556854178965,
        "cmps": 0.06721420335947065
    },
    "13": {
        "cmph": 0.02078443513432543,
        "cmps": 0.06746267985552588
    },
    "14": {
        "cmph": 0.022192638677613483,
        "cmps": 0.0677945208473684
    },
    "15": {
        "cmph": 0.02050837860633723,
        "cmps": 0.07298195387887574
    },
    "16": {
        "cmph": 0.021886311102739787,
        "cmps": 0.0795013142218018
    },
    "17": {
        "cmph": 0.021162490028389012,
        "cmps": 0.07891780596224887
    },
    "18": {
        "cmph": 0.01865536443094853,
        "cmps": 0.06581663901104254
    },
    "19": {
        "cmph": 0.016786730352655967,
        "cmps": 0.055398734039166654
    },
    "20": {
        "cmph": 0.01750121883666939,
        "cmps": 0.05918587579429302
    },
    "21": {
        "cmph": 0.016845890922195666,
        "cmps": 0.052379366031753284
    },
    "22": {
        "cmph": 0.01776494132413904,
        "cmps": 0.0573398983840805
    },
    "23": {
        "cmph": 0.01718982854333412,
        "cmps": 0.06484731115062536
    },
    "24": {
        "cmph": 0.018166151605724,
        "cmps": 0.06539251201877701
    },
    "25": {
        "cmph": 0.01681612445721946,
        "cmps": 0.06112127526238664
    },
    "26": {
        "cmph": 0.018649831273289914,
        "cmps": 0.06810629445221314
    },
    "27": {
        "cmph": 0.01698920136304092,
        "cmps": 0.06637042741134493
    },
    "28": {
        "cmph": 0.01766829267985371,
        "cmps": 0.06267571186543043
    },
    "29": {
        "cmph": 0.019389586282100857,
        "cmps": 0.07184450440517977
    },
    "30": {
        "cmph": 0.01862958771693323,
        "cmps": 0.06462280846143553
    },
    "31": {
        "cmph": 0.019429276495174008,
        "cmps": 0.06081936018186943
    },
    "32": {
        "cmph": 0.01910474816103918,
        "cmps": 0.06270772401532673
    },
    "33": {
        "cmph": 0.02012632350164902,
        "cmps": 0.06506568667441394
    },
    "34": {
        "cmph": 0.020604793933233972,
        "cmps": 0.058776770662688334
    },
    "35": {
        "cmph": 0.023697643456184882,
        "cmps": 0.06310512995515685
    },
    "36": {
        "cmph": 0.02291199518451809,
        "cmps": 0.060576580154131955
    },
    "37": {
        "cmph": 0.021328633530784978,
        "cmps": 0.06158708402051318
    },
    "38": {
        "cmph": 0.020157314730056098,
        "cmps": 0.05707874770590956
    },
    "39": {
        "cmph": 0.021529695802041303,
        "cmps": 0.06493251530545306
    },
    "40": {
        "cmph": 0.02264094872082988,
        "cmps": 0.06600817947502947
    },
    "41": {
        "cmph": 0.022817854379663872,
        "cmps": 0.07162017749069605
    },
    "42": {
        "cmph": 0.023478603118715618,
        "cmps": 0.07249397398392247
    },
    "43": {
        "cmph": 0.022957573939006274,
        "cmps": 0.06917941695693872
    },
    "44": {
        "cmph": 0.019255345186613555,
        "cmps": 0.07592440190044958
    },
    "45": {
        "cmph": 0.02221229713699195,
        "cmps": 0.08214401168507712
    },
    "46": {
        "cmph": 0.02428091432370938,
        "cmps": 0.07097509041050706
    },
    "47": {
        "cmph": 0.02246812963989501,
        "cmps": 0.0662955667387181
    },
    "final": {
        "OverThreshold": 0,
        "Ratio": 0,
        "Frame": 47
    }
}