{
    "1": {
        "cmph": 0.7805946781707526,
        "cmps": 0.5810581907448819
    },
    "2": {
        "cmph": 0.764346661813128,
        "cmps": 0.5871031563255937
    },
    "3": {
        "cmph": 0.7806378096803227,
        "cmps": 0.5641630934369138
    },
    "4": {
        "cmph": 0.7804058206112372,
        "cmps": 0.6343857336472191
    },
    "5": {
        "cmph": 0.7384366040804267,
        "cmps": 0.6541012079573069
    },
    "6": {
        "cmph": 0.806768221098745,
        "cmps": 0.6967172488221445
    },
    "7": {
        "cmph": 0.7733321471194807,
        "cmps": 0.692797283279327
    },
    "8": {
        "cmph": 0.8141392199099886,
        "cmps": 0.7115217039909887
    },
    "9": {
        "cmph": 0.8133898217444586,
        "cmps": 0.7103410478395219
    },
    "10": {
        "cmph": 0.8167011052491993,
        "cmps": 0.7878572130171934
    },
    "11": {
        "cmph": 0.846656213578632,
        "cmps": 0.7480156414124051
    },
    "final": {
        "OverThreshold": 11,
        "Ratio": 100,
        "Frame": 11
    }
}