{
    "1": {
        "cmph": 0.02415506483865901,
        "cmps": 0.06250168022867791
    },
    "2": {
        "cmph": 0.024065422334977365,
        "cmps": 0.08161439238988955
    },
    "3": {
        "cmph": 0.04299762651286946,
        "cmps": 0.08743515160623079
    },
    "4": {
        "cmph": 0.05587610267662967,
        "cmps": 0.09566655656709354
    },
    "5": {
        "cmph": 0.07208225718560929,
        "cmps": 0.08658909269096392
    },
    "6": {
        "cmph": 0.05061041657349879,
        "cmps": 0.07045822038391161
    },
    "7": {
        "cmph": 0.022932097348793125,
        "cmps": 0.07110117930797721
    },
    "8": {
        "cmph": 0.01786483514944651,
        "cmps": 0.068603734906744
    },
    "9": {
        "cmph": 0.011041299996810973,
        "cmps": 0.07295794615196163
    },
    "10": {
        "cmph": 0.015442797891433819,
        "cmps": 0.06342992489239799
    },
    "11": {
        "cmph": 0.0144087349452821,
        "cmps": 0.06200385474093178
    },
    "final": {
        "OverThreshold": 0,
        "Ratio": 0,
        "Frame": 11
    }
}