{
    "1": {
        "cmph": 0.022435806825465934,
        "cmps": 0.02058258948860572
    },
    "2": {
        "cmph": 0.018526802154904043,
        "cmps": 0.04771932592528674
    },
    "3": {
        "cmph": 0.06438418954778419,
        "cmps": 0.07818431328630966
    },
    "4": {
        "cmph": 0.07624633996348705,
        "cmps": 0.08936950749588615
    },
    "5": {
        "cmph": 0.09153021155717099,
        "cmps": 0.0947408062934749
    },
    "6": {
        "cmph": 0.06299702193971805,
        "cmps": 0.09093253714238972
    },
    "7": {
        "cmph": 0.031206819390590525,
        "cmps": 0.08263861053623502
    },
    "8": {
        "cmph": 0.017877314516688086,
        "cmps": 0.08029548254610215
    },
    "9": {
        "cmph": 0.009192569513204954,
        "cmps": 0.09677643753412299
    },
    "10": {
        "cmph": 0.013868508154710342,
        "cmps": 0.08375677274084513
    },
    "11": {
        "cmph": 0.014560596247169736,
        "cmps": 0.08178295379302404
    },
    "12": {
        "cmph": 0.0033245430579329728,
        "cmps": 0.09023608024182808
    },
    "13": {
        "cmph": 9.741050516764145e-05,
        "cmps": 0.08371752458510658
    },
    "14": {
        "cmph": 0.021983595975245337,
        "cmps": 0.09374744404763266
    },
    "15": {
        "cmph": 0.045770144908767706,
        "cmps": 0.08727050599144393
    },
    "16": {
        "cmph": 0.0295269612648413,
        "cmps": 0.095909298413978
    },
    "17": {
        "cmph": 0.551404012766342,
        "cmps": 0.09709197241191647
    },
    "18": {
        "cmph": 0.4898550004121205,
        "cmps": 0.08454771772463278
    },
    "19": {
        "cmph": 0.6117836917703253,
        "cmps": 0.09708551636059591
    },
    "20": {
        "cmph": 0.6250692488426405,
        "cmps": 0.09303419135832978
    },
    "21": {
        "cmph": 0.6399226594895561,
        "cmps": 0.0984072551979206
    },
    "22": {
        "cmph": 0.6075700917730409,
        "cmps": 0.09340042629338582
    },
    "23": {
        "cmph": 0.6706256498304028,
        "cmps": 0.08877527611841995
    },
    "24": {
        "cmph": 0.706756870825606,
        "cmps": 0.090146561356378
    },
    "25": {
        "cmph": 0.6736071099759146,
        "cmps": 0.09367876540585499
    },
    "26": {
        "cmph": 0.6374388558875271,
        "cmps": 0.10327369561834544
    },
    "27": {
        "cmph": 0.6728322941424294,
        "cmps": 0.09686974472691039
    },
    "28": {
        "cmph": 0.6496205549519645,
        "cmps": 0.09632273123797432
    },
    "29": {
        "cmph": 0.38917779861501434,
        "cmps": 0.09454277628505095
    },
    "30": {
        "cmph": 0.45217952996612576,
        "cmps": 0.08875672285695353
    },
    "31": {
        "cmph": 0.47017781810786696,
        "cmps": 0.0859759639984059
    },
    "32": {
        "cmph": 0.4833520400509572,
        "cmps": 0.08695502198264549
    },
    "33": {
        "cmph": 0.5498196906179421,
        "cmps": 0.09087141000378325
    },
    "34": {
        "cmph": 0.6166654766604738,
        "cmps": 0.0858958569896106
    },
    "35": {
        "cmph": 0.589454422687084,
        "cmps": 0.10108164314899183
    },
    "36": {
        "cmph": 0.6002177636856176,
        "cmps": 0.11488154548035528
    },
    "37": {
        "cmph": 0.6411525609752794,
        "cmps": 0.11756697542305322
    },
    "final": {
        "OverThreshold": 28,
        "Ratio": 75,
        "Frame": 37
    }
}