{
    "1": {
        "cmph": 0.12404680233594564,
        "cmps": 0.02352811995895827
    },
    "2": {
        "cmph": 0.11113579161252975,
        "cmps": 0.03035218691438025
    },
    "3": {
        "cmph": 0.13792522737204124,
        "cmps": 0.005317563424593727
    },
    "4": {
        "cmph": 0.1260975924184314,
        "cmps": 0.008739512475318465
    },
    "5": {
        "cmph": 0.2130303098046759,
        "cmps": 0.0013598313220327134
    },
    "6": {
        "cmph": 0.2227056507026318,
        "cmps": 0.006045127539758396
    },
    "7": {
        "cmph": 0.22685198447374602,
        "cmps": 0.011844483291424304
    },
    "8": {
        "cmph": 0.22185980877834754,
        "cmps": 0.009408552463720174
    },
    "9": {
        "cmph": 0.24165704397540955,
        "cmps": 0.021882935048498853
    },
    "10": {
        "cmph": 0.34267426374346216,
        "cmps": 0.04401086300769994
    },
    "11": {
        "cmph": 0.40206055595427526,
        "cmps": 0.04029036912116733
    },
    "12": {
        "cmph": 0.33753017046372613,
        "cmps": 0.04630368954599897
    },
    "13": {
        "cmph": 0.46728845656048673,
        "cmps": 0.05223690453067138
    },
    "14": {
        "cmph": 0.5635912478269314,
        "cmps": 0.05383361000858743
    },
    "15": {
        "cmph": 0.5442754055206362,
        "cmps": 0.0636661176020562
    },
    "16": {
        "cmph": 0.6048700053752671,
        "cmps": 0.0635793597564387
    },
    "17": {
        "cmph": 0.6151540009824138,
        "cmps": 0.06219733561100849
    },
    "18": {
        "cmph": 0.6498833078561149,
        "cmps": 0.05666845156691883
    },
    "19": {
        "cmph": 0.7177280024263074,
        "cmps": 0.04298003787870138
    },
    "20": {
        "cmph": 0.7154025741544227,
        "cmps": 0.03561544700123006
    },
    "21": {
        "cmph": 0.6392565776611836,
        "cmps": 0.03735700358552948
    },
    "22": {
        "cmph": 0.8070779645587759,
        "cmps": 0.03644094469023246
    },
    "23": {
        "cmph": 0.7567588405742436,
        "cmps": 0.030120093753661707
    },
    "24": {
        "cmph": 0.8456473015484914,
        "cmps": 0.02272169387908211
    },
    "25": {
        "cmph": 0.8481628032777067,
        "cmps": 0.01895244408739124
    },
    "26": {
        "cmph": 0.8646295410473109,
        "cmps": 0.01672669918134267
    },
    "27": {
        "cmph": 0.8522939491447838,
        "cmps": 0.0136399569427664
    },
    "28": {
        "cmph": 0.8749087866029193,
        "cmps": 0.015479223752504084
    },
    "29": {
        "cmph": 0.8781874142462919,
        "cmps": 0.01711306880749899
    },
    "30": {
        "cmph": 0.407956950727944,
        "cmps": 0.0036423856059121977
    },
    "31": {
        "cmph": 0.393233985985797,
        "cmps": 0.005181937344126188
    },
    "32": {
        "cmph": 0.4304192435048942,
        "cmps": 0.005336742830448837
    },
    "33": {
        "cmph": 0.4754120214017694,
        "cmps": 0.041605230240549164
    },
    "34": {
        "cmph": 0.507330753265689,
        "cmps": 0.011014072630186047
    },
    "35": {
        "cmph": 0.6329506283002386,
        "cmps": 0.026403254254402552
    },
    "36": {
        "cmph": 0.6692332681792155,
        "cmps": 0.03687317156303944
    },
    "37": {
        "cmph": 0.6647589594611707,
        "cmps": 0.06686310314148813
    },
    "38": {
        "cmph": 0.6426481946697554,
        "cmps": 0.048300806915729695
    },
    "39": {
        "cmph": 0.6580496870397894,
        "cmps": 0.06336709759981973
    },
    "40": {
        "cmph": 0.6497714370820732,
        "cmps": 0.027727178044624556
    },
    "41": {
        "cmph": 0.6327901930109338,
        "cmps": 0.04838079810594047
    },
    "42": {
        "cmph": 0.63609535989558,
        "cmps": 0.07031967902059509
    },
    "final": {
        "OverThreshold": 38,
        "Ratio": 90,
        "Frame": 42
    }
}