{
    "1": {
        "cmph": 0.14080035231385948,
        "cmps": 0.046105928525880545
    },
    "2": {
        "cmph": 0.18290257430369042,
        "cmps": 0.04687228859038783
    },
    "3": {
        "cmph": 0.1653292266208823,
        "cmps": 0.0529093756079234
    },
    "4": {
        "cmph": 0.1245704042957032,
        "cmps": 0.053817743564596635
    },
    "5": {
        "cmph": 0.1312642035834905,
        "cmps": 0.055891246272541925
    },
    "6": {
        "cmph": 0.14366472492980084,
        "cmps": 0.05972769529179
    },
    "7": {
        "cmph": 0.13321601539874997,
        "cmps": 0.05219694033136788
    },
    "8": {
        "cmph": 0.06518566149221554,
        "cmps": 0.05030858686187207
    },
    "9": {
        "cmph": 0.03792026100265004,
        "cmps": 0.05465031724299673
    },
    "10": {
        "cmph": 0.043280365617627305,
        "cmps": 0.052391008891891945
    },
    "11": {
        "cmph": 0.03602367929767913,
        "cmps": 0.06061857922764328
    },
    "12": {
        "cmph": 0.00753791665733621,
        "cmps": 0.0634558088568216
    },
    "13": {
        "cmph": 0.0012645219561942974,
        "cmps": 0.061947564189112285
    },
    "14": {
        "cmph": 0.006861757762540509,
        "cmps": 0.052436917514942914
    },
    "15": {
        "cmph": 0.009744701582468566,
        "cmps": 0.052040537246314085
    },
    "16": {
        "cmph": 0.011778167556230274,
        "cmps": 0.051610550662429214
    },
    "17": {
        "cmph": 0.013362297421968055,
        "cmps": 0.059865077049198835
    },
    "18": {
        "cmph": 0.01456509795183443,
        "cmps": 0.064604336165103
    },
    "19": {
        "cmph": 0.014368119360423742,
        "cmps": 0.062275049167969894
    },
    "20": {
        "cmph": 0.015386896615309903,
        "cmps": 0.06393183665843015
    },
    "21": {
        "cmph": 0.015162583140304949,
        "cmps": 0.06601244934072256
    },
    "final": {
        "OverThreshold": 2,
        "Ratio": 9,
        "Frame": 21
    }
}