{
    "1": {
        "cmph": 0.27369679096085536,
        "cmps": 0.042420826666999624
    },
    "2": {
        "cmph": 0.3007062416731641,
        "cmps": 0.04163620090107877
    },
    "3": {
        "cmph": 0.36154308878753677,
        "cmps": 0.02040379730639531
    },
    "4": {
        "cmph": 0.292408607058483,
        "cmps": 0.004180983275986494
    },
    "5": {
        "cmph": 0.40144434973113824,
        "cmps": 0.025283031245482604
    },
    "6": {
        "cmph": 0.3556288360541685,
        "cmps": 0.011906043643895813
    },
    "7": {
        "cmph": 0.3961893152697949,
        "cmps": 0.03275816137245181
    },
    "8": {
        "cmph": 0.3831580576972003,
        "cmps": 0.012869769116229205
    },
    "9": {
        "cmph": 0.40074483775557995,
        "cmps": 0.005301780619539371
    },
    "10": {
        "cmph": 0.5554347381450426,
        "cmps": 0.0349702247004593
    },
    "11": {
        "cmph": 0.5307912696107001,
        "cmps": 0.03324285458666599
    },
    "12": {
        "cmph": 0.40019649316875106,
        "cmps": 0.04498571657366458
    },
    "final": {
        "OverThreshold": 12,
        "Ratio": 100,
        "Frame": 12
    }
}