{
    "1": {
        "cmph": 0.2721624505979362,
        "cmps": 0.08680885070842291
    },
    "2": {
        "cmph": 0.26870823490431206,
        "cmps": 0.06556356792704579
    },
    "3": {
        "cmph": 0.2587739586634032,
        "cmps": 0.06937661632552496
    },
    "4": {
        "cmph": 0.36805595878895336,
        "cmps": 0.026441766455908376
    },
    "5": {
        "cmph": 0.30973851990643514,
        "cmps": 0.032200701340539366
    },
    "6": {
        "cmph": 0.05506835984591734,
        "cmps": 0.0642237309816103
    },
    "7": {
        "cmph": 0.03854900101428121,
        "cmps": 0.07172106985071364
    },
    "8": {
        "cmph": 0.05915449540096976,
        "cmps": 0.06220289978234521
    },
    "9": {
        "cmph": 0.09288156589092811,
        "cmps": 0.005295254906569045
    },
    "10": {
        "cmph": 0.07906028288828773,
        "cmps": 0.005310395155029906
    },
    "11": {
        "cmph": 0.04503275902439295,
        "cmps": 0.019019500170196123
    },
    "final": {
        "OverThreshold": 2,
        "Ratio": 18,
        "Frame": 11
    }
}