{
    "1": {
        "cmph": 0.03209206529473351,
        "cmps": 0.14201292128507156
    },
    "2": {
        "cmph": 0.025783406835977424,
        "cmps": 0.11744525554049172
    },
    "3": {
        "cmph": 0.022256475703703864,
        "cmps": 0.1131528843820842
    },
    "4": {
        "cmph": 0.01522545535146102,
        "cmps": 0.10799873206720995
    },
    "5": {
        "cmph": 0.018185733989528167,
        "cmps": 0.11704396376418039
    },
    "6": {
        "cmph": 0.01975830384136335,
        "cmps": 0.1207060674511267
    },
    "7": {
        "cmph": 0.01852026235367025,
        "cmps": 0.10639720864331473
    },
    "8": {
        "cmph": 0.019898539843958465,
        "cmps": 0.10116666177157355
    },
    "9": {
        "cmph": 0.01828961290832594,
        "cmps": 0.10673435695182941
    },
    "10": {
        "cmph": 0.019280497645043873,
        "cmps": 0.12195227091056668
    },
    "11": {
        "cmph": 0.021134855581319993,
        "cmps": 0.1134691586736399
    },
    "12": {
        "cmph": 0.016609051545952075,
        "cmps": 0.09442828708227385
    },
    "13": {
        "cmph": 0.014655328388401652,
        "cmps": 0.08899701762634907
    },
    "14": {
        "cmph": 0.01700192835262101,
        "cmps": 0.09189134176777178
    },
    "15": {
        "cmph": 0.01579473918099083,
        "cmps": 0.08515278328024029
    },
    "16": {
        "cmph": 0.016849691903489724,
        "cmps": 0.08568287918984918
    },
    "17": {
        "cmph": 0.01586535873535616,
        "cmps": 0.0774321956677609
    },
    "18": {
        "cmph": 0.01760988313360296,
        "cmps": 0.08613970497999647
    },
    "19": {
        "cmph": 0.017399594740922834,
        "cmps": 0.08539583996527673
    },
    "20": {
        "cmph": 0.019575954892406343,
        "cmps": 0.09118411008066155
    },
    "21": {
        "cmph": 0.019764625481011235,
        "cmps": 0.08823502277987169
    },
    "22": {
        "cmph": 0.02006159340324969,
        "cmps": 0.08866440019423395
    },
    "final": {
        "OverThreshold": 0,
        "Ratio": 0,
        "Frame": 22
    }
}