{
    "1": {
        "cmph": 1.0,
        "cmps": 0.02532293501461328
    },
    "2": {
        "cmph": 1.0,
        "cmps": 0.02785625015220762
    },
    "3": {
        "cmph": 1.0,
        "cmps": 0.027002187704506388
    },
    "4": {
        "cmph": 0.009217153004547412,
        "cmps": 0.029731206366470413
    },
    "5": {
        "cmph": 0.010752691248150037,
        "cmps": 0.029803389426351353
    },
    "6": {
        "cmph": 1.0,
        "cmps": 0.02042727617811703
    },
    "7": {
        "cmph": 0.02376858308090201,
        "cmps": 0.02029553290969657
    },
    "8": {
        "cmph": 0.018857611820991958,
        "cmps": 0.028243117999602687
    },
    "9": {
        "cmph": 0.02208949635039628,
        "cmps": 0.04434854415336012
    },
    "10": {
        "cmph": 0.013049235711869374,
        "cmps": 0.059028815799643426
    },
    "11": {
        "cmph": 0.028218838552876033,
        "cmps": 0.05796431251419695
    },
    "12": {
        "cmph": 0.025035255609470806,
        "cmps": 0.06014512142192707
    },
    "13": {
        "cmph": 0.028624615960026384,
        "cmps": 0.06654621331146388
    },
    "14": {
        "cmph": 0.022265763512121325,
        "cmps": 0.07427074509071471
    },
    "15": {
        "cmph": 0.013573422801045034,
        "cmps": 0.07810030243018744
    },
    "16": {
        "cmph": 0.01713334079950798,
        "cmps": 0.08083130898350246
    },
    "17": {
        "cmph": 1.0,
        "cmps": 0.06438548800519267
    },
    "18": {
        "cmph": 0.014846512469696187,
        "cmps": 0.06463553253507051
    },
    "19": {
        "cmph": 0.014088510733061487,
        "cmps": 0.06657567876933876
    },
    "20": {
        "cmph": 1.0,
        "cmps": 0.06643764937486206
    },
    "21": {
        "cmph": 0.012843613159748128,
        "cmps": 0.06842520504794611
    },
    "22": {
        "cmph": 0.018068902770539227,
        "cmps": 0.06723288302799568
    },
    "23": {
        "cmph": 0.017713041274904633,
        "cmps": 0.06495308634283199
    },
    "24": {
        "cmph": 0.016186674389984265,
        "cmps": 0.05942302080832542
    },
    "25": {
        "cmph": 0.023066643837674376,
        "cmps": 0.062402549350385306
    },
    "26": {
        "cmph": 0.0230407512470812,
        "cmps": 0.06335834580716529
    },
    "27": {
        "cmph": 0.028000340740779558,
        "cmps": 0.06574114686846302
    },
    "28": {
        "cmph": 0.01521779748153135,
        "cmps": 0.06237820232365043
    },
    "29": {
        "cmph": 0.019957295425148944,
        "cmps": 0.05442442463446571
    },
    "30": {
        "cmph": 0.02299091853220516,
        "cmps": 0.05630406286753987
    },
    "31": {
        "cmph": 0.027070129539617613,
        "cmps": 0.05675362504359146
    },
    "32": {
        "cmph": 0.029472670365964748,
        "cmps": 0.05160846201970758
    },
    "33": {
        "cmph": 0.017802146817442677,
        "cmps": 0.04603984248750567
    },
    "34": {
        "cmph": 0.018810385459933944,
        "cmps": 0.044029838165942234
    },
    "35": {
        "cmph": 0.013036509866465894,
        "cmps": 0.05606627603209022
    },
    "final": {
        "OverThreshold": 63,
        "Ratio": 8,
        "Frame": 35
    }
}