{
    "1": {
        "cmph": 0.03373366031590574,
        "cmps": 0.15215390678073284
    },
    "2": {
        "cmph": 0.026451090508072112,
        "cmps": 0.12786831555641728
    },
    "3": {
        "cmph": 0.023658195135608535,
        "cmps": 0.12274630642991796
    },
    "4": {
        "cmph": 0.0163291362692287,
        "cmps": 0.11914819419469887
    },
    "5": {
        "cmph": 0.019909241732183888,
        "cmps": 0.1213157831620527
    },
    "6": {
        "cmph": 0.01974339032221865,
        "cmps": 0.13055613051850218
    },
    "7": {
        "cmph": 0.018088373573789868,
        "cmps": 0.11580983744814438
    },
    "8": {
        "cmph": 0.019251519400974672,
        "cmps": 0.10467186300195072
    },
    "9": {
        "cmph": 0.017918193496169542,
        "cmps": 0.09893585088322072
    },
    "10": {
        "cmph": 0.01788124142023725,
        "cmps": 0.1072879920418742
    },
    "11": {
        "cmph": 0.019022111556509888,
        "cmps": 0.09953895709072079
    },
    "12": {
        "cmph": 0.016480928075950543,
        "cmps": 0.09259880566437441
    },
    "13": {
        "cmph": 0.01503473527057933,
        "cmps": 0.08821623667309417
    },
    "14": {
        "cmph": 0.016826635577472833,
        "cmps": 0.08964257116215153
    },
    "15": {
        "cmph": 0.015682531356615674,
        "cmps": 0.08266079373243604
    },
    "16": {
        "cmph": 0.016318495124713027,
        "cmps": 0.08302468407653285
    },
    "17": {
        "cmph": 0.016434163138113272,
        "cmps": 0.07415058263598275
    },
    "18": {
        "cmph": 0.019838462443044085,
        "cmps": 0.08914802444636193
    },
    "19": {
        "cmph": 0.01965129324028887,
        "cmps": 0.08727912061850637
    },
    "20": {
        "cmph": 0.023352756409938186,
        "cmps": 0.092789190601425
    },
    "21": {
        "cmph": 0.02391442112685033,
        "cmps": 0.09302520736539245
    },
    "22": {
        "cmph": 0.024047966296326894,
        "cmps": 0.0947504938860737
    },
    "final": {
        "OverThreshold": 0,
        "Ratio": 0,
        "Frame": 22
    }
}