{
    "1": {
        "cmph": 0.02562745809276262,
        "cmps": 0.13068744341759314
    },
    "2": {
        "cmph": 0.027149890050665773,
        "cmps": 0.1359164836490022
    },
    "3": {
        "cmph": 0.028786603758159876,
        "cmps": 0.12581723854828084
    },
    "4": {
        "cmph": 0.028921903515871088,
        "cmps": 0.11577156407984615
    },
    "5": {
        "cmph": 0.026094297911516625,
        "cmps": 0.11078521522891564
    },
    "6": {
        "cmph": 0.02740012954534449,
        "cmps": 0.1118499409083543
    },
    "final": {
        "OverThreshold": 0,
        "Ratio": 0,
        "Frame": 6
    }
}