{
    "1": {
        "cmph": 0.023009557486567092,
        "cmps": 0.30383721004401326
    },
    "2": {
        "cmph": 0.02661426442876176,
        "cmps": 0.060932560216636227
    },
    "3": {
        "cmph": 0.027813082323263977,
        "cmps": 0.051825159505651065
    },
    "4": {
        "cmph": 0.02642884242230147,
        "cmps": 0.005373441772739723
    },
    "5": {
        "cmph": 0.02391405839276388,
        "cmps": 0.04067905375818967
    },
    "6": {
        "cmph": 0.02486041310967648,
        "cmps": 0.02067501059662551
    },
    "7": {
        "cmph": 0.02301499490325817,
        "cmps": 0.03264177606032309
    },
    "8": {
        "cmph": 0.021412395042480974,
        "cmps": 0.03476542618697581
    },
    "9": {
        "cmph": 0.022319212731353205,
        "cmps": 0.010617420006722963
    },
    "10": {
        "cmph": 0.02145862154833496,
        "cmps": 0.024834952563163207
    },
    "11": {
        "cmph": 0.022342630058118308,
        "cmps": 0.03758649605438812
    },
    "final": {
        "OverThreshold": 0,
        "Ratio": 0,
        "Frame": 11
    }
}