{
    "1": {
        "cmph": 0.01793789397898024,
        "cmps": 0.04976202189599889
    },
    "2": {
        "cmph": 0.01855896866620607,
        "cmps": 0.09825147458258734
    },
    "3": {
        "cmph": 0.01676780514439379,
        "cmps": 0.0879242474200354
    },
    "4": {
        "cmph": 0.014300208047589557,
        "cmps": 0.10572937268464984
    },
    "5": {
        "cmph": 0.014446911961073339,
        "cmps": 0.18068136602406407
    },
    "6": {
        "cmph": 0.012522495878734068,
        "cmps": 0.18985306065321528
    },
    "7": {
        "cmph": 0.013737360505814027,
        "cmps": 0.20567902518392395
    },
    "8": {
        "cmph": 0.014091080718398027,
        "cmps": 0.1417801444887635
    },
    "9": {
        "cmph": 0.013492277244314642,
        "cmps": 0.10335101131437714
    },
    "10": {
        "cmph": 0.01290673533112322,
        "cmps": 0.040645839060096646
    },
    "11": {
        "cmph": 0.01387376387666852,
        "cmps": 0.12288797025658751
    },
    "12": {
        "cmph": 0.013389108736457172,
        "cmps": 0.13591192687228712
    },
    "13": {
        "cmph": 0.012235623431428434,
        "cmps": 0.07892320006306487
    },
    "14": {
        "cmph": 0.012785124039157315,
        "cmps": 0.12224376248075527
    },
    "15": {
        "cmph": 0.012206913023947255,
        "cmps": 0.12446393730796286
    },
    "16": {
        "cmph": 0.013186494872444119,
        "cmps": 0.07552298114474144
    },
    "17": {
        "cmph": 0.012512528414248518,
        "cmps": 0.07278673408831228
    },
    "18": {
        "cmph": 0.01568882070051679,
        "cmps": 0.11521461165994716
    },
    "19": {
        "cmph": 0.017095841808356445,
        "cmps": 0.16253921743607125
    },
    "20": {
        "cmph": 0.017473153368285196,
        "cmps": 0.1463643128668309
    },
    "final": {
        "OverThreshold": 0,
        "Ratio": 0,
        "Frame": 20
    }
}