{
    "1": {
        "cmph": 0.1454702234168359,
        "cmps": 0.09567943285787023
    },
    "2": {
        "cmph": 0.25016324097475845,
        "cmps": 0.13396963962859793
    },
    "3": {
        "cmph": 0.2251138134365367,
        "cmps": 0.11701838084728307
    },
    "4": {
        "cmph": 0.2531163820817024,
        "cmps": 0.10048079048648728
    },
    "5": {
        "cmph": 0.2902141922967717,
        "cmps": 0.12600605496711387
    },
    "6": {
        "cmph": 0.39276134203650687,
        "cmps": 0.1365559700719105
    },
    "7": {
        "cmph": 0.33666418654292274,
        "cmps": 0.1313355488662649
    },
    "8": {
        "cmph": 0.26071117622366446,
        "cmps": 0.1475202556384276
    },
    "9": {
        "cmph": 0.252465702682682,
        "cmps": 0.1573525501739457
    },
    "10": {
        "cmph": 0.2752390280794621,
        "cmps": 0.15864354605063355
    },
    "11": {
        "cmph": 0.17410076991627949,
        "cmps": 0.1553621738306704
    },
    "12": {
        "cmph": 0.10644587640735088,
        "cmps": 0.10081745440914014
    },
    "13": {
        "cmph": 0.18486063250322723,
        "cmps": 0.09935184573631775
    },
    "14": {
        "cmph": 0.24757362657821935,
        "cmps": 0.10663580734002506
    },
    "15": {
        "cmph": 0.2601895561902701,
        "cmps": 0.06117822010729313
    },
    "final": {
        "OverThreshold": 13,
        "Ratio": 86,
        "Frame": 15
    }
}