{
    "1": {
        "cmph": 0.05263769687106287,
        "cmps": 0.07511191175180744
    },
    "2": {
        "cmph": 0.07943617183186252,
        "cmps": 0.08454763072849518
    },
    "3": {
        "cmph": 0.09072960849196904,
        "cmps": 0.08814362448651597
    },
    "4": {
        "cmph": 0.07104794596520284,
        "cmps": 0.10496337993170289
    },
    "5": {
        "cmph": 0.08741338488540391,
        "cmps": 0.1235008540551448
    },
    "6": {
        "cmph": 0.08158363701862491,
        "cmps": 0.1280266487326075
    },
    "7": {
        "cmph": 0.09010815261430692,
        "cmps": 0.11875848257024176
    },
    "8": {
        "cmph": 0.1703406469114242,
        "cmps": 0.14093222792413182
    },
    "9": {
        "cmph": 0.15515538430085926,
        "cmps": 0.14413568394166254
    },
    "10": {
        "cmph": 0.08715889148543908,
        "cmps": 0.13267964736640678
    },
    "11": {
        "cmph": 0.10125656963210994,
        "cmps": 0.12286146448680754
    },
    "12": {
        "cmph": 0.08567264001852275,
        "cmps": 0.10656426224406318
    },
    "13": {
        "cmph": 0.0667228921902218,
        "cmps": 0.10018540467073808
    },
    "14": {
        "cmph": 0.08356055091903994,
        "cmps": 0.09788539331765203
    },
    "15": {
        "cmph": 0.07465126888930342,
        "cmps": 0.09557272430113746
    },
    "16": {
        "cmph": 0.09945219772002076,
        "cmps": 0.09727079807097043
    },
    "17": {
        "cmph": 0.1477458654583386,
        "cmps": 0.09126873780942463
    },
    "18": {
        "cmph": 0.1749803680300401,
        "cmps": 0.09755033188009402
    },
    "19": {
        "cmph": 0.1378185649995978,
        "cmps": 0.10051266251955286
    },
    "20": {
        "cmph": 0.13053075504169778,
        "cmps": 0.07928159477094163
    },
    "final": {
        "OverThreshold": 12,
        "Ratio": 60,
        "Frame": 20
    }
}