{
    "1": {
        "cmph": 0.01604345786000224,
        "cmps": 0.04674243802246116
    },
    "2": {
        "cmph": 0.01633734892867514,
        "cmps": 0.038038009431848124
    },
    "3": {
        "cmph": 0.015150596788453834,
        "cmps": 0.030149017036356744
    },
    "4": {
        "cmph": 0.014302193753087483,
        "cmps": 0.022527219854816833
    },
    "5": {
        "cmph": 0.012389816757670395,
        "cmps": 0.04111380721465212
    },
    "6": {
        "cmph": 0.010931850276087616,
        "cmps": 0.04902619921599303
    },
    "7": {
        "cmph": 0.0113899288429057,
        "cmps": 0.05579814757754481
    },
    "8": {
        "cmph": 0.012316741922063229,
        "cmps": 0.055597000131279745
    },
    "9": {
        "cmph": 0.012762262857640299,
        "cmps": 0.06238885372540693
    },
    "10": {
        "cmph": 0.011736670236818125,
        "cmps": 0.05709677911055897
    },
    "11": {
        "cmph": 0.012628405911493537,
        "cmps": 0.05212324488625271
    },
    "12": {
        "cmph": 0.012179164208529,
        "cmps": 0.04566427166517446
    },
    "13": {
        "cmph": 0.01345485163845759,
        "cmps": 0.05243152216105913
    },
    "14": {
        "cmph": 0.012830100185281487,
        "cmps": 0.0488948911548492
    },
    "15": {
        "cmph": 0.013493150916961032,
        "cmps": 0.028032505515960586
    },
    "16": {
        "cmph": 0.01575878886304644,
        "cmps": 0.008329893697243112
    },
    "17": {
        "cmph": 0.01737101389363457,
        "cmps": 0.05673264256397132
    },
    "18": {
        "cmph": 0.020397220560156807,
        "cmps": 0.24155627152578754
    },
    "19": {
        "cmph": 0.023244792990177097,
        "cmps": 0.1452893723568799
    },
    "20": {
        "cmph": 0.024744561871947412,
        "cmps": 0.2773299993504677
    },
    "final": {
        "OverThreshold": 0,
        "Ratio": 0,
        "Frame": 20
    }
}