{
    "1": {
        "cmph": 0.022175754673965067,
        "cmps": 0.6781806058092438
    },
    "2": {
        "cmph": 0.03238056116445155,
        "cmps": 0.4513157230137072
    },
    "3": {
        "cmph": 0.03530558081035514,
        "cmps": 0.3361658060449241
    },
    "4": {
        "cmph": 0.034166118415501136,
        "cmps": 0.3285411270045059
    },
    "5": {
        "cmph": 0.026813770081720156,
        "cmps": 0.399500583184449
    },
    "6": {
        "cmph": 0.02907890641407226,
        "cmps": 0.3663954936502499
    },
    "7": {
        "cmph": 0.026945109324193292,
        "cmps": 0.3756967731613385
    },
    "8": {
        "cmph": 0.024791637503847025,
        "cmps": 0.3615260278665416
    },
    "9": {
        "cmph": 0.025232212155146018,
        "cmps": 0.41170769354726633
    },
    "10": {
        "cmph": 0.022813963465014433,
        "cmps": 0.5026525951326749
    },
    "11": {
        "cmph": 0.026454119320780168,
        "cmps": 0.4400964299948714
    },
    "12": {
        "cmph": 0.027821549435998884,
        "cmps": 0.7132562533773614
    },
    "13": {
        "cmph": 0.0263311248222827,
        "cmps": 0.5697237978118616
    },
    "14": {
        "cmph": 0.026000839380825258,
        "cmps": 0.49132005956553626
    },
    "15": {
        "cmph": 0.024544597866423858,
        "cmps": 0.49709705653380676
    },
    "final": {
        "OverThreshold": 0,
        "Ratio": 0,
        "Frame": 15
    }
}