{
    "1": {
        "cmph": 0.020451691987208292,
        "cmps": 0.617812781660233
    },
    "2": {
        "cmph": 0.023215387323753438,
        "cmps": 0.15127812122404038
    },
    "3": {
        "cmph": 0.02412055428279161,
        "cmps": 0.0868711492865635
    },
    "4": {
        "cmph": 0.023799064932441254,
        "cmps": 0.060444145235704405
    },
    "5": {
        "cmph": 0.020822561732325714,
        "cmps": 0.021266573894628424
    },
    "6": {
        "cmph": 0.023967616721898833,
        "cmps": 0.017018793110369437
    },
    "7": {
        "cmph": 0.023359853998949656,
        "cmps": 0.021249929765745867
    },
    "8": {
        "cmph": 0.022457385533788187,
        "cmps": 0.0299475486263148
    },
    "9": {
        "cmph": 0.02181502550395222,
        "cmps": 0.012433761343152031
    },
    "10": {
        "cmph": 0.022144169445392423,
        "cmps": 0.012913047452206033
    },
    "11": {
        "cmph": 0.025285500955619215,
        "cmps": 0.0010105435567236939
    },
    "12": {
        "cmph": 0.02567651992040829,
        "cmps": 0.04267088198717806
    },
    "13": {
        "cmph": 0.024250071671912864,
        "cmps": 0.05989982328280227
    },
    "14": {
        "cmph": 0.024879861832490063,
        "cmps": 0.06106392085843937
    },
    "15": {
        "cmph": 0.023196934604179983,
        "cmps": 0.05734641517595862
    },
    "final": {
        "OverThreshold": 0,
        "Ratio": 0,
        "Frame": 15
    }
}