{
    "1": {
        "cmph": 0.019956041330089463,
        "cmps": 0.5389797558995483
    },
    "2": {
        "cmph": 0.026216905476030908,
        "cmps": 0.15019292264622988
    },
    "3": {
        "cmph": 0.028014321943405918,
        "cmps": 0.11132165860284146
    },
    "4": {
        "cmph": 0.02524783470928162,
        "cmps": 0.07058906398316463
    },
    "5": {
        "cmph": 0.02225167990662287,
        "cmps": 0.007195522917150777
    },
    "6": {
        "cmph": 0.02379632774654809,
        "cmps": 0.0023708480666751056
    },
    "7": {
        "cmph": 0.022732939181451587,
        "cmps": 0.02621665412306178
    },
    "8": {
        "cmph": 0.021730221347038645,
        "cmps": 0.03734451664691914
    },
    "9": {
        "cmph": 0.023292064218420783,
        "cmps": 0.013101828631495166
    },
    "10": {
        "cmph": 0.02284115061186304,
        "cmps": 0.006928180749807736
    },
    "11": {
        "cmph": 0.024026228750426686,
        "cmps": 0.032680554375902095
    },
    "12": {
        "cmph": 0.024345804778921305,
        "cmps": 0.044717127904877585
    },
    "final": {
        "OverThreshold": 0,
        "Ratio": 0,
        "Frame": 12
    }
}