{
    "1": {
        "cmph": 0.03162336401233315,
        "cmps": 0.11129020271455436
    },
    "2": {
        "cmph": 0.02909289045123101,
        "cmps": 0.09964530795222405
    },
    "3": {
        "cmph": 0.02651794420591072,
        "cmps": 0.09785097433380573
    },
    "4": {
        "cmph": 0.02335381920795522,
        "cmps": 0.09987158962839048
    },
    "5": {
        "cmph": 0.0231639780693136,
        "cmps": 0.10456155346896306
    },
    "6": {
        "cmph": 0.020820666396212977,
        "cmps": 0.11025688099303516
    },
    "final": {
        "OverThreshold": 0,
        "Ratio": 0,
        "Frame": 6
    }
}