{
    "1": {
        "cmph": 0.019595134767265297,
        "cmps": 0.023793255634520637
    },
    "2": {
        "cmph": 0.01989698165339293,
        "cmps": 0.01947364327457666
    },
    "3": {
        "cmph": 0.021793532123203504,
        "cmps": 0.02295925972226402
    },
    "4": {
        "cmph": 0.020661569844441705,
        "cmps": 0.026637091626517808
    },
    "5": {
        "cmph": 0.025394256213049537,
        "cmps": 0.03133878314198827
    },
    "6": {
        "cmph": 0.022756936055290302,
        "cmps": 0.03489900082464821
    },
    "7": {
        "cmph": 0.023622617048296414,
        "cmps": 0.04738685652778929
    },
    "8": {
        "cmph": 0.0250193234191882,
        "cmps": 0.03452246327533904
    },
    "9": {
        "cmph": 0.02177042175317389,
        "cmps": 0.01966702120012182
    },
    "10": {
        "cmph": 0.02076581083888238,
        "cmps": 0.013564053946077131
    },
    "11": {
        "cmph": 0.023289232187959856,
        "cmps": 0.022052117391880035
    },
    "12": {
        "cmph": 0.01912661182132049,
        "cmps": 0.009664583876238203
    },
    "13": {
        "cmph": 0.017675333562402536,
        "cmps": 0.027892275140797406
    },
    "final": {
        "OverThreshold": 0,
        "Ratio": 0,
        "Frame": 13
    }
}