{
    "1": {
        "cmph": 0.030874106298681887,
        "cmps": 0.8745803891876753
    },
    "2": {
        "cmph": 0.032972194238830785,
        "cmps": 0.4673846848498531
    },
    "3": {
        "cmph": 0.03680976267403481,
        "cmps": 0.31327521703414335
    },
    "4": {
        "cmph": 0.03594565237773431,
        "cmps": 0.3782733915442802
    },
    "5": {
        "cmph": 0.03253263155996668,
        "cmps": 0.3270028004847471
    },
    "6": {
        "cmph": 0.02912361401862949,
        "cmps": 0.1259321838054288
    },
    "7": {
        "cmph": 0.02272158155856946,
        "cmps": 0.0700744961752811
    },
    "8": {
        "cmph": 0.023918081807710358,
        "cmps": 0.1368810392953931
    },
    "9": {
        "cmph": 0.02178954112850597,
        "cmps": 0.21798022408988
    },
    "10": {
        "cmph": 0.02297211096702058,
        "cmps": 0.26439507327983885
    },
    "11": {
        "cmph": 0.022672328362092778,
        "cmps": 0.24886099519826488
    },
    "12": {
        "cmph": 0.024198469821461354,
        "cmps": 0.35728970921468683
    },
    "13": {
        "cmph": 0.021548891490391908,
        "cmps": 0.15456484521466854
    },
    "14": {
        "cmph": 0.023470477122356878,
        "cmps": 0.09400724086884232
    },
    "15": {
        "cmph": 0.021103982052537433,
        "cmps": 0.02203490261850413
    },
    "final": {
        "OverThreshold": 0,
        "Ratio": 0,
        "Frame": 15
    }
}