{
    "1": {
        "cmph": 0.03258470612195322,
        "cmps": 0.5226182799034407
    },
    "2": {
        "cmph": 0.017182920374382536,
        "cmps": 0.4868799014730595
    },
    "3": {
        "cmph": 0.021438686247181985,
        "cmps": 0.4916460374865003
    },
    "4": {
        "cmph": 0.012823847775052997,
        "cmps": 0.4275986826134966
    },
    "5": {
        "cmph": 0.014541320818036215,
        "cmps": 0.4483875660280561
    },
    "6": {
        "cmph": 0.00424663840444697,
        "cmps": 0.5479768834785955
    },
    "7": {
        "cmph": 0.004916379902978062,
        "cmps": 0.6079306066612157
    },
    "8": {
        "cmph": 0.004194582890380759,
        "cmps": 0.5855307161986947
    },
    "9": {
        "cmph": 0.0020240761150109687,
        "cmps": 0.5256407385243618
    },
    "10": {
        "cmph": 0.01228143728702995,
        "cmps": 0.5141645232459715
    },
    "11": {
        "cmph": 0.008364489084562068,
        "cmps": 0.6220372935878339
    },
    "12": {
        "cmph": 0.004715158612610948,
        "cmps": 0.5584518927408678
    },
    "13": {
        "cmph": 0.00950878126420288,
        "cmps": 0.5134167179360248
    },
    "14": {
        "cmph": 0.004682290693562327,
        "cmps": 0.5493298571037114
    },
    "15": {
        "cmph": 0.012171273530712626,
        "cmps": 0.5219138926256046
    },
    "16": {
        "cmph": 0.01591740264764105,
        "cmps": 0.4319038357619946
    },
    "17": {
        "cmph": 0.021320463117071958,
        "cmps": 0.2517474926263654
    },
    "18": {
        "cmph": 0.02859285810245299,
        "cmps": 0.2920155809352029
    },
    "19": {
        "cmph": 0.0322418481720969,
        "cmps": 0.29504528979674605
    },
    "20": {
        "cmph": 0.03124897205602356,
        "cmps": 0.24610179519186215
    },
    "final": {
        "OverThreshold": 0,
        "Ratio": 0,
        "Frame": 20
    }
}