{
    "1": {
        "cmph": 0.024857496332324456,
        "cmps": 0.12483118735009761
    },
    "2": {
        "cmph": 0.009577688676502745,
        "cmps": 0.4824693168475342
    },
    "3": {
        "cmph": 0.01926769788919113,
        "cmps": 0.5306773729480698
    },
    "4": {
        "cmph": 0.016342228533995563,
        "cmps": 0.47753295763518977
    },
    "5": {
        "cmph": 0.016543544794403547,
        "cmps": 0.5045136820951656
    },
    "6": {
        "cmph": 0.021819423950519914,
        "cmps": 0.5413712487734161
    },
    "7": {
        "cmph": 0.025409622201046235,
        "cmps": 0.5722992616975313
    },
    "8": {
        "cmph": 0.025226171747334655,
        "cmps": 0.5905206309785392
    },
    "9": {
        "cmph": 0.022460706453540737,
        "cmps": 0.49770628816710594
    },
    "10": {
        "cmph": 0.0274195870727021,
        "cmps": 0.4590865484628974
    },
    "11": {
        "cmph": 0.031499025788300467,
        "cmps": 0.5227734057504809
    },
    "12": {
        "cmph": 0.032974746035525575,
        "cmps": 0.39645293667390225
    },
    "13": {
        "cmph": 0.03285541286155941,
        "cmps": 0.3523170563049973
    },
    "14": {
        "cmph": 0.032943302094940556,
        "cmps": 0.38872416098367396
    },
    "15": {
        "cmph": 0.030646149592272038,
        "cmps": 0.45226518699092816
    },
    "final": {
        "OverThreshold": 0,
        "Ratio": 0,
        "Frame": 15
    }
}