{
    "1": {
        "cmph": 0.02072084597554827,
        "cmps": 0.12766520160771275
    },
    "2": {
        "cmph": 0.02534312162299704,
        "cmps": 0.15261099021607427
    },
    "3": {
        "cmph": 0.025241592122713208,
        "cmps": 0.14414249789916592
    },
    "4": {
        "cmph": 0.02611349955000942,
        "cmps": 0.13730999761204393
    },
    "5": {
        "cmph": 0.022953389871113273,
        "cmps": 0.14039274125190462
    },
    "6": {
        "cmph": 0.023540630551192276,
        "cmps": 0.13284957850502344
    },
    "7": {
        "cmph": 0.023346388687715488,
        "cmps": 0.13419470407541384
    },
    "8": {
        "cmph": 0.022366249097722203,
        "cmps": 0.13682892184895845
    },
    "9": {
        "cmph": 0.024756478424845223,
        "cmps": 0.15480057831341182
    },
    "10": {
        "cmph": 0.024117786375970316,
        "cmps": 0.16322242373716045
    },
    "11": {
        "cmph": 0.0285229731314581,
        "cmps": 0.16261610765731377
    },
    "12": {
        "cmph": 0.028878035785632264,
        "cmps": 0.1591882165002835
    },
    "13": {
        "cmph": 0.027995787276591313,
        "cmps": 0.14158445366891187
    },
    "14": {
        "cmph": 0.028424982381081956,
        "cmps": 0.14077792227851046
    },
    "15": {
        "cmph": 0.028313618219796135,
        "cmps": 0.1460569093985258
    },
    "final": {
        "OverThreshold": 0,
        "Ratio": 0,
        "Frame": 15
    }
}