{
    "1": {
        "cmph": 0.024396384225256564,
        "cmps": 0.11794414943101347
    },
    "2": {
        "cmph": 0.02718761606909139,
        "cmps": 0.14920517620231127
    },
    "3": {
        "cmph": 0.028643387219218282,
        "cmps": 0.1416091838012858
    },
    "4": {
        "cmph": 0.028598983866470678,
        "cmps": 0.11847323681998638
    },
    "5": {
        "cmph": 0.02683482601623013,
        "cmps": 0.12317910364095395
    },
    "6": {
        "cmph": 0.028252119888059857,
        "cmps": 0.11487308916383257
    },
    "7": {
        "cmph": 0.027475024636395992,
        "cmps": 0.11071315300358209
    },
    "8": {
        "cmph": 0.026866378585748342,
        "cmps": 0.117131090316175
    },
    "9": {
        "cmph": 0.028173708719452843,
        "cmps": 0.1264898079455876
    },
    "10": {
        "cmph": 0.027052641104313456,
        "cmps": 0.14049364211656407
    },
    "11": {
        "cmph": 0.02881862255818315,
        "cmps": 0.1398542487087106
    },
    "12": {
        "cmph": 0.030212484307420538,
        "cmps": 0.14826096390270593
    },
    "13": {
        "cmph": 0.02872849841834076,
        "cmps": 0.1387163059584779
    },
    "14": {
        "cmph": 0.02875960894942008,
        "cmps": 0.14854402422636906
    },
    "15": {
        "cmph": 0.02668964596191669,
        "cmps": 0.14501464936958833
    },
    "final": {
        "OverThreshold": 0,
        "Ratio": 0,
        "Frame": 15
    }
}