{
    "1": {
        "cmph": 0.8654012011882626,
        "cmps": 0.077536957649083
    },
    "2": {
        "cmph": 0.8904184422649547,
        "cmps": 0.8371148048348015
    },
    "3": {
        "cmph": 0.9287702800513661,
        "cmps": 0.8967492845870448
    },
    "4": {
        "cmph": 0.7985125062799,
        "cmps": 0.8465788217544848
    },
    "5": {
        "cmph": 0.6626510872991725,
        "cmps": 0.8331478961844382
    },
    "6": {
        "cmph": 0.5165006413216454,
        "cmps": 0.9093009252142787
    },
    "7": {
        "cmph": 0.6840282508473017,
        "cmps": 0.9156200690729225
    },
    "8": {
        "cmph": 0.5727008956216382,
        "cmps": 0.9290830469805206
    },
    "9": {
        "cmph": 0.5439049230096229,
        "cmps": 0.9136398117366603
    },
    "10": {
        "cmph": 0.5013647874244993,
        "cmps": 0.9102389845452313
    },
    "11": {
        "cmph": 0.6791689896038414,
        "cmps": 0.9241738308738828
    },
    "12": {
        "cmph": 0.5965388551058023,
        "cmps": 0.7883664713497879
    },
    "13": {
        "cmph": 0.6670225679064208,
        "cmps": 0.8102275036994738
    },
    "14": {
        "cmph": 0.6757424646794802,
        "cmps": 0.8546859833354794
    },
    "15": {
        "cmph": 0.6560699375148579,
        "cmps": 0.9069695107214304
    },
    "final": {
        "OverThreshold": 15,
        "Ratio": 100,
        "Frame": 15
    }
}