{
    "1": {
        "cmph": 0.015879825273309913,
        "cmps": 0.011991531523841097
    },
    "2": {
        "cmph": 0.018568140045599167,
        "cmps": 0.009870185214933883
    },
    "3": {
        "cmph": 0.02365800941618815,
        "cmps": 0.0015424192192956643
    },
    "4": {
        "cmph": 0.025587760366142524,
        "cmps": 0.016799961897297162
    },
    "5": {
        "cmph": 0.02860671361723199,
        "cmps": 0.010988271493747911
    },
    "6": {
        "cmph": 0.029948272745174465,
        "cmps": 0.025575369395424687
    },
    "7": {
        "cmph": 0.027826667784771785,
        "cmps": 0.026514383088843886
    },
    "8": {
        "cmph": 0.026543046751606927,
        "cmps": 0.018900305025102537
    },
    "9": {
        "cmph": 0.02414179741839857,
        "cmps": 0.000560649592828973
    },
    "10": {
        "cmph": 0.02279089692121828,
        "cmps": 0.013874720837217485
    },
    "11": {
        "cmph": 0.027433951521006868,
        "cmps": 0.04167458009240238
    },
    "12": {
        "cmph": 0.024849331884587447,
        "cmps": 0.03690712659448664
    },
    "13": {
        "cmph": 0.02269715011888908,
        "cmps": 0.008592393717694194
    },
    "final": {
        "OverThreshold": 0,
        "Ratio": 0,
        "Frame": 13
    }
}