{
    "1": {
        "cmph": 0.026372074026549182,
        "cmps": 0.029994099754656656
    },
    "2": {
        "cmph": 0.025508249303449824,
        "cmps": 0.028552224837251276
    },
    "3": {
        "cmph": 0.02351472111049426,
        "cmps": 0.04480034894074509
    },
    "4": {
        "cmph": 0.020610278392432464,
        "cmps": 0.04307388291377557
    },
    "5": {
        "cmph": 0.020236042023103855,
        "cmps": 0.03166540762619001
    },
    "6": {
        "cmph": 0.018176025904563485,
        "cmps": 0.06938348667955929
    },
    "7": {
        "cmph": 0.01937364535238675,
        "cmps": 0.06680406478707225
    },
    "8": {
        "cmph": 0.020414759132331976,
        "cmps": 0.039478370819669345
    },
    "9": {
        "cmph": 0.019187778303846038,
        "cmps": 0.04331941713763277
    },
    "10": {
        "cmph": 0.018712262457391726,
        "cmps": 0.033596408236128056
    },
    "11": {
        "cmph": 0.019319585564867684,
        "cmps": 0.038065662744533706
    },
    "12": {
        "cmph": 0.019610845562995912,
        "cmps": 0.04441960468108056
    },
    "13": {
        "cmph": 0.01937356508213554,
        "cmps": 0.06344334787161682
    },
    "14": {
        "cmph": 0.02048431643689857,
        "cmps": 0.044746733451862294
    },
    "15": {
        "cmph": 0.019924288741472954,
        "cmps": 0.049342930205443725
    },
    "16": {
        "cmph": 0.020483183761252948,
        "cmps": 0.011374066302555916
    },
    "17": {
        "cmph": 0.01901005271538653,
        "cmps": 0.019604347391933723
    },
    "18": {
        "cmph": 0.02537224037435726,
        "cmps": 0.050872920938758434
    },
    "19": {
        "cmph": 0.027154016055044174,
        "cmps": 0.042502035769540966
    },
    "20": {
        "cmph": 0.026636492650128435,
        "cmps": 0.04930625837860545
    },
    "final": {
        "OverThreshold": 0,
        "Ratio": 0,
        "Frame": 20
    }
}