{
    "1": {
        "cmph": 0.041020774193682094,
        "cmps": 0.1270229964707178
    },
    "2": {
        "cmph": 0.03853612197969256,
        "cmps": 0.11522789066145853
    },
    "3": {
        "cmph": 0.03662770381623125,
        "cmps": 0.11429900671896404
    },
    "4": {
        "cmph": 0.030307257266170583,
        "cmps": 0.1033280496790857
    },
    "5": {
        "cmph": 0.03012991392306383,
        "cmps": 0.10856392375821491
    },
    "6": {
        "cmph": 0.027594122832062667,
        "cmps": 0.10782231010971599
    },
    "7": {
        "cmph": 0.029323220237136995,
        "cmps": 0.1168886455187388
    },
    "8": {
        "cmph": 0.03144077376048096,
        "cmps": 0.12737986034486523
    },
    "9": {
        "cmph": 0.029656193463978464,
        "cmps": 0.13447112258547722
    },
    "10": {
        "cmph": 0.028908571170743146,
        "cmps": 0.1311293724397093
    },
    "11": {
        "cmph": 0.028441345974078564,
        "cmps": 0.1454736221236518
    },
    "12": {
        "cmph": 0.02565159125488412,
        "cmps": 0.14107191388536125
    },
    "13": {
        "cmph": 0.02465113651920997,
        "cmps": 0.1436204210265462
    },
    "14": {
        "cmph": 0.0269894127293383,
        "cmps": 0.14667905150471067
    },
    "15": {
        "cmph": 0.025510068632244223,
        "cmps": 0.14200225264462651
    },
    "16": {
        "cmph": 0.02641885330046396,
        "cmps": 0.14158464242626825
    },
    "17": {
        "cmph": 0.024269638887298627,
        "cmps": 0.13058369387804736
    },
    "18": {
        "cmph": 0.032540365166065024,
        "cmps": 0.12384448210082585
    },
    "19": {
        "cmph": 0.03466828186699172,
        "cmps": 0.14593953253358552
    },
    "20": {
        "cmph": 0.03460104120378791,
        "cmps": 0.13777573106391008
    },
    "final": {
        "OverThreshold": 0,
        "Ratio": 0,
        "Frame": 20
    }
}