{
    "1": {
        "cmph": 0.056971992865824314,
        "cmps": 0.06908382368606426
    },
    "2": {
        "cmph": 0.054518013877129616,
        "cmps": 0.15560265190494504
    },
    "3": {
        "cmph": 0.06019953484451406,
        "cmps": 0.17394406032127493
    },
    "4": {
        "cmph": 0.051789964259602535,
        "cmps": 0.18817631200897897
    },
    "5": {
        "cmph": 0.040844500277239154,
        "cmps": 0.1796797783144502
    },
    "6": {
        "cmph": 0.04349981688350788,
        "cmps": 0.17220083671072442
    },
    "7": {
        "cmph": 0.03359174517671878,
        "cmps": 0.1611635413830406
    },
    "final": {
        "OverThreshold": 0,
        "Ratio": 0,
        "Frame": 7
    }
}