{
    "1": {
        "cmph": 0.025236654296285917,
        "cmps": 0.036752093411718936
    },
    "2": {
        "cmph": 0.02487681235292124,
        "cmps": 0.029513533771185613
    },
    "3": {
        "cmph": 0.022219624032772507,
        "cmps": 0.04463671590828115
    },
    "4": {
        "cmph": 0.019217236495019135,
        "cmps": 0.04212786916573018
    },
    "5": {
        "cmph": 0.018484243758926558,
        "cmps": 0.034252277644547635
    },
    "6": {
        "cmph": 0.018212386596680865,
        "cmps": 0.058689311292070466
    },
    "7": {
        "cmph": 0.019830649130877565,
        "cmps": 0.05739683979810748
    },
    "8": {
        "cmph": 0.02116820262109622,
        "cmps": 0.03199138357841708
    },
    "9": {
        "cmph": 0.019672201599013683,
        "cmps": 0.0020597385749714175
    },
    "10": {
        "cmph": 0.02017654835949288,
        "cmps": 0.023167642385944
    },
    "11": {
        "cmph": 0.021465369372449923,
        "cmps": 0.02896268741708895
    },
    "12": {
        "cmph": 0.019763301151153087,
        "cmps": 0.036592918650423883
    },
    "13": {
        "cmph": 0.018884666289293934,
        "cmps": 0.060063291991695966
    },
    "14": {
        "cmph": 0.020697713384773546,
        "cmps": 0.04392752370470831
    },
    "15": {
        "cmph": 0.020066846153989144,
        "cmps": 0.05989807962116363
    },
    "16": {
        "cmph": 0.021149948750911276,
        "cmps": 0.01143432491095886
    },
    "17": {
        "cmph": 0.018352093950447675,
        "cmps": 0.016139334468787594
    },
    "18": {
        "cmph": 0.022522016971470243,
        "cmps": 0.07125073786033757
    },
    "19": {
        "cmph": 0.02404263521841047,
        "cmps": 0.05482717378142234
    },
    "20": {
        "cmph": 0.024045329190882272,
        "cmps": 0.055182416401840385
    },
    "final": {
        "OverThreshold": 0,
        "Ratio": 0,
        "Frame": 20
    }
}