{
    "1": {
        "cmph": 0.3430725087472271,
        "cmps": 0.17749551192527566
    },
    "2": {
        "cmph": 0.505085221983897,
        "cmps": 0.21589462519207686
    },
    "3": {
        "cmph": 0.3932363896182268,
        "cmps": 0.17723084341995635
    },
    "4": {
        "cmph": 0.5936613952862935,
        "cmps": 0.13065828961267018
    },
    "5": {
        "cmph": 0.5225163072362936,
        "cmps": 0.1600045540882042
    },
    "6": {
        "cmph": 0.533787577648214,
        "cmps": 0.1819820673942132
    },
    "7": {
        "cmph": 0.6699221539607447,
        "cmps": 0.1574329574244673
    },
    "8": {
        "cmph": 0.6197079209891035,
        "cmps": 0.15562557450831685
    },
    "9": {
        "cmph": 0.45495101401741816,
        "cmps": 0.15690944358757444
    },
    "10": {
        "cmph": 0.5099543349474335,
        "cmps": 0.17363498071836045
    },
    "11": {
        "cmph": 0.6028013055729846,
        "cmps": 0.15791954461637173
    },
    "12": {
        "cmph": 0.6792168335954898,
        "cmps": 0.13720412121974965
    },
    "13": {
        "cmph": 0.7143755140677666,
        "cmps": 0.11879733791347118
    },
    "14": {
        "cmph": 0.6955376975067585,
        "cmps": 0.1240722799106387
    },
    "15": {
        "cmph": 0.7547093195624243,
        "cmps": 0.11545957564956974
    },
    "final": {
        "OverThreshold": 15,
        "Ratio": 100,
        "Frame": 15
    }
}