{
    "1": {
        "cmph": 0.014144220301948219,
        "cmps": 0.7547107218521149
    },
    "2": {
        "cmph": 0.016377440476239485,
        "cmps": 0.3715272391266085
    },
    "3": {
        "cmph": 0.01812467255338033,
        "cmps": 0.21128023312333907
    },
    "4": {
        "cmph": 0.01801633308408765,
        "cmps": 0.22999194570797454
    },
    "5": {
        "cmph": 0.017592733989297265,
        "cmps": 0.17225431292947566
    },
    "6": {
        "cmph": 0.018698220492632932,
        "cmps": 0.10641641927803383
    },
    "7": {
        "cmph": 0.01837293254888837,
        "cmps": 0.0677029727958465
    },
    "8": {
        "cmph": 0.018564857103707064,
        "cmps": 0.09544076782542758
    },
    "9": {
        "cmph": 0.022510674470194923,
        "cmps": 0.1355340317619888
    },
    "10": {
        "cmph": 0.0206930327856782,
        "cmps": 0.21270942857672004
    },
    "11": {
        "cmph": 0.02303341109856554,
        "cmps": 0.16999149234741054
    },
    "12": {
        "cmph": 0.02418323543731575,
        "cmps": 0.3188487305057393
    },
    "13": {
        "cmph": 0.022347918944264585,
        "cmps": 0.18004059732179467
    },
    "14": {
        "cmph": 0.022974620377568672,
        "cmps": 0.14532896019840139
    },
    "15": {
        "cmph": 0.02070456017416145,
        "cmps": 0.11349307205449506
    },
    "final": {
        "OverThreshold": 0,
        "Ratio": 0,
        "Frame": 15
    }
}