{
    "1": {
        "cmph": 0.007250933269494289,
        "cmps": 0.0842212203774658
    },
    "2": {
        "cmph": 0.039696304841102835,
        "cmps": 0.12168525852098373
    },
    "3": {
        "cmph": 0.07695898294508377,
        "cmps": 0.11866959430100342
    },
    "4": {
        "cmph": 0.06301479936737119,
        "cmps": 0.1234425497091652
    },
    "5": {
        "cmph": 0.11103493971571739,
        "cmps": 0.1308975950036981
    },
    "6": {
        "cmph": 0.15054263918255825,
        "cmps": 0.13535722925490865
    },
    "7": {
        "cmph": 0.06493795285138078,
        "cmps": 0.11597397125629823
    },
    "8": {
        "cmph": 0.0814311388980351,
        "cmps": 0.13397593737140465
    },
    "9": {
        "cmph": 0.09151193409775585,
        "cmps": 0.13968496547799134
    },
    "10": {
        "cmph": 0.09136672123207927,
        "cmps": 0.13762941825616318
    },
    "11": {
        "cmph": 0.12927163455007862,
        "cmps": 0.12720356046368544
    },
    "12": {
        "cmph": 0.09368929570094166,
        "cmps": 0.11475285687376088
    },
    "13": {
        "cmph": 0.09868606424524308,
        "cmps": 0.10344490120143321
    },
    "14": {
        "cmph": 0.08659127352446004,
        "cmps": 0.10302626254272934
    },
    "15": {
        "cmph": 0.09521046477468215,
        "cmps": 0.10050963952379846
    },
    "final": {
        "OverThreshold": 10,
        "Ratio": 66,
        "Frame": 15
    }
}