{
    "1": {
        "cmph": 0.017090859134606753,
        "cmps": 0.04223622084571094
    },
    "2": {
        "cmph": 0.018796816969107066,
        "cmps": 0.26553077990125495
    },
    "3": {
        "cmph": 0.017862817747398754,
        "cmps": 0.24270941701856816
    },
    "4": {
        "cmph": 0.01936947829556125,
        "cmps": 0.23234007257899583
    },
    "5": {
        "cmph": 0.0201444593074963,
        "cmps": 0.2574504600955272
    },
    "6": {
        "cmph": 0.02098698825596571,
        "cmps": 0.21458065783083946
    },
    "7": {
        "cmph": 0.01963648010021313,
        "cmps": 0.14729064748075654
    },
    "8": {
        "cmph": 0.01782924994424578,
        "cmps": 0.16397801701747758
    },
    "9": {
        "cmph": 0.018357269324389604,
        "cmps": 0.15013303637920575
    },
    "10": {
        "cmph": 0.015243228930527855,
        "cmps": 0.08867967812164594
    },
    "11": {
        "cmph": 0.020434168379071062,
        "cmps": 0.036465553132176066
    },
    "12": {
        "cmph": 0.023313554788526248,
        "cmps": 0.019150603472509593
    },
    "13": {
        "cmph": 0.022257710569161062,
        "cmps": 0.03147753605031369
    },
    "14": {
        "cmph": 0.021296195598512025,
        "cmps": 0.049935982156849
    },
    "15": {
        "cmph": 0.020922419579082453,
        "cmps": 0.05760320632609299
    },
    "final": {
        "OverThreshold": 0,
        "Ratio": 0,
        "Frame": 15
    }
}