{
    "1": {
        "cmph": 0.017453460489921104,
        "cmps": 0.026171432913334867
    },
    "2": {
        "cmph": 0.017549503175063798,
        "cmps": 0.011871901699349758
    },
    "3": {
        "cmph": 0.01669627509930557,
        "cmps": 0.02947352127579853
    },
    "4": {
        "cmph": 0.014547804068469965,
        "cmps": 0.013214147428076556
    },
    "5": {
        "cmph": 0.015617117030287803,
        "cmps": 0.0029323032189727373
    },
    "6": {
        "cmph": 0.014208305491245033,
        "cmps": 0.001923681953639215
    },
    "7": {
        "cmph": 0.015597151373406172,
        "cmps": 0.03637711278001003
    },
    "8": {
        "cmph": 0.017499127679475635,
        "cmps": 0.09818205414402152
    },
    "9": {
        "cmph": 0.020299519073549408,
        "cmps": 0.15540399540520733
    },
    "10": {
        "cmph": 0.018854352507299874,
        "cmps": 0.1189259518904862
    },
    "11": {
        "cmph": 0.019553525081666273,
        "cmps": 0.07106216694477381
    },
    "12": {
        "cmph": 0.01861391521274775,
        "cmps": 0.04314287045532747
    },
    "13": {
        "cmph": 0.01740337089442245,
        "cmps": 0.02263783762949709
    },
    "14": {
        "cmph": 0.01911273104732119,
        "cmps": 0.008831031929670913
    },
    "15": {
        "cmph": 0.017910781350654912,
        "cmps": 0.010910984893288503
    },
    "16": {
        "cmph": 0.018890956924706548,
        "cmps": 0.02854051257849355
    },
    "17": {
        "cmph": 0.01640654936813627,
        "cmps": 0.018201277715236257
    },
    "18": {
        "cmph": 0.02079275072862406,
        "cmps": 0.018835661697772503
    },
    "19": {
        "cmph": 0.02239251271043797,
        "cmps": 0.0013411936873348915
    },
    "20": {
        "cmph": 0.02290820801681975,
        "cmps": 0.01408848525246422
    },
    "final": {
        "OverThreshold": 0,
        "Ratio": 0,
        "Frame": 20
    }
}