{
    "1": {
        "cmph": 0.0325008598602651,
        "cmps": 0.048638806877616673
    },
    "2": {
        "cmph": 0.03252157385977488,
        "cmps": 0.09369294060098936
    },
    "3": {
        "cmph": 0.0292561656023149,
        "cmps": 0.1311243636753067
    },
    "4": {
        "cmph": 0.030170987807861663,
        "cmps": 0.16258768181583885
    },
    "5": {
        "cmph": 0.029011604114503278,
        "cmps": 0.3122095439575106
    },
    "6": {
        "cmph": 0.021665103580081106,
        "cmps": 0.4838583271515992
    },
    "7": {
        "cmph": 0.02289480985700231,
        "cmps": 0.5505218555337696
    },
    "8": {
        "cmph": 0.026665281475775463,
        "cmps": 0.5203403405492861
    },
    "9": {
        "cmph": 0.02965570652279491,
        "cmps": 0.5562264621177881
    },
    "10": {
        "cmph": 0.027760164978801807,
        "cmps": 0.507324661660096
    },
    "11": {
        "cmph": 0.02748042257478887,
        "cmps": 0.5060495251295466
    },
    "12": {
        "cmph": 0.026468242709384873,
        "cmps": 0.47165594593593174
    },
    "13": {
        "cmph": 0.02410618627752707,
        "cmps": 0.4710292695714939
    },
    "14": {
        "cmph": 0.02618853674400096,
        "cmps": 0.4461823841949254
    },
    "15": {
        "cmph": 0.02773282263260473,
        "cmps": 0.3948467018882607
    },
    "16": {
        "cmph": 0.029564685603966648,
        "cmps": 0.345185457669129
    },
    "17": {
        "cmph": 0.027025403854812786,
        "cmps": 0.3298724578951017
    },
    "18": {
        "cmph": 0.03259434006139658,
        "cmps": 0.3824402276938165
    },
    "19": {
        "cmph": 0.04032686993282406,
        "cmps": 0.4045261754124783
    },
    "20": {
        "cmph": 0.03755938993638149,
        "cmps": 0.3792105010883418
    },
    "final": {
        "OverThreshold": 0,
        "Ratio": 0,
        "Frame": 20
    }
}