{
    "1": {
        "cmph": 0.021762197608325658,
        "cmps": 0.2943053808784562
    },
    "2": {
        "cmph": 0.0258140400830869,
        "cmps": 0.5840966305387755
    },
    "3": {
        "cmph": 0.030297028396471613,
        "cmps": 0.5300511887712357
    },
    "4": {
        "cmph": 0.02405953345757387,
        "cmps": 0.4757623710466519
    },
    "5": {
        "cmph": 0.022370134120180636,
        "cmps": 0.5582364416518829
    },
    "6": {
        "cmph": 0.024364197172338325,
        "cmps": 0.6479000843895918
    },
    "7": {
        "cmph": 0.022414309696544888,
        "cmps": 0.650184892538818
    },
    "8": {
        "cmph": 0.02315499342444613,
        "cmps": 0.5976505267217583
    },
    "9": {
        "cmph": 0.02463812017580278,
        "cmps": 0.5092011178927985
    },
    "10": {
        "cmph": 0.023897266784409437,
        "cmps": 0.525971353606914
    },
    "11": {
        "cmph": 0.02779650242913143,
        "cmps": 0.4176511941581465
    },
    "12": {
        "cmph": 0.028360854118337206,
        "cmps": 0.6378415204574988
    },
    "13": {
        "cmph": 0.029390236086434103,
        "cmps": 0.597899457260087
    },
    "14": {
        "cmph": 0.02901716782922665,
        "cmps": 0.5593863724846881
    },
    "15": {
        "cmph": 0.026709126997753657,
        "cmps": 0.5856257371436189
    },
    "final": {
        "OverThreshold": 0,
        "Ratio": 0,
        "Frame": 15
    }
}