{
    "1": {
        "cmph": 0.0027239362005820494,
        "cmps": 0.048669898535015854
    },
    "2": {
        "cmph": 0.004698187371730045,
        "cmps": 0.040428799445224754
    },
    "3": {
        "cmph": 0.007049881613602259,
        "cmps": 0.03840497989878993
    },
    "4": {
        "cmph": 0.006572284140979024,
        "cmps": 0.04500887134638914
    },
    "5": {
        "cmph": 0.007359628505619294,
        "cmps": 0.045831363165785365
    },
    "6": {
        "cmph": 0.007495175045233623,
        "cmps": 0.04605353896934556
    },
    "7": {
        "cmph": 0.0080097804700014,
        "cmps": 0.04793920608403697
    },
    "8": {
        "cmph": 0.008396456444156774,
        "cmps": 0.050648089063766055
    },
    "9": {
        "cmph": 0.010433632496949464,
        "cmps": 0.05641961984119621
    },
    "10": {
        "cmph": 0.009620408369327187,
        "cmps": 0.05106193040931822
    },
    "11": {
        "cmph": 0.006871574693968648,
        "cmps": 0.05113028042548302
    },
    "12": {
        "cmph": 0.008765505293220436,
        "cmps": 0.050398559020598796
    },
    "13": {
        "cmph": 0.011284474907363454,
        "cmps": 0.050324200333888874
    },
    "14": {
        "cmph": 0.010443138988788332,
        "cmps": 0.048980980530058164
    },
    "15": {
        "cmph": 0.0011044765652449605,
        "cmps": 0.05423683850923826
    },
    "16": {
        "cmph": 0.006814767751598612,
        "cmps": 0.06469439246905773
    },
    "17": {
        "cmph": 0.0006002553018736394,
        "cmps": 0.06254152263156047
    },
    "18": {
        "cmph": 0.012112672565631241,
        "cmps": 0.05579686431872031
    },
    "19": {
        "cmph": 0.0007491732471889992,
        "cmps": 0.06965790467290686
    },
    "20": {
        "cmph": 0.011919246623466951,
        "cmps": 0.07462264077022374
    },
    "21": {
        "cmph": 0.05386628201739266,
        "cmps": 0.07830255385066545
    },
    "22": {
        "cmph": 0.05974353120129933,
        "cmps": 0.06590012619924068
    },
    "23": {
        "cmph": 0.08516023761558952,
        "cmps": 0.060245516737159034
    },
    "24": {
        "cmph": 0.11291741782968905,
        "cmps": 0.05283999699325504
    },
    "25": {
        "cmph": 0.19703849088182604,
        "cmps": 0.05428722994834561
    },
    "26": {
        "cmph": 0.1687273104158214,
        "cmps": 0.051337853227418836
    },
    "27": {
        "cmph": 0.28816388014577254,
        "cmps": 0.04596384833221544
    },
    "28": {
        "cmph": 0.30691632020174175,
        "cmps": 0.027367498681486538
    },
    "29": {
        "cmph": 0.1046237773977971,
        "cmps": 0.03645855470724144
    },
    "30": {
        "cmph": 0.140184992993333,
        "cmps": 0.023011089875573085
    },
    "31": {
        "cmph": 0.15531053615680815,
        "cmps": 0.04403120839522418
    },
    "32": {
        "cmph": 0.1456095250291613,
        "cmps": 0.03649253981896552
    },
    "33": {
        "cmph": 0.09989599479730954,
        "cmps": 0.0038782368457355772
    },
    "34": {
        "cmph": 0.1325508122866618,
        "cmps": 0.013885641562852971
    },
    "35": {
        "cmph": 0.13190410089781643,
        "cmps": 0.011607293619196156
    },
    "36": {
        "cmph": 0.1104373000013207,
        "cmps": 0.011875294544412213
    },
    "final": {
        "OverThreshold": 5,
        "Ratio": 13,
        "Frame": 36
    }
}