{
    "1": {
        "cmph": 0.054901395094434494,
        "cmps": 0.16088020238248557
    },
    "2": {
        "cmph": 0.05783318501889227,
        "cmps": 0.2251517157826538
    },
    "3": {
        "cmph": 0.09250933634012695,
        "cmps": 0.38439981829576914
    },
    "4": {
        "cmph": 0.11669406008759757,
        "cmps": 0.26776485173602044
    },
    "5": {
        "cmph": 0.121302554384468,
        "cmps": 0.28497591625455704
    },
    "6": {
        "cmph": 0.07217352431235811,
        "cmps": 0.3070277947547128
    },
    "7": {
        "cmph": 0.0325261213686893,
        "cmps": 0.5617950374542099
    },
    "8": {
        "cmph": 0.039632096361977634,
        "cmps": 0.7109134538782461
    },
    "9": {
        "cmph": 0.036745109218152404,
        "cmps": 0.6895044648956136
    },
    "10": {
        "cmph": 0.03742953788585583,
        "cmps": 0.5076576383360771
    },
    "11": {
        "cmph": 0.019766511636938485,
        "cmps": 0.5110670100767841
    },
    "final": {
        "OverThreshold": 0,
        "Ratio": 0,
        "Frame": 11
    }
}