{
    "1": {
        "cmph": 0.006338873053014893,
        "cmps": 0.3175055948581079
    },
    "2": {
        "cmph": 0.005863724719788296,
        "cmps": 0.3194124693516845
    },
    "3": {
        "cmph": 0.00934105821066577,
        "cmps": 0.350860782765005
    },
    "4": {
        "cmph": 0.0017883067607445667,
        "cmps": 0.24026446980620844
    },
    "5": {
        "cmph": 0.008517302893954854,
        "cmps": 0.264930537378709
    },
    "6": {
        "cmph": 0.008395630785672,
        "cmps": 0.28555677335081764
    },
    "7": {
        "cmph": 0.012683094272046851,
        "cmps": 0.47225525860874484
    },
    "8": {
        "cmph": 0.013879124460091558,
        "cmps": 0.4957615144142504
    },
    "9": {
        "cmph": 0.007822500714546788,
        "cmps": 0.4212409817994177
    },
    "10": {
        "cmph": 0.009821883830507404,
        "cmps": 0.4120199877628584
    },
    "11": {
        "cmph": 0.008588007367540122,
        "cmps": 0.3634969247586524
    },
    "12": {
        "cmph": 0.006049797860074572,
        "cmps": 0.369398777391369
    },
    "13": {
        "cmph": 0.009992563684502674,
        "cmps": 0.40896270844099414
    },
    "14": {
        "cmph": 0.011556450317806931,
        "cmps": 0.36771965659062333
    },
    "15": {
        "cmph": 0.012618717415210888,
        "cmps": 0.3280888308929304
    },
    "16": {
        "cmph": 0.011046977314938788,
        "cmps": 0.3312163404721822
    },
    "17": {
        "cmph": 0.011258873419712418,
        "cmps": 0.28416273266556924
    },
    "18": {
        "cmph": 0.005806889236547973,
        "cmps": 0.25820353389898903
    },
    "19": {
        "cmph": 0.010332526773159075,
        "cmps": 0.24710438132195597
    },
    "20": {
        "cmph": 0.0021944963666039002,
        "cmps": 0.2334880322814223
    },
    "21": {
        "cmph": 7.58272249985683e-05,
        "cmps": 0.26237738986947406
    },
    "22": {
        "cmph": 0.0005493929103162383,
        "cmps": 0.28211390973095957
    },
    "23": {
        "cmph": 0.004187831017306368,
        "cmps": 0.218781771473543
    },
    "24": {
        "cmph": 0.004513906242143797,
        "cmps": 0.1969801197299683
    },
    "25": {
        "cmph": 0.009701047700663615,
        "cmps": 0.1781660763129648
    },
    "26": {
        "cmph": 0.0037961930962993862,
        "cmps": 0.2241175301804469
    },
    "27": {
        "cmph": 0.011009255441723313,
        "cmps": 0.2983439365753911
    },
    "28": {
        "cmph": 0.007747560635205676,
        "cmps": 0.25487171952338217
    },
    "29": {
        "cmph": 0.005166027535141313,
        "cmps": 0.27516635516253535
    },
    "30": {
        "cmph": 0.007959127831092242,
        "cmps": 0.24428032647179132
    },
    "31": {
        "cmph": 0.009118742429827572,
        "cmps": 0.407964443503342
    },
    "32": {
        "cmph": 0.008558732679652738,
        "cmps": 0.42200794958034565
    },
    "final": {
        "OverThreshold": 0,
        "Ratio": 0,
        "Frame": 32
    }
}