{
    "1": {
        "cmph": 0.007223116952819999,
        "cmps": 0.04644857818827077
    },
    "2": {
        "cmph": 0.0016207130777752818,
        "cmps": 0.04726309991346747
    },
    "3": {
        "cmph": 0.005936715954065702,
        "cmps": 0.05406531987676624
    },
    "4": {
        "cmph": 0.006622489411401947,
        "cmps": 0.05072577771670357
    },
    "5": {
        "cmph": 0.0019925019189190665,
        "cmps": 0.04373820963430852
    },
    "6": {
        "cmph": 0.0017728845343350829,
        "cmps": 0.0428704498217837
    },
    "7": {
        "cmph": 0.004588346399862165,
        "cmps": 0.040667187262831195
    },
    "8": {
        "cmph": 0.01614436368904307,
        "cmps": 0.05055577290780626
    },
    "9": {
        "cmph": 0.037524978788733086,
        "cmps": 0.051304859957612026
    },
    "10": {
        "cmph": 0.043735083126022686,
        "cmps": 0.055276631978685195
    },
    "11": {
        "cmph": 0.02824248717586279,
        "cmps": 0.05310060383041769
    },
    "12": {
        "cmph": 0.018911391307618618,
        "cmps": 0.06426232449345956
    },
    "13": {
        "cmph": 0.0016375407613596928,
        "cmps": 0.06387626071944685
    },
    "14": {
        "cmph": 0.005167756215859398,
        "cmps": 0.06452596289137394
    },
    "15": {
        "cmph": 0.004646519422660482,
        "cmps": 0.06535435412697328
    },
    "16": {
        "cmph": 0.0037923124694464543,
        "cmps": 0.0626142027764111
    },
    "17": {
        "cmph": 0.0007474887853893084,
        "cmps": 0.0633726265217415
    },
    "18": {
        "cmph": 2.033091075984866e-05,
        "cmps": 0.06842740177963819
    },
    "19": {
        "cmph": 0.0006494711257327399,
        "cmps": 0.05945167574445175
    },
    "20": {
        "cmph": 0.006905204663955841,
        "cmps": 0.06283954969359237
    },
    "21": {
        "cmph": 0.0004239804071954078,
        "cmps": 0.06236970196443233
    },
    "22": {
        "cmph": 0.0010841092138972512,
        "cmps": 0.060855166585046465
    },
    "23": {
        "cmph": 0.005558124107031836,
        "cmps": 0.06603933576239147
    },
    "24": {
        "cmph": 0.006038632825107953,
        "cmps": 0.09112197642333804
    },
    "25": {
        "cmph": 0.00045792282403771907,
        "cmps": 0.10366206905898198
    },
    "26": {
        "cmph": 0.0012229105269416023,
        "cmps": 0.11890110034962707
    },
    "27": {
        "cmph": 0.011389960575710227,
        "cmps": 0.10569827127828961
    },
    "28": {
        "cmph": 0.013253199905707728,
        "cmps": 0.08184401167227537
    },
    "29": {
        "cmph": 0.013052161977692562,
        "cmps": 0.08923148114166625
    },
    "30": {
        "cmph": 0.01814732924684237,
        "cmps": 0.10529012380324877
    },
    "31": {
        "cmph": 1.0,
        "cmps": 0.09118786673831933
    },
    "32": {
        "cmph": 0.02101196069469812,
        "cmps": 0.09795050351028194
    },
    "33": {
        "cmph": 0.009761208798721908,
        "cmps": 0.10054128969977702
    },
    "34": {
        "cmph": 0.01915036119394884,
        "cmps": 0.1102046888859098
    },
    "35": {
        "cmph": 0.028549088912291642,
        "cmps": 0.10565629493604005
    },
    "36": {
        "cmph": 1.0,
        "cmps": 0.08984082229607322
    },
    "37": {
        "cmph": 1.0,
        "cmps": 0.08335915311460947
    },
    "38": {
        "cmph": 1.0,
        "cmps": 0.09136309316120847
    },
    "39": {
        "cmph": 1.0,
        "cmps": 0.08901909382674063
    },
    "40": {
        "cmph": 1.0,
        "cmps": 0.08077693538159089
    },
    "41": {
        "cmph": 1.0,
        "cmps": 0.07978523551856573
    },
    "42": {
        "cmph": 1.0,
        "cmps": 0.08396578651312725
    },
    "43": {
        "cmph": 1.0,
        "cmps": 0.09483413738648527
    },
    "44": {
        "cmph": 1.0,
        "cmps": 0.09741803333330713
    },
    "45": {
        "cmph": 1.0,
        "cmps": 0.09140425467275745
    },
    "46": {
        "cmph": 1.0,
        "cmps": 0.09484734998473687
    },
    "47": {
        "cmph": 1.0,
        "cmps": 0.09507144647370529
    },
    "48": {
        "cmph": 1.0,
        "cmps": 0.08654309674351836
    },
    "49": {
        "cmph": 1.0,
        "cmps": 0.07657903155778698
    },
    "50": {
        "cmph": 1.0,
        "cmps": 0.07257267066692372
    },
    "51": {
        "cmph": 1.0,
        "cmps": 0.0624638352541182
    },
    "52": {
        "cmph": 1.0,
        "cmps": 0.0756065370313876
    },
    "53": {
        "cmph": 1.0,
        "cmps": 0.08041100390166504
    },
    "54": {
        "cmph": 1.0,
        "cmps": 0.0868914714086497
    },
    "55": {
        "cmph": 1.0,
        "cmps": 0.09007487278821241
    },
    "56": {
        "cmph": 1.0,
        "cmps": 0.09295985876867925
    },
    "57": {
        "cmph": 1.0,
        "cmps": 0.10924670229557432
    },
    "58": {
        "cmph": 1.0,
        "cmps": 0.11195335456817088
    },
    "59": {
        "cmph": 1.0,
        "cmps": 0.10237907410601628
    },
    "60": {
        "cmph": 1.0,
        "cmps": 0.11371272516021484
    },
    "61": {
        "cmph": 1.0,
        "cmps": 0.11430293270461335
    },
    "62": {
        "cmph": 1.0,
        "cmps": 0.11425023920318185
    },
    "63": {
        "cmph": 1.0,
        "cmps": 0.11677567245447983
    },
    "64": {
        "cmph": 1.0,
        "cmps": 0.1280376572010448
    },
    "65": {
        "cmph": 1.0,
        "cmps": 0.12401643104006979
    },
    "66": {
        "cmph": 1.0,
        "cmps": 0.11731000641548521
    },
    "67": {
        "cmph": 1.0,
        "cmps": 0.128008233533566
    },
    "68": {
        "cmph": 1.0,
        "cmps": 0.11814613848781644
    },
    "69": {
        "cmph": 1.0,
        "cmps": 0.12467414936905494
    },
    "final": {
        "OverThreshold": 35,
        "Ratio": 50,
        "Frame": 69
    }
}