{
    "1": {
        "cmph": 0.033410021867702734,
        "cmps": 0.149415534888856
    },
    "2": {
        "cmph": 0.027527513394994183,
        "cmps": 0.14048805380905033
    },
    "3": {
        "cmph": 0.02818807928108547,
        "cmps": 0.14133121040727586
    },
    "4": {
        "cmph": 0.027912586362026797,
        "cmps": 0.13758976217434607
    },
    "5": {
        "cmph": 0.02803290998730304,
        "cmps": 0.11523986642033787
    },
    "6": {
        "cmph": 0.02348157795563053,
        "cmps": 0.10125737735589913
    },
    "final": {
        "OverThreshold": 0,
        "Ratio": 0,
        "Frame": 6
    }
}