{
    "1": {
        "cmph": 0.03794001457884987,
        "cmps": 0.10158908806146187
    },
    "2": {
        "cmph": 0.035324207745117915,
        "cmps": 0.09340683314019993
    },
    "3": {
        "cmph": 0.033908801504455986,
        "cmps": 0.052152311064132956
    },
    "4": {
        "cmph": 0.02902534636010209,
        "cmps": 0.18234934289663354
    },
    "5": {
        "cmph": 0.02887930407430259,
        "cmps": 0.1369980206186885
    },
    "6": {
        "cmph": 0.022130298717400923,
        "cmps": 0.017162309063573928
    },
    "7": {
        "cmph": 0.019288806839583374,
        "cmps": 0.02628502265889436
    },
    "8": {
        "cmph": 0.02254504653944743,
        "cmps": 0.11732119974840684
    },
    "9": {
        "cmph": 0.019649220476607353,
        "cmps": 0.19950241399403537
    },
    "10": {
        "cmph": 0.020930923103199446,
        "cmps": 0.19622404565337706
    },
    "11": {
        "cmph": 0.019246994697870164,
        "cmps": 0.16628920538298533
    },
    "12": {
        "cmph": 0.01862564116792607,
        "cmps": 0.1380616680028325
    },
    "13": {
        "cmph": 0.016781130802660294,
        "cmps": 0.03400168958440024
    },
    "14": {
        "cmph": 0.01952523738890106,
        "cmps": 0.003692282960279524
    },
    "15": {
        "cmph": 0.01825630706431813,
        "cmps": 0.04101848761506422
    },
    "16": {
        "cmph": 0.018534046886508466,
        "cmps": 0.02271890459342386
    },
    "17": {
        "cmph": 0.021027070974340412,
        "cmps": 0.027260866379267425
    },
    "18": {
        "cmph": 0.028429400563962513,
        "cmps": 0.043092485537454046
    },
    "19": {
        "cmph": 0.03587362389327217,
        "cmps": 0.0920839431017186
    },
    "20": {
        "cmph": 0.033541323352649074,
        "cmps": 0.0555935595702155
    },
    "final": {
        "OverThreshold": 0,
        "Ratio": 0,
        "Frame": 20
    }
}