{
    "1": {
        "cmph": 0.02304066513462082,
        "cmps": 0.061328712488844486
    },
    "2": {
        "cmph": 0.0029894778975293533,
        "cmps": 0.0627790519782403
    },
    "3": {
        "cmph": 0.011448101002388938,
        "cmps": 0.06429653366694425
    },
    "4": {
        "cmph": 0.016178137937202824,
        "cmps": 0.08060827080536556
    },
    "5": {
        "cmph": 0.01830677542174558,
        "cmps": 0.0921751601771653
    },
    "6": {
        "cmph": 0.007217141507980819,
        "cmps": 0.10346144914573274
    },
    "7": {
        "cmph": 0.012741671098921822,
        "cmps": 0.09945253247591415
    },
    "8": {
        "cmph": 0.01879072380645198,
        "cmps": 0.11205703951783065
    },
    "9": {
        "cmph": 0.016622224042744556,
        "cmps": 0.10758518288011824
    },
    "10": {
        "cmph": 0.015065237907223384,
        "cmps": 0.09429924742805613
    },
    "11": {
        "cmph": 0.022927736034088573,
        "cmps": 0.09763510714371418
    },
    "12": {
        "cmph": 0.018117433498533078,
        "cmps": 0.08572056098890311
    },
    "13": {
        "cmph": 0.021154917101872946,
        "cmps": 0.09044183352396352
    },
    "14": {
        "cmph": 0.01734343121071331,
        "cmps": 0.08919414817243654
    },
    "15": {
        "cmph": 0.015901355316403566,
        "cmps": 0.08652910149533945
    },
    "16": {
        "cmph": 0.012581180984547743,
        "cmps": 0.08771880421806198
    },
    "17": {
        "cmph": 0.012044069223159249,
        "cmps": 0.07828436932772019
    },
    "18": {
        "cmph": 0.007478338898408748,
        "cmps": 0.09212479449581563
    },
    "19": {
        "cmph": 0.00042010649372204454,
        "cmps": 0.08335199197311931
    },
    "20": {
        "cmph": 0.015192171230758948,
        "cmps": 0.0730890735580397
    },
    "21": {
        "cmph": 0.011182178422533023,
        "cmps": 0.07479044710628123
    },
    "22": {
        "cmph": 0.007511630989062123,
        "cmps": 0.0711935406495507
    },
    "23": {
        "cmph": 0.004073602645606853,
        "cmps": 0.08027775045925503
    },
    "24": {
        "cmph": 0.0015571179002204876,
        "cmps": 0.08139484566571617
    },
    "25": {
        "cmph": 0.013930447804514157,
        "cmps": 0.08452447555460242
    },
    "26": {
        "cmph": 0.008920846632332566,
        "cmps": 0.08478538950531629
    },
    "27": {
        "cmph": 0.0009111372326939739,
        "cmps": 0.08885292899686431
    },
    "28": {
        "cmph": 0.005491932068812294,
        "cmps": 0.08877547559636495
    },
    "29": {
        "cmph": 0.010309336322532753,
        "cmps": 0.09035293667976597
    },
    "30": {
        "cmph": 0.008731085888725544,
        "cmps": 0.09364695812028613
    },
    "31": {
        "cmph": 0.003772530043282111,
        "cmps": 0.08435248372088393
    },
    "32": {
        "cmph": 0.0023174712907072835,
        "cmps": 0.09265391148808466
    },
    "33": {
        "cmph": 0.00842759905185242,
        "cmps": 0.12589990529010964
    },
    "34": {
        "cmph": 0.01841445437254954,
        "cmps": 0.1344804032131533
    },
    "35": {
        "cmph": 0.01614739666458293,
        "cmps": 0.14326632016430127
    },
    "36": {
        "cmph": 0.014322427895836869,
        "cmps": 0.14337339785469536
    },
    "37": {
        "cmph": 0.001876370263779804,
        "cmps": 0.13562681621434905
    },
    "38": {
        "cmph": 0.0021035523155047003,
        "cmps": 0.12079271407026136
    },
    "39": {
        "cmph": 9.068897019258324e-05,
        "cmps": 0.12500667141078567
    },
    "40": {
        "cmph": 0.008930751937366746,
        "cmps": 0.10557579953227306
    },
    "41": {
        "cmph": 0.004390390033638661,
        "cmps": 0.10814557727887132
    },
    "42": {
        "cmph": 0.0054880707562581866,
        "cmps": 0.08786301872678282
    },
    "43": {
        "cmph": 0.0025988126733528607,
        "cmps": 0.08526715522384792
    },
    "44": {
        "cmph": 0.002186637859585251,
        "cmps": 0.09412599967317314
    },
    "45": {
        "cmph": 0.0038048126913131954,
        "cmps": 0.09956006791052009
    },
    "final": {
        "OverThreshold": 0,
        "Ratio": 0,
        "Frame": 45
    }
}