{
    "1": {
        "cmph": 0.0044485708209670224,
        "cmps": 0.10159403129199526
    },
    "2": {
        "cmph": 0.04711246202840708,
        "cmps": 0.1713221103166771
    },
    "3": {
        "cmph": 0.003009389948374953,
        "cmps": 0.1934075672910515
    },
    "4": {
        "cmph": 0.030925770283885577,
        "cmps": 0.1981783200544237
    },
    "5": {
        "cmph": 0.03471689999781077,
        "cmps": 0.17627917433390786
    },
    "6": {
        "cmph": 0.031071603912864412,
        "cmps": 0.142581310222658
    },
    "7": {
        "cmph": 0.02582898872262938,
        "cmps": 0.13893977156406853
    },
    "final": {
        "OverThreshold": 0,
        "Ratio": 0,
        "Frame": 7
    }
}