{
    "1": {
        "cmph": 0.6949005364650278,
        "cmps": 0.899302673307607
    },
    "2": {
        "cmph": 0.7843861515204427,
        "cmps": 0.8512173387249053
    },
    "3": {
        "cmph": 0.7983780547347737,
        "cmps": 0.8316160757031575
    },
    "4": {
        "cmph": 0.8791428996470949,
        "cmps": 0.8526498596863417
    },
    "5": {
        "cmph": 0.7717566968040847,
        "cmps": 0.8882849181372544
    },
    "6": {
        "cmph": 0.9124499861918361,
        "cmps": 0.965213073040665
    },
    "7": {
        "cmph": 0.9415806353311229,
        "cmps": 0.8195522276766
    },
    "8": {
        "cmph": 0.8711222645190967,
        "cmps": 0.7848673603502405
    },
    "9": {
        "cmph": 0.9187343162337192,
        "cmps": 0.749722845967663
    },
    "10": {
        "cmph": 0.9594991263951369,
        "cmps": 0.6857585136838328
    },
    "11": {
        "cmph": 0.9418716731404622,
        "cmps": 0.8784901160406716
    },
    "12": {
        "cmph": 0.9164956114255909,
        "cmps": 0.9014989029275136
    },
    "13": {
        "cmph": 0.988909270376798,
        "cmps": 0.8787013752329353
    },
    "14": {
        "cmph": 0.9780940642781578,
        "cmps": 0.9150360726169093
    },
    "15": {
        "cmph": 0.9903406030778827,
        "cmps": 0.8789129622562408
    },
    "16": {
        "cmph": 0.9715090826290834,
        "cmps": 0.9171667126734079
    },
    "17": {
        "cmph": 0.823659070787119,
        "cmps": 0.9012593301680333
    },
    "18": {
        "cmph": 0.9104379366064034,
        "cmps": 0.9583494082102748
    },
    "19": {
        "cmph": 0.8951063230445484,
        "cmps": 0.9187781415059938
    },
    "20": {
        "cmph": 0.9213412253370791,
        "cmps": 0.8840020521330167
    },
    "21": {
        "cmph": 0.9109219934338006,
        "cmps": 0.9134408008084333
    },
    "22": {
        "cmph": 0.939817373087282,
        "cmps": 0.9161045754436867
    },
    "23": {
        "cmph": 0.9770783417508497,
        "cmps": 0.8673573663787514
    },
    "24": {
        "cmph": 0.9789580258414053,
        "cmps": 0.8964552659400609
    },
    "25": {
        "cmph": 0.9666290404593427,
        "cmps": 0.9179088148699169
    },
    "26": {
        "cmph": 0.9749937302455514,
        "cmps": 0.9625096559695063
    },
    "27": {
        "cmph": 0.9044053956081674,
        "cmps": 0.9388974819889425
    },
    "28": {
        "cmph": 0.8494606986778294,
        "cmps": 0.788558323486655
    },
    "29": {
        "cmph": 0.9948203560050255,
        "cmps": 0.7708824791531528
    },
    "30": {
        "cmph": 0.9958598343912964,
        "cmps": 0.7789584560505362
    },
    "31": {
        "cmph": 0.9945643859919597,
        "cmps": 0.6625340584099408
    },
    "32": {
        "cmph": 0.9905616370570816,
        "cmps": 0.539552419067898
    },
    "final": {
        "OverThreshold": 32,
        "Ratio": 100,
        "Frame": 32
    }
}