{
    "1": {
        "cmph": 0.01233842798381791,
        "cmps": 0.06865066530326462
    },
    "2": {
        "cmph": 0.012497046197124275,
        "cmps": 0.06787155585077842
    },
    "3": {
        "cmph": 0.013015050949965603,
        "cmps": 0.06942688442564479
    },
    "4": {
        "cmph": 0.014965053598259698,
        "cmps": 0.06536847666685094
    },
    "5": {
        "cmph": 0.019098153397343505,
        "cmps": 0.08867587303676416
    },
    "6": {
        "cmph": 0.021377621063703504,
        "cmps": 0.10152624286640549
    },
    "7": {
        "cmph": 0.019533346268038945,
        "cmps": 0.11046420881726614
    },
    "8": {
        "cmph": 0.02335889504231144,
        "cmps": 0.12728261886991815
    },
    "9": {
        "cmph": 0.026576926812770303,
        "cmps": 0.1325292813001751
    },
    "10": {
        "cmph": 0.025763876676347438,
        "cmps": 0.13225416727759134
    },
    "11": {
        "cmph": 0.026206440774197946,
        "cmps": 0.1379230343235146
    },
    "12": {
        "cmph": 0.02646523299829996,
        "cmps": 0.16665541343910256
    },
    "13": {
        "cmph": 0.026211583057962784,
        "cmps": 0.1916128803171353
    },
    "14": {
        "cmph": 0.031784135126224,
        "cmps": 0.19880194107565605
    },
    "15": {
        "cmph": 0.03134945792010409,
        "cmps": 0.18897917599068476
    },
    "16": {
        "cmph": 0.027152839719902223,
        "cmps": 0.17809540948465996
    },
    "17": {
        "cmph": 0.033182699138547954,
        "cmps": 0.16944726247544564
    },
    "18": {
        "cmph": 0.03395365799771069,
        "cmps": 0.16597037408620297
    },
    "19": {
        "cmph": 0.03285947742115052,
        "cmps": 0.16895118294780093
    },
    "20": {
        "cmph": 0.028461037710098603,
        "cmps": 0.15989358720367058
    },
    "21": {
        "cmph": 0.029245666525877144,
        "cmps": 0.16428258730051742
    },
    "22": {
        "cmph": 0.02589896249239245,
        "cmps": 0.1393283709606653
    },
    "23": {
        "cmph": 0.024263563420146846,
        "cmps": 0.12329625733160463
    },
    "24": {
        "cmph": 0.02288531451654366,
        "cmps": 0.1375388531881532
    },
    "25": {
        "cmph": 0.0201966554721913,
        "cmps": 0.1306229636770892
    },
    "26": {
        "cmph": 0.022877882623239018,
        "cmps": 0.12768721133762972
    },
    "27": {
        "cmph": 0.0205352796230661,
        "cmps": 0.11826475252257238
    },
    "28": {
        "cmph": 0.022931668588969473,
        "cmps": 0.1238075331594681
    },
    "29": {
        "cmph": 0.022215981982306586,
        "cmps": 0.12226097582371188
    },
    "30": {
        "cmph": 0.024563873152205346,
        "cmps": 0.1328548299319661
    },
    "31": {
        "cmph": 0.024451978016153363,
        "cmps": 0.11364635123815968
    },
    "32": {
        "cmph": 0.027207675173086934,
        "cmps": 0.11900352595903524
    },
    "33": {
        "cmph": 0.027670798825059614,
        "cmps": 0.12241366454462113
    },
    "final": {
        "OverThreshold": 0,
        "Ratio": 0,
        "Frame": 33
    }
}