{
    "1": {
        "cmph": 0.03126025129059559,
        "cmps": 0.07625343562555455
    },
    "2": {
        "cmph": 0.015113180341296132,
        "cmps": 0.06100276793604408
    },
    "3": {
        "cmph": 0.02244453394792415,
        "cmps": 0.061068569897453275
    },
    "4": {
        "cmph": 0.02482780179705473,
        "cmps": 0.04541407263580236
    },
    "5": {
        "cmph": 0.0174823690422124,
        "cmps": 0.08005908335989981
    },
    "6": {
        "cmph": 0.00953897201398974,
        "cmps": 0.08811126879181107
    },
    "7": {
        "cmph": 0.008326808465064084,
        "cmps": 0.0981854603159358
    },
    "8": {
        "cmph": 0.010297293284710985,
        "cmps": 0.12606259064321682
    },
    "9": {
        "cmph": 0.01656075010090949,
        "cmps": 0.14132984361183415
    },
    "10": {
        "cmph": 0.014422549253119676,
        "cmps": 0.12933872868559146
    },
    "11": {
        "cmph": 0.02192032622065863,
        "cmps": 0.12423394385833883
    },
    "12": {
        "cmph": 0.019717813298460455,
        "cmps": 0.11967968591678203
    },
    "13": {
        "cmph": 0.02105643528450191,
        "cmps": 0.10758914237562549
    },
    "14": {
        "cmph": 0.017770266960318377,
        "cmps": 0.09749969068216928
    },
    "15": {
        "cmph": 0.015372922563394294,
        "cmps": 0.07949325993951395
    },
    "16": {
        "cmph": 0.01008121291734972,
        "cmps": 0.07628629480513571
    },
    "17": {
        "cmph": 0.016610755651514823,
        "cmps": 0.047996667752211876
    },
    "18": {
        "cmph": 0.010832182849389548,
        "cmps": 0.06878810092761112
    },
    "19": {
        "cmph": 0.004751139163763934,
        "cmps": 0.017279660688968985
    },
    "20": {
        "cmph": 0.02303683168714393,
        "cmps": 0.021120481246850842
    },
    "21": {
        "cmph": 0.007935260771610405,
        "cmps": 0.020110394404915032
    },
    "22": {
        "cmph": 0.008562034233059393,
        "cmps": 0.02505669214285594
    },
    "23": {
        "cmph": 0.008157372805676279,
        "cmps": 0.03389002190070187
    },
    "24": {
        "cmph": 0.0019802353067633616,
        "cmps": 0.030548867730703772
    },
    "25": {
        "cmph": 0.014165810327253161,
        "cmps": 0.03815861660341105
    },
    "26": {
        "cmph": 0.010100934856049194,
        "cmps": 0.07220204675173385
    },
    "27": {
        "cmph": 0.00017383385170363603,
        "cmps": 0.07774079678511907
    },
    "28": {
        "cmph": 0.008177688054254652,
        "cmps": 0.07963405985342233
    },
    "29": {
        "cmph": 0.012145826769738896,
        "cmps": 0.08764454396088228
    },
    "30": {
        "cmph": 0.010942276920035871,
        "cmps": 0.09379294438288284
    },
    "31": {
        "cmph": 0.0035936213271005025,
        "cmps": 0.09132113162133106
    },
    "32": {
        "cmph": 0.0023183845538663904,
        "cmps": 0.0884960138593072
    },
    "final": {
        "OverThreshold": 0,
        "Ratio": 0,
        "Frame": 32
    }
}