{
    "1": {
        "cmph": 1.0,
        "cmps": 0.022751429610742276
    },
    "2": {
        "cmph": 1.0,
        "cmps": 0.02616014856217148
    },
    "3": {
        "cmph": 1.0,
        "cmps": 0.01800322054314628
    },
    "4": {
        "cmph": 0.005582044489349999,
        "cmps": 0.030105812709129157
    },
    "5": {
        "cmph": 0.0006308290316686229,
        "cmps": 0.02629088262219287
    },
    "6": {
        "cmph": 1.0,
        "cmps": 0.020215269275278076
    },
    "7": {
        "cmph": 0.0168410997099522,
        "cmps": 0.01676335128148849
    },
    "8": {
        "cmph": 0.015589030532835967,
        "cmps": 0.0236510947837361
    },
    "9": {
        "cmph": 0.02279389778683701,
        "cmps": 0.030283104456218755
    },
    "10": {
        "cmph": 0.012194102067347617,
        "cmps": 0.039379287683855554
    },
    "11": {
        "cmph": 0.014971616623408736,
        "cmps": 0.058156056396197385
    },
    "12": {
        "cmph": 0.017853702954495572,
        "cmps": 0.05598329044309751
    },
    "13": {
        "cmph": 0.026379328108390367,
        "cmps": 0.07324814327238086
    },
    "14": {
        "cmph": 0.020560703574313624,
        "cmps": 0.07887179269774278
    },
    "15": {
        "cmph": 0.01211503821297713,
        "cmps": 0.07229900712630528
    },
    "16": {
        "cmph": 0.015303356373659151,
        "cmps": 0.08537743258862848
    },
    "17": {
        "cmph": 1.0,
        "cmps": 0.0653965372383354
    },
    "18": {
        "cmph": 0.015403984993830805,
        "cmps": 0.06515344470633723
    },
    "19": {
        "cmph": 0.013121571441538435,
        "cmps": 0.07220435026206698
    },
    "20": {
        "cmph": 1.0,
        "cmps": 0.0758808699309485
    },
    "21": {
        "cmph": 0.01257215757395157,
        "cmps": 0.07223965245258226
    },
    "22": {
        "cmph": 0.017466862086817036,
        "cmps": 0.06798817489230612
    },
    "23": {
        "cmph": 0.01732022931553736,
        "cmps": 0.07819768680357367
    },
    "24": {
        "cmph": 0.017475232934086475,
        "cmps": 0.07400257296097378
    },
    "25": {
        "cmph": 0.023147551756883197,
        "cmps": 0.07797915809680712
    },
    "26": {
        "cmph": 0.022331761629753238,
        "cmps": 0.07971474864120599
    },
    "27": {
        "cmph": 0.026075985895254276,
        "cmps": 0.07890269080345114
    },
    "28": {
        "cmph": 0.015051896121336606,
        "cmps": 0.07471142929899083
    },
    "29": {
        "cmph": 0.019442186906231385,
        "cmps": 0.0730948093218603
    },
    "30": {
        "cmph": 0.021652192190788934,
        "cmps": 0.07422947874418069
    },
    "31": {
        "cmph": 0.024349494858213406,
        "cmps": 0.07050478873271432
    },
    "32": {
        "cmph": 0.026809046616732883,
        "cmps": 0.06319735651587198
    },
    "33": {
        "cmph": 0.017002160531199514,
        "cmps": 0.05922824000210961
    },
    "34": {
        "cmph": 0.018073398871179112,
        "cmps": 0.062880387610083
    },
    "35": {
        "cmph": 0.01172286452367119,
        "cmps": 0.06803069539378287
    },
    "final": {
        "OverThreshold": 6,
        "Ratio": 17,
        "Frame": 35
    }
}