{
    "1": {
        "cmph": 0.004093874295594643,
        "cmps": 0.03367088099184927
    },
    "2": {
        "cmph": 0.009150733747093992,
        "cmps": 0.03120849425936673
    },
    "3": {
        "cmph": 0.010329409269071539,
        "cmps": 0.018821049215961193
    },
    "4": {
        "cmph": 0.012377288502972665,
        "cmps": 0.07008510483060244
    },
    "5": {
        "cmph": 0.015451206127004131,
        "cmps": 0.1614549109920197
    },
    "6": {
        "cmph": 0.01455401360480577,
        "cmps": 0.13617121110305233
    },
    "7": {
        "cmph": 0.011808840984851021,
        "cmps": 0.20780913673017448
    },
    "8": {
        "cmph": 0.009820991497086439,
        "cmps": 0.25486471241540853
    },
    "9": {
        "cmph": 0.015870050053818616,
        "cmps": 0.2650383754156161
    },
    "10": {
        "cmph": 0.014255077050957857,
        "cmps": 0.2874342816016172
    },
    "11": {
        "cmph": 0.01371705652094891,
        "cmps": 0.35450549923902064
    },
    "12": {
        "cmph": 0.015280983706914945,
        "cmps": 0.31774709823668934
    },
    "13": {
        "cmph": 0.014381155721996938,
        "cmps": 0.3403196513989073
    },
    "final": {
        "OverThreshold": 0,
        "Ratio": 0,
        "Frame": 13
    }
}