{
    "1": {
        "cmph": 0.043344926376342005,
        "cmps": 0.17295976186067002
    },
    "2": {
        "cmph": 0.03673000150212455,
        "cmps": 0.16210481405226537
    },
    "3": {
        "cmph": 0.038934564875730895,
        "cmps": 0.16644481650827622
    },
    "4": {
        "cmph": 0.0362233657932055,
        "cmps": 0.15187096571348546
    },
    "5": {
        "cmph": 0.036558147251601975,
        "cmps": 0.1336139456521652
    },
    "6": {
        "cmph": 0.031120692011864654,
        "cmps": 0.1063326539752754
    },
    "7": {
        "cmph": 0.025501829716714136,
        "cmps": 0.10343504843166247
    },
    "8": {
        "cmph": 0.027613926188822434,
        "cmps": 0.11796870389190857
    },
    "9": {
        "cmph": 0.02378871116434743,
        "cmps": 0.11734142185342511
    },
    "10": {
        "cmph": 0.0264686181733329,
        "cmps": 0.1072384238856868
    },
    "11": {
        "cmph": 0.022042991233756082,
        "cmps": 0.1380490931815811
    },
    "12": {
        "cmph": 0.021280868659211395,
        "cmps": 0.1359860816364755
    },
    "13": {
        "cmph": 0.019935504719334012,
        "cmps": 0.11294016379656754
    },
    "14": {
        "cmph": 0.022442333894733473,
        "cmps": 0.12151429058209239
    },
    "15": {
        "cmph": 0.02109503574924342,
        "cmps": 0.08454832335248133
    },
    "16": {
        "cmph": 0.020506583181473314,
        "cmps": 0.09359836376159354
    },
    "17": {
        "cmph": 0.02431989982092837,
        "cmps": 0.1039945579163849
    },
    "18": {
        "cmph": 0.02722499256763483,
        "cmps": 0.12188802940048406
    },
    "19": {
        "cmph": 0.02356218701701438,
        "cmps": 0.15532921107862357
    },
    "20": {
        "cmph": 0.023293259109487232,
        "cmps": 0.15269418928554507
    },
    "21": {
        "cmph": 0.02503278417030578,
        "cmps": 0.15443018854593626
    },
    "22": {
        "cmph": 0.023724874959687992,
        "cmps": 0.16059261687122528
    },
    "23": {
        "cmph": 0.024116466686512922,
        "cmps": 0.1452686141574777
    },
    "24": {
        "cmph": 0.023753946645041935,
        "cmps": 0.13049616010174478
    },
    "25": {
        "cmph": 0.0191329138928162,
        "cmps": 0.10871154558713708
    },
    "26": {
        "cmph": 0.016077143093950755,
        "cmps": 0.11152224625590404
    },
    "27": {
        "cmph": 0.017512180838989536,
        "cmps": 0.11709820723518381
    },
    "28": {
        "cmph": 0.01628456722734314,
        "cmps": 0.11310683055542779
    },
    "29": {
        "cmph": 0.0172932475507303,
        "cmps": 0.12918492704170415
    },
    "30": {
        "cmph": 0.016791769755175358,
        "cmps": 0.12866768222930164
    },
    "31": {
        "cmph": 0.018264648096108137,
        "cmps": 0.13023311441539145
    },
    "32": {
        "cmph": 0.020110971087145692,
        "cmps": 0.10922521970772175
    },
    "final": {
        "OverThreshold": 0,
        "Ratio": 0,
        "Frame": 32
    }
}