{
    "1": {
        "cmph": 0.07664731740140938,
        "cmps": 0.10380828296142822
    },
    "2": {
        "cmph": 0.06370038038094787,
        "cmps": 0.05114152032097794
    },
    "3": {
        "cmph": 0.10299381404649811,
        "cmps": 0.028949888037634992
    },
    "4": {
        "cmph": 0.1195587711122608,
        "cmps": 0.012052059066926675
    },
    "5": {
        "cmph": 0.09220573535938742,
        "cmps": 0.03734022177818384
    },
    "6": {
        "cmph": 0.1465454998824972,
        "cmps": 0.013444457830138772
    },
    "7": {
        "cmph": 0.16940396788165124,
        "cmps": 0.015765763812382746
    },
    "8": {
        "cmph": 0.17660594746609856,
        "cmps": 0.02201873138236995
    },
    "9": {
        "cmph": 0.3620331091886478,
        "cmps": 0.035990499401645705
    },
    "10": {
        "cmph": 0.3715828958287864,
        "cmps": 0.029586321270729386
    },
    "11": {
        "cmph": 0.4105357234207485,
        "cmps": 0.0045092248248201705
    },
    "12": {
        "cmph": 0.44856178778454275,
        "cmps": 0.037910337553352685
    },
    "13": {
        "cmph": 0.5841029103451688,
        "cmps": 0.009800362866781336
    },
    "14": {
        "cmph": 0.609313053799822,
        "cmps": 0.020397310604639597
    },
    "15": {
        "cmph": 0.5760434891140281,
        "cmps": 0.010536729308896825
    },
    "16": {
        "cmph": 0.0333322295088653,
        "cmps": 0.011320044853037692
    },
    "17": {
        "cmph": 0.0625529382366473,
        "cmps": 0.0666315578586482
    },
    "18": {
        "cmph": 0.0401728830164267,
        "cmps": 0.0023478337741786714
    },
    "19": {
        "cmph": 0.03595977479477926,
        "cmps": 0.06868224831317753
    },
    "20": {
        "cmph": 0.01227980384321655,
        "cmps": 0.08587272775743568
    },
    "21": {
        "cmph": 0.03587546261909993,
        "cmps": 0.10835132467314143
    },
    "22": {
        "cmph": 0.0007088635940666,
        "cmps": 0.08652762436662619
    },
    "23": {
        "cmph": 0.0178621875359186,
        "cmps": 0.09038212730876467
    },
    "24": {
        "cmph": 0.00267528437441324,
        "cmps": 0.09555846033934029
    },
    "25": {
        "cmph": 0.07303836867159146,
        "cmps": 0.10491037046286124
    },
    "26": {
        "cmph": 0.0053097898995412,
        "cmps": 0.1178411498844949
    },
    "27": {
        "cmph": 0.0776536107723983,
        "cmps": 0.10439812006477704
    },
    "28": {
        "cmph": 0.07508826518130526,
        "cmps": 0.10611018654032119
    },
    "29": {
        "cmph": 0.0349869365602529,
        "cmps": 0.09418187079256787
    },
    "30": {
        "cmph": 0.0309749664299423,
        "cmps": 0.11728244870780201
    },
    "31": {
        "cmph": 0.0463663029759728,
        "cmps": 0.1125278687713858
    },
    "32": {
        "cmph": 0.02050156898573107,
        "cmps": 0.10513360502605205
    },
    "33": {
        "cmph": 0.06520286148935212,
        "cmps": 0.1104769650959904
    },
    "34": {
        "cmph": 0.19396798951337985,
        "cmps": 0.10733700847938256
    },
    "35": {
        "cmph": 0.2356910956692566,
        "cmps": 0.12571770045145603
    },
    "36": {
        "cmph": 0.10989433681668213,
        "cmps": 0.11725482353660703
    },
    "37": {
        "cmph": 0.0986035788364483,
        "cmps": 0.13287676531673367
    },
    "final": {
        "OverThreshold": 5,
        "Ratio": 13,
        "Frame": 37
    }
}