{
    "1": {
        "cmph": 0.2583532403318534,
        "cmps": 0.019188689927142715
    },
    "2": {
        "cmph": 0.2736204462566599,
        "cmps": 0.021175188811534112
    },
    "3": {
        "cmph": 0.3452325974302192,
        "cmps": 0.03465233270334287
    },
    "4": {
        "cmph": 0.32796537044419066,
        "cmps": 0.020230165631692016
    },
    "5": {
        "cmph": 0.39529970229994166,
        "cmps": 0.06173139925403592
    },
    "6": {
        "cmph": 0.4352879727667658,
        "cmps": 0.09979522837763244
    },
    "7": {
        "cmph": 0.6372503543360873,
        "cmps": 0.06313769783246898
    },
    "8": {
        "cmph": 0.6108596353650321,
        "cmps": 0.061551614584085305
    },
    "9": {
        "cmph": 0.6647418789672443,
        "cmps": 0.07896912063597342
    },
    "10": {
        "cmph": 0.6861291377256447,
        "cmps": 0.0776617938684463
    },
    "11": {
        "cmph": 0.6716167336864008,
        "cmps": 0.09862563506463506
    },
    "12": {
        "cmph": 0.7127890399421657,
        "cmps": 0.11820850408698352
    },
    "13": {
        "cmph": 0.6644047257455584,
        "cmps": 0.10579930916374901
    },
    "14": {
        "cmph": 0.5570302784340367,
        "cmps": 0.10987772880248899
    },
    "15": {
        "cmph": 0.6306155938446143,
        "cmps": 0.11977540368608242
    },
    "16": {
        "cmph": 0.590179772524502,
        "cmps": 0.10815835601553125
    },
    "17": {
        "cmph": 0.5918240682784304,
        "cmps": 0.10217935814354775
    },
    "18": {
        "cmph": 0.6059153993438028,
        "cmps": 0.08809112509497039
    },
    "19": {
        "cmph": 0.5862267250272672,
        "cmps": 0.08862748896536224
    },
    "20": {
        "cmph": 0.6076274954916675,
        "cmps": 0.07813105731627104
    },
    "21": {
        "cmph": 0.6851527735037038,
        "cmps": 0.08962959175137439
    },
    "22": {
        "cmph": 0.6136555185056902,
        "cmps": 0.0816423208200068
    },
    "23": {
        "cmph": 0.6308796148407263,
        "cmps": 0.07648009468961706
    },
    "24": {
        "cmph": 0.6360188891540726,
        "cmps": 0.08393648720396608
    },
    "25": {
        "cmph": 0.5470658499495918,
        "cmps": 0.06993882706799778
    },
    "26": {
        "cmph": 0.5380335599850001,
        "cmps": 0.06456316779937034
    },
    "27": {
        "cmph": 0.6721377462633144,
        "cmps": 0.05168078927091944
    },
    "28": {
        "cmph": 0.3527194157213622,
        "cmps": 0.028122310152507136
    },
    "29": {
        "cmph": 0.37672957673567675,
        "cmps": 0.012965739160982728
    },
    "30": {
        "cmph": 0.3031140174243643,
        "cmps": 0.0005676610847033496
    },
    "31": {
        "cmph": 0.39380271530737276,
        "cmps": 0.02633885511628368
    },
    "32": {
        "cmph": 0.4096037734616163,
        "cmps": 0.038466892017990154
    },
    "33": {
        "cmph": 0.4760731892151768,
        "cmps": 0.03163349987213965
    },
    "34": {
        "cmph": 0.47882064904227367,
        "cmps": 0.034625732639825456
    },
    "final": {
        "OverThreshold": 34,
        "Ratio": 100,
        "Frame": 34
    }
}