{
    "1": {
        "cmph": 0.17370973403576598,
        "cmps": 0.2092013364993729
    },
    "2": {
        "cmph": 0.04338988139468578,
        "cmps": 0.13899182380241468
    },
    "3": {
        "cmph": 0.17128284190746879,
        "cmps": 0.11200713515263952
    },
    "4": {
        "cmph": 0.0843097946004451,
        "cmps": 0.10965409696503368
    },
    "5": {
        "cmph": 0.00344554485425332,
        "cmps": 0.06693162636759023
    },
    "6": {
        "cmph": 0.0193657006351372,
        "cmps": 0.028477026023522447
    },
    "7": {
        "cmph": 0.01298154691023232,
        "cmps": 0.0007933167963329187
    },
    "8": {
        "cmph": 0.03400170282153231,
        "cmps": 0.0021597106630170315
    },
    "9": {
        "cmph": 0.07533899852877882,
        "cmps": 0.0011911027426148991
    },
    "10": {
        "cmph": 0.00807033209678747,
        "cmps": 0.04837993376273246
    },
    "11": {
        "cmph": 0.04158394229143304,
        "cmps": 0.0580251310496997
    },
    "12": {
        "cmph": 0.04255471350941826,
        "cmps": 0.01911364555872773
    },
    "13": {
        "cmph": 0.0100450326080054,
        "cmps": 0.014533843154740555
    },
    "14": {
        "cmph": 0.0627253243618363,
        "cmps": 0.017624288436128538
    },
    "15": {
        "cmph": 0.0551169121762997,
        "cmps": 0.006269050588492024
    },
    "16": {
        "cmph": 0.0426269874801574,
        "cmps": 0.011783652296788263
    },
    "17": {
        "cmph": 0.0363518806755789,
        "cmps": 0.03965948150366991
    },
    "18": {
        "cmph": 0.0844087937116172,
        "cmps": 0.04916459132321937
    },
    "19": {
        "cmph": 0.0745300225399498,
        "cmps": 0.01751776550824811
    },
    "20": {
        "cmph": 0.09595165989040974,
        "cmps": 0.02512307419255622
    },
    "21": {
        "cmph": 0.02251434148801975,
        "cmps": 0.042980818603010604
    },
    "22": {
        "cmph": 0.0781190601963269,
        "cmps": 0.03578353671432875
    },
    "23": {
        "cmph": 0.0977831272099582,
        "cmps": 0.035379339807857436
    },
    "24": {
        "cmph": 0.0314681099569995,
        "cmps": 0.04284896358551221
    },
    "25": {
        "cmph": 0.07965595846293423,
        "cmps": 0.07655476184263683
    },
    "26": {
        "cmph": 0.095644507238344,
        "cmps": 0.10024172713589179
    },
    "27": {
        "cmph": 0.0984664721366329,
        "cmps": 0.10080021754403407
    },
    "28": {
        "cmph": 0.09561328751451731,
        "cmps": 0.09905416311195822
    },
    "29": {
        "cmph": 0.0057440766504017,
        "cmps": 0.10044260073927481
    },
    "30": {
        "cmph": 0.0975108359035782,
        "cmps": 0.11441001434075004
    },
    "31": {
        "cmph": 0.03030868240876016,
        "cmps": 0.1072422922207283
    },
    "32": {
        "cmph": 0.03460834863955974,
        "cmps": 0.04851053189381276
    },
    "final": {
        "OverThreshold": 2,
        "Ratio": 6,
        "Frame": 32
    }
}