{
    "1": {
        "cmph": 0.021594139471101153,
        "cmps": 0.022311903482272532
    },
    "2": {
        "cmph": 0.0007844865601638562,
        "cmps": 0.03160077474340055
    },
    "3": {
        "cmph": 0.007546540714503026,
        "cmps": 0.0021850753586975177
    },
    "4": {
        "cmph": 0.001966022130389314,
        "cmps": 0.026135994674108296
    },
    "5": {
        "cmph": 0.008944380885384637,
        "cmps": 0.030098131216484376
    },
    "6": {
        "cmph": 0.006774772003626189,
        "cmps": 0.04374781168767103
    },
    "7": {
        "cmph": 0.009308062064901465,
        "cmps": 0.050013060941461504
    },
    "8": {
        "cmph": 0.010191588245364968,
        "cmps": 0.06022649361794904
    },
    "9": {
        "cmph": 0.0066576981105353344,
        "cmps": 0.06689213189286905
    },
    "10": {
        "cmph": 0.008018067331307997,
        "cmps": 0.05345846664717571
    },
    "11": {
        "cmph": 0.0063171621492910815,
        "cmps": 0.05343247684250925
    },
    "12": {
        "cmph": 0.005869844113906487,
        "cmps": 0.055361195343075736
    },
    "13": {
        "cmph": 0.010881009811753965,
        "cmps": 0.055859271677208826
    },
    "14": {
        "cmph": 0.010668531218093991,
        "cmps": 0.049795569180094444
    },
    "15": {
        "cmph": 0.0013109502598548318,
        "cmps": 0.04541457848374273
    },
    "16": {
        "cmph": 0.004415876258084135,
        "cmps": 0.05571715605411237
    },
    "17": {
        "cmph": 0.013004725932656119,
        "cmps": 0.046119168794575276
    },
    "18": {
        "cmph": 0.017763102945343584,
        "cmps": 0.03113981274214343
    },
    "19": {
        "cmph": 0.007772950798340706,
        "cmps": 0.014058556686795452
    },
    "20": {
        "cmph": 0.04124273135559276,
        "cmps": 0.009089446771116994
    },
    "21": {
        "cmph": 0.14378163532727983,
        "cmps": 0.018673025158023552
    },
    "22": {
        "cmph": 0.12454310025924972,
        "cmps": 0.007838647623594925
    },
    "23": {
        "cmph": 0.0806120823626698,
        "cmps": 0.02795903722225011
    },
    "24": {
        "cmph": 0.17042921294673974,
        "cmps": 0.028510077235876514
    },
    "25": {
        "cmph": 0.0853552533752142,
        "cmps": 0.04504415347266952
    },
    "26": {
        "cmph": 0.09443704533499013,
        "cmps": 0.04763807010145906
    },
    "27": {
        "cmph": 0.09218421245156729,
        "cmps": 0.045482407279134725
    },
    "28": {
        "cmph": 0.03787967257069156,
        "cmps": 0.047373089668383654
    },
    "29": {
        "cmph": 0.09453307302269262,
        "cmps": 0.051354564041835145
    },
    "30": {
        "cmph": 0.11403344305524624,
        "cmps": 0.028933434977803374
    },
    "31": {
        "cmph": 0.14608946495100897,
        "cmps": 0.020481574538125685
    },
    "32": {
        "cmph": 0.1872181548890802,
        "cmps": 0.02435318910754277
    },
    "final": {
        "OverThreshold": 2,
        "Ratio": 6,
        "Frame": 32
    }
}