{
    "1": {
        "cmph": 0.0034788286445858138,
        "cmps": 0.1925241417077202
    },
    "2": {
        "cmph": 0.009915907269933227,
        "cmps": 0.16542155916442666
    },
    "3": {
        "cmph": 0.0041939553975715825,
        "cmps": 0.09543493599487039
    },
    "4": {
        "cmph": 0.012034400886459603,
        "cmps": 0.1136096434127801
    },
    "5": {
        "cmph": 0.010255770982039251,
        "cmps": 0.13949875256863045
    },
    "6": {
        "cmph": 0.005619820617331411,
        "cmps": 0.1834281871992914
    },
    "7": {
        "cmph": 0.005379673637643005,
        "cmps": 0.26658642679351546
    },
    "8": {
        "cmph": 0.01859016372664512,
        "cmps": 0.3228544944706764
    },
    "9": {
        "cmph": 0.002557029884626687,
        "cmps": 0.22562953640668273
    },
    "10": {
        "cmph": 0.01822727076485167,
        "cmps": 0.17361213619818777
    },
    "11": {
        "cmph": 0.008246385206388138,
        "cmps": 0.22188911626528
    },
    "12": {
        "cmph": 0.009937958520220216,
        "cmps": 0.2599567388642508
    },
    "13": {
        "cmph": 0.0015307737162810265,
        "cmps": 0.32618518715325184
    },
    "14": {
        "cmph": 0.009154786266204203,
        "cmps": 0.3246746857840726
    },
    "15": {
        "cmph": 0.011934211245621829,
        "cmps": 0.29098781652358185
    },
    "16": {
        "cmph": 0.0011153663323947539,
        "cmps": 0.2924738855976784
    },
    "17": {
        "cmph": 0.005253292308621347,
        "cmps": 0.23164861316123772
    },
    "18": {
        "cmph": 0.006508893857512094,
        "cmps": 0.232805191634959
    },
    "19": {
        "cmph": 0.0032844203048984985,
        "cmps": 0.21250961146460812
    },
    "20": {
        "cmph": 0.01187478515850869,
        "cmps": 0.2413678587748042
    },
    "21": {
        "cmph": 0.001372138322603161,
        "cmps": 0.24670441229645715
    },
    "22": {
        "cmph": 0.0006490876462578265,
        "cmps": 0.26494122341824633
    },
    "23": {
        "cmph": 0.013240565399394827,
        "cmps": 0.29145686066058335
    },
    "24": {
        "cmph": 0.014242020320413907,
        "cmps": 0.2992796895039082
    },
    "25": {
        "cmph": 0.01136551611457821,
        "cmps": 0.3035914769314987
    },
    "26": {
        "cmph": 0.012369236046321043,
        "cmps": 0.279739480173495
    },
    "27": {
        "cmph": 0.012513114923238242,
        "cmps": 0.1803335711417118
    },
    "28": {
        "cmph": 0.01110369634627319,
        "cmps": 0.1995563589246289
    },
    "29": {
        "cmph": 0.002092379750406657,
        "cmps": 0.2330196822694396
    },
    "30": {
        "cmph": 0.008099339355199933,
        "cmps": 0.22041703523461156
    },
    "31": {
        "cmph": 0.007332716362582025,
        "cmps": 0.1493659446484738
    },
    "32": {
        "cmph": 0.006235238005112178,
        "cmps": 0.12824035445373966
    },
    "33": {
        "cmph": 0.006638819548860466,
        "cmps": 0.13838853043936938
    },
    "34": {
        "cmph": 0.011629318234391988,
        "cmps": 0.11116040542244478
    },
    "35": {
        "cmph": 0.004424164200888032,
        "cmps": 0.08931628769401617
    },
    "36": {
        "cmph": 0.002072866490320109,
        "cmps": 0.1268366002450917
    },
    "37": {
        "cmph": 0.0026544838659908676,
        "cmps": 0.14608984832132443
    },
    "38": {
        "cmph": 0.009116303655457209,
        "cmps": 0.1204027565239833
    },
    "39": {
        "cmph": 0.009274959702089159,
        "cmps": 0.1073023355397795
    },
    "40": {
        "cmph": 0.016504346932451334,
        "cmps": 0.13564346227312793
    },
    "41": {
        "cmph": 0.0022936324000925722,
        "cmps": 0.12240872989476187
    },
    "42": {
        "cmph": 0.0004614764798641671,
        "cmps": 0.16313017373967065
    },
    "43": {
        "cmph": 0.000976173622124811,
        "cmps": 0.11284741942925734
    },
    "44": {
        "cmph": 0.0018281006937734697,
        "cmps": 0.11435224627202176
    },
    "45": {
        "cmph": 0.011641399933428968,
        "cmps": 0.11491218111840615
    },
    "final": {
        "OverThreshold": 0,
        "Ratio": 0,
        "Frame": 45
    }
}