{
    "1": {
        "cmph": 0.01209066623718922,
        "cmps": 0.030937352342451045
    },
    "2": {
        "cmph": 0.0032273158159055954,
        "cmps": 0.004306720038850178
    },
    "3": {
        "cmph": 0.01645144861741342,
        "cmps": 0.022553892389369525
    },
    "4": {
        "cmph": 0.001112356288110113,
        "cmps": 0.07394331579086837
    },
    "5": {
        "cmph": 0.0013419306253059852,
        "cmps": 0.1540477686651084
    },
    "6": {
        "cmph": 0.0018961233216990433,
        "cmps": 0.20512986905512506
    },
    "7": {
        "cmph": 0.011167539112322081,
        "cmps": 0.28498170074069773
    },
    "8": {
        "cmph": 0.02450953366317837,
        "cmps": 0.3422207367579108
    },
    "9": {
        "cmph": 0.027387637663926278,
        "cmps": 0.3622396029263025
    },
    "10": {
        "cmph": 0.04509813272774375,
        "cmps": 0.3142391428523595
    },
    "11": {
        "cmph": 0.02425809351336433,
        "cmps": 0.37667053122713107
    },
    "final": {
        "OverThreshold": 0,
        "Ratio": 0,
        "Frame": 11
    }
}