{
    "1": {
        "cmph": 0.6581202432289521,
        "cmps": 0.0812299770290358
    },
    "2": {
        "cmph": 0.5338158840856971,
        "cmps": 0.08292043673510231
    },
    "3": {
        "cmph": 0.45705554974077944,
        "cmps": 0.08207488056553308
    },
    "4": {
        "cmph": 0.3607395548027895,
        "cmps": 0.06187028524617921
    },
    "5": {
        "cmph": 0.3943859035669998,
        "cmps": 0.03660696634251599
    },
    "6": {
        "cmph": 0.6397851595301,
        "cmps": 6.359662473836048e-05
    },
    "7": {
        "cmph": 0.6888575818697602,
        "cmps": 0.015455472462504678
    },
    "8": {
        "cmph": 0.6708381041706433,
        "cmps": 0.005699495937201665
    },
    "9": {
        "cmph": 0.7114641947808833,
        "cmps": 0.03590609269598188
    },
    "10": {
        "cmph": 0.6931754029143758,
        "cmps": 0.03998922827730151
    },
    "11": {
        "cmph": 0.6847967027559805,
        "cmps": 0.042904149534268826
    },
    "12": {
        "cmph": 0.7182789073246008,
        "cmps": 0.056015403111373784
    },
    "13": {
        "cmph": 0.7372284631062227,
        "cmps": 0.0606465662527569
    },
    "14": {
        "cmph": 0.7224001001414946,
        "cmps": 0.07869195544844716
    },
    "15": {
        "cmph": 0.661300030221344,
        "cmps": 0.08716064134653609
    },
    "16": {
        "cmph": 0.6712521290642346,
        "cmps": 0.055374650076972246
    },
    "17": {
        "cmph": 0.575378656639516,
        "cmps": 0.042283543265577504
    },
    "18": {
        "cmph": 0.6493022610752672,
        "cmps": 0.06532207213612183
    },
    "19": {
        "cmph": 0.7144181493210037,
        "cmps": 0.008380240206301216
    },
    "20": {
        "cmph": 0.5754031995533901,
        "cmps": 0.06627972191798216
    },
    "21": {
        "cmph": 0.5824293872077853,
        "cmps": 0.06421245890854257
    },
    "22": {
        "cmph": 0.7017786262585778,
        "cmps": 0.034664504946858354
    },
    "23": {
        "cmph": 0.7046258791028717,
        "cmps": 0.018707918505717742
    },
    "24": {
        "cmph": 0.7361570893848698,
        "cmps": 0.043668028768882
    },
    "25": {
        "cmph": 0.7013007925717095,
        "cmps": 0.057552803569513034
    },
    "26": {
        "cmph": 0.7469003596296755,
        "cmps": 0.04925635994114613
    },
    "27": {
        "cmph": 0.7069804091486701,
        "cmps": 0.02161681869914059
    },
    "28": {
        "cmph": 0.6779304226294445,
        "cmps": 0.00904810056087008
    },
    "29": {
        "cmph": 0.7036712831467221,
        "cmps": 0.03129352718869781
    },
    "30": {
        "cmph": 0.6015430005987579,
        "cmps": 0.016475218673514137
    },
    "31": {
        "cmph": 0.4109948212517186,
        "cmps": 0.027255297536454438
    },
    "32": {
        "cmph": 0.49363640953271826,
        "cmps": 0.0974404663757847
    },
    "33": {
        "cmph": 0.5583968769955255,
        "cmps": 0.14837831499487097
    },
    "34": {
        "cmph": 0.5989316768614538,
        "cmps": 0.39411205631412005
    },
    "35": {
        "cmph": 0.5413877700696619,
        "cmps": 0.3598887173931597
    },
    "36": {
        "cmph": 0.5699623781275853,
        "cmps": 0.4165378603020477
    },
    "37": {
        "cmph": 0.5157878949681419,
        "cmps": 0.4023628744301949
    },
    "38": {
        "cmph": 0.48884425192104414,
        "cmps": 0.4777785996975349
    },
    "39": {
        "cmph": 0.41240605266307734,
        "cmps": 0.3062931591717582
    },
    "40": {
        "cmph": 0.46002941258866026,
        "cmps": 0.29420024446454274
    },
    "41": {
        "cmph": 0.42134264710672936,
        "cmps": 0.20459160920990807
    },
    "42": {
        "cmph": 0.4929832033117918,
        "cmps": 0.17620275064852267
    },
    "43": {
        "cmph": 0.5386260404026488,
        "cmps": 0.1233614687955067
    },
    "44": {
        "cmph": 0.5462989847704238,
        "cmps": 0.012457901843307475
    },
    "45": {
        "cmph": 0.5734128577583756,
        "cmps": 0.03263479778364994
    },
    "46": {
        "cmph": 0.8217828331768191,
        "cmps": 0.016168536917671873
    },
    "47": {
        "cmph": 0.8237643572134012,
        "cmps": 0.04472726173806808
    },
    "48": {
        "cmph": 0.8229704595034074,
        "cmps": 0.0510115265121285
    },
    "49": {
        "cmph": 0.7280511897315098,
        "cmps": 0.060189017567050584
    },
    "final": {
        "OverThreshold": 49,
        "Ratio": 100,
        "Frame": 49
    }
}