{
    "1": {
        "cmph": 1.0,
        "cmps": 0.0603968004725115
    },
    "2": {
        "cmph": 1.0,
        "cmps": 0.056493675164752295
    },
    "3": {
        "cmph": 1.0,
        "cmps": 0.04698210922414044
    },
    "4": {
        "cmph": 0.13768778140047686,
        "cmps": 0.08063960531207907
    },
    "5": {
        "cmph": 0.14290487965938878,
        "cmps": 0.0864583300414063
    },
    "6": {
        "cmph": 1.0,
        "cmps": 0.038174913426472404
    },
    "7": {
        "cmph": 0.01586937046716152,
        "cmps": 0.0020835594925420636
    },
    "8": {
        "cmph": 0.020084167925688585,
        "cmps": 0.012189686122216799
    },
    "9": {
        "cmph": 0.022063691337318937,
        "cmps": 0.059923308803390314
    },
    "10": {
        "cmph": 0.0135371295612193,
        "cmps": 0.0782959950948268
    },
    "11": {
        "cmph": 0.016868342856068384,
        "cmps": 0.08389901237151874
    },
    "12": {
        "cmph": 0.014941357066068984,
        "cmps": 0.09584588310216892
    },
    "13": {
        "cmph": 0.02543616165849018,
        "cmps": 0.09318257606506786
    },
    "14": {
        "cmph": 0.021004461224162264,
        "cmps": 0.09272017987738952
    },
    "15": {
        "cmph": 0.01234875538827183,
        "cmps": 0.07748905765740452
    },
    "16": {
        "cmph": 0.014949664988903119,
        "cmps": 0.07405439658896601
    },
    "17": {
        "cmph": 1.0,
        "cmps": 0.05279669740872694
    },
    "18": {
        "cmph": 0.010242231213512634,
        "cmps": 0.07278414882957077
    },
    "19": {
        "cmph": 0.021021237092478325,
        "cmps": 0.09407434296805074
    },
    "20": {
        "cmph": 1.0,
        "cmps": 0.07970181883479334
    },
    "21": {
        "cmph": 0.016905892720599523,
        "cmps": 0.08464366146763803
    },
    "22": {
        "cmph": 0.01830510728063639,
        "cmps": 0.08212000395154823
    },
    "23": {
        "cmph": 0.012844279596267381,
        "cmps": 0.07800076650354616
    },
    "24": {
        "cmph": 0.014045078201631778,
        "cmps": 0.06750494922857841
    },
    "25": {
        "cmph": 0.014772043354243165,
        "cmps": 0.0651096784509087
    },
    "26": {
        "cmph": 0.020474198968525804,
        "cmps": 0.07001985743394327
    },
    "27": {
        "cmph": 0.0153907228191392,
        "cmps": 0.07455004694544624
    },
    "28": {
        "cmph": 0.013766535636259285,
        "cmps": 0.06658288131904685
    },
    "29": {
        "cmph": 0.018954309885851804,
        "cmps": 0.06609056608332524
    },
    "30": {
        "cmph": 0.0196332430093687,
        "cmps": 0.07283051530273393
    },
    "31": {
        "cmph": 0.024832266278995714,
        "cmps": 0.0701947670749259
    },
    "32": {
        "cmph": 0.027744037015696943,
        "cmps": 0.05911773500141402
    },
    "final": {
        "OverThreshold": 6,
        "Ratio": 18,
        "Frame": 32
    }
}