{
    "1": {
        "cmph": 0.015308304811809847,
        "cmps": 0.09185891307348053
    },
    "2": {
        "cmph": 0.013807158418028351,
        "cmps": 0.08097377551665956
    },
    "3": {
        "cmph": 0.013879462125377448,
        "cmps": 0.07781071895861126
    },
    "4": {
        "cmph": 0.013990077238051075,
        "cmps": 0.08085874704586735
    },
    "5": {
        "cmph": 0.01519894954168198,
        "cmps": 0.07855025293939086
    },
    "6": {
        "cmph": 0.015075866678100904,
        "cmps": 0.09011265520494395
    },
    "final": {
        "OverThreshold": 0,
        "Ratio": 0,
        "Frame": 6
    }
}