{
    "1": {
        "cmph": 0.023113080124687754,
        "cmps": 0.08134040682153235
    },
    "2": {
        "cmph": 0.012546736638662145,
        "cmps": 0.08170551443366257
    },
    "3": {
        "cmph": 0.011091235736579217,
        "cmps": 0.08486294153103184
    },
    "4": {
        "cmph": 0.001178993618639673,
        "cmps": 0.0811226886396833
    },
    "5": {
        "cmph": 0.00021066472848012667,
        "cmps": 0.08616777081032072
    },
    "6": {
        "cmph": 0.007516009242691765,
        "cmps": 0.0969064751700792
    },
    "7": {
        "cmph": 0.019038539783194457,
        "cmps": 0.10365599188401493
    },
    "8": {
        "cmph": 0.026512336409766198,
        "cmps": 0.10797664545026495
    },
    "9": {
        "cmph": 0.014023539327289045,
        "cmps": 0.11368705948607988
    },
    "10": {
        "cmph": 0.02456187301778859,
        "cmps": 0.11221331450084521
    },
    "11": {
        "cmph": 0.0581280646375745,
        "cmps": 0.11752007033792602
    },
    "12": {
        "cmph": 0.045294780176852845,
        "cmps": 0.10638714997319064
    },
    "13": {
        "cmph": 0.027048523497210063,
        "cmps": 0.11233974123204576
    },
    "14": {
        "cmph": 0.024916474198686818,
        "cmps": 0.12460675065783337
    },
    "15": {
        "cmph": 0.02751849373167905,
        "cmps": 0.1238325749139715
    },
    "16": {
        "cmph": 0.033451600229700326,
        "cmps": 0.12228551147972873
    },
    "17": {
        "cmph": 0.037076337256467556,
        "cmps": 0.11403728884768081
    },
    "18": {
        "cmph": 0.04300143233420221,
        "cmps": 0.1130189644242014
    },
    "19": {
        "cmph": 0.04017830640558004,
        "cmps": 0.10924591569777332
    },
    "20": {
        "cmph": 0.061993504736319004,
        "cmps": 0.10980992114752491
    },
    "21": {
        "cmph": 0.045935974593775235,
        "cmps": 0.10665024963104731
    },
    "22": {
        "cmph": 0.052364733027854514,
        "cmps": 0.10304803647197112
    },
    "23": {
        "cmph": 0.041914175000139324,
        "cmps": 0.10610840970322419
    },
    "24": {
        "cmph": 0.03224440597204275,
        "cmps": 0.10462466462061368
    },
    "25": {
        "cmph": 0.01583216362048157,
        "cmps": 0.1011701380996539
    },
    "26": {
        "cmph": 0.017124597583195067,
        "cmps": 0.1043977986954512
    },
    "27": {
        "cmph": 0.0023993086972512383,
        "cmps": 0.09135863940206261
    },
    "28": {
        "cmph": 0.002327394439451157,
        "cmps": 0.0900015441993729
    },
    "29": {
        "cmph": 0.046250983161229435,
        "cmps": 0.10323911317413641
    },
    "30": {
        "cmph": 0.05867131624725717,
        "cmps": 0.10381645220903596
    },
    "31": {
        "cmph": 0.10252810416036309,
        "cmps": 0.09890270649464236
    },
    "32": {
        "cmph": 0.1661829431936259,
        "cmps": 0.10335459585960834
    },
    "33": {
        "cmph": 0.14582347851388716,
        "cmps": 0.10274525031242042
    },
    "34": {
        "cmph": 0.739070109709172,
        "cmps": 0.08597083336212513
    },
    "35": {
        "cmph": 0.7402342152848642,
        "cmps": 0.08890184981822123
    },
    "36": {
        "cmph": 0.6594101787458221,
        "cmps": 0.08347810835095484
    },
    "37": {
        "cmph": 0.0688228349435149,
        "cmps": 0.09125907978377995
    },
    "38": {
        "cmph": 0.0799334202302278,
        "cmps": 0.09444928307208755
    },
    "39": {
        "cmph": 0.0328226090349883,
        "cmps": 0.09662772847335721
    },
    "40": {
        "cmph": 0.0130098839675904,
        "cmps": 0.09557252281100238
    },
    "41": {
        "cmph": 0.0719208700058308,
        "cmps": 0.09301791420823025
    },
    "42": {
        "cmph": 0.0632951160826653,
        "cmps": 0.1024321304118351
    },
    "43": {
        "cmph": 0.0100495463151901,
        "cmps": 0.10031926278293657
    },
    "44": {
        "cmph": 0.0766597226307009,
        "cmps": 0.08562892030413076
    },
    "45": {
        "cmph": 0.034865505436479,
        "cmps": 0.10195505220607294
    },
    "46": {
        "cmph": 0.0611268732715061,
        "cmps": 0.09574013615057844
    },
    "47": {
        "cmph": 0.0200736751427216,
        "cmps": 0.09027996905261843
    },
    "48": {
        "cmph": 0.0192561031482234,
        "cmps": 0.08315218741250267
    },
    "49": {
        "cmph": 0.0018035848797834,
        "cmps": 0.05798253751602561
    },
    "50": {
        "cmph": 0.0312917698519117,
        "cmps": 0.060278070909756586
    },
    "51": {
        "cmph": 0.0354719566962138,
        "cmps": 0.052372659199938505
    },
    "52": {
        "cmph": 0.0918335435004533,
        "cmps": 0.05425919735946613
    },
    "53": {
        "cmph": 0.0851948204202326,
        "cmps": 0.024259473149837972
    },
    "54": {
        "cmph": 0.30536630821642397,
        "cmps": 0.02114695519919595
    },
    "final": {
        "OverThreshold": 9,
        "Ratio": 16,
        "Frame": 54
    }
}