{
    "1": {
        "cmph": 0.019448102967250275,
        "cmps": 0.4234499846738469
    },
    "2": {
        "cmph": 0.014159618170943083,
        "cmps": 0.5066576949329114
    },
    "3": {
        "cmph": 0.038007824782965285,
        "cmps": 0.5791572302320445
    },
    "4": {
        "cmph": 0.055507297809544394,
        "cmps": 0.38915794137457665
    },
    "5": {
        "cmph": 0.04105478118339584,
        "cmps": 0.40378863792545283
    },
    "6": {
        "cmph": 0.02550926003560059,
        "cmps": 0.5366619381421048
    },
    "7": {
        "cmph": 0.0016358121424453317,
        "cmps": 0.8141277518568097
    },
    "8": {
        "cmph": 0.002002704348062121,
        "cmps": 0.8189567639366179
    },
    "9": {
        "cmph": 0.0004629027704112396,
        "cmps": 0.7886090421252002
    },
    "10": {
        "cmph": 0.016060746270814073,
        "cmps": 0.6365435028150942
    },
    "11": {
        "cmph": 0.011062107992471867,
        "cmps": 0.6361590722499985
    },
    "12": {
        "cmph": 0.017711980677305415,
        "cmps": 0.6101619831121959
    },
    "13": {
        "cmph": 0.008018671278131984,
        "cmps": 0.7218758575866694
    },
    "14": {
        "cmph": 0.0003518419957202101,
        "cmps": 0.6312366211049186
    },
    "15": {
        "cmph": 0.011844286776094459,
        "cmps": 0.4679316350472382
    },
    "16": {
        "cmph": 0.005540030967414615,
        "cmps": 0.3176779142462093
    },
    "17": {
        "cmph": 0.003926048623103712,
        "cmps": 0.11836060172544151
    },
    "18": {
        "cmph": 0.0045364511097415435,
        "cmps": 0.14907930214256807
    },
    "19": {
        "cmph": 0.017889222129954495,
        "cmps": 0.2328026710755556
    },
    "20": {
        "cmph": 0.01797016241604193,
        "cmps": 0.13584433227287868
    },
    "21": {
        "cmph": 0.023598671128206523,
        "cmps": 0.1529395091405607
    },
    "22": {
        "cmph": 0.019782924061991076,
        "cmps": 0.13102687978486618
    },
    "23": {
        "cmph": 0.01268283202172675,
        "cmps": 0.06675780628756457
    },
    "24": {
        "cmph": 0.02713388548463876,
        "cmps": 0.05204768402630971
    },
    "25": {
        "cmph": 0.018273130624639786,
        "cmps": 0.10668592262041969
    },
    "26": {
        "cmph": 0.0009553461173225683,
        "cmps": 0.17451149438166214
    },
    "27": {
        "cmph": 0.003480425045356114,
        "cmps": 0.32279579476436066
    },
    "28": {
        "cmph": 0.0011883652274950628,
        "cmps": 0.48168151998518455
    },
    "29": {
        "cmph": 0.00035789078285257083,
        "cmps": 0.6341858973894238
    },
    "30": {
        "cmph": 0.010993488250374047,
        "cmps": 0.6106808275733441
    },
    "31": {
        "cmph": 0.0029196768721024514,
        "cmps": 0.539850153177602
    },
    "32": {
        "cmph": 0.003776354597367729,
        "cmps": 0.4586829066581533
    },
    "final": {
        "OverThreshold": 0,
        "Ratio": 0,
        "Frame": 32
    }
}