{
    "1": {
        "cmph": 0.007355251674910771,
        "cmps": 0.11380911813064183
    },
    "2": {
        "cmph": 0.0034158247339860066,
        "cmps": 0.16339897595027753
    },
    "3": {
        "cmph": 0.010120700898914708,
        "cmps": 0.21394855153969566
    },
    "4": {
        "cmph": 0.005765834901588853,
        "cmps": 0.32845948562965616
    },
    "5": {
        "cmph": 0.0016484930166915759,
        "cmps": 0.3480535942436842
    },
    "6": {
        "cmph": 0.0013844215249229396,
        "cmps": 0.3986691602730095
    },
    "7": {
        "cmph": 0.009477325878650678,
        "cmps": 0.48401505420178464
    },
    "8": {
        "cmph": 0.023806025240941095,
        "cmps": 0.5232381781207504
    },
    "9": {
        "cmph": 0.014410465958572293,
        "cmps": 0.5106785255269097
    },
    "10": {
        "cmph": 0.03236528409239069,
        "cmps": 0.43271880944916197
    },
    "11": {
        "cmph": 0.0167324346791151,
        "cmps": 0.46636239210595337
    },
    "12": {
        "cmph": 0.00030661055381736737,
        "cmps": 0.33225310062177804
    },
    "final": {
        "OverThreshold": 0,
        "Ratio": 0,
        "Frame": 12
    }
}