{
    "1": {
        "cmph": 0.01995773153674656,
        "cmps": 0.42487879902732745
    },
    "2": {
        "cmph": 0.011763499955755607,
        "cmps": 0.4760396778444571
    },
    "3": {
        "cmph": 0.03671233532640102,
        "cmps": 0.510149237955987
    },
    "4": {
        "cmph": 0.059426729218756996,
        "cmps": 0.28979736389998884
    },
    "5": {
        "cmph": 0.049542559258987956,
        "cmps": 0.25803773106175526
    },
    "6": {
        "cmph": 0.030170222953594755,
        "cmps": 0.2835993460818815
    },
    "7": {
        "cmph": 0.0010034112688898453,
        "cmps": 0.5322711472079824
    },
    "8": {
        "cmph": 0.0034411803338171097,
        "cmps": 0.6993980729145105
    },
    "9": {
        "cmph": 0.00011476073299599504,
        "cmps": 0.5550755282797283
    },
    "10": {
        "cmph": 0.003975969283924698,
        "cmps": 0.45670355344358476
    },
    "11": {
        "cmph": 0.004075377127269294,
        "cmps": 0.4195544988705541
    },
    "12": {
        "cmph": 0.02533893178022759,
        "cmps": 0.45717164195805887
    },
    "13": {
        "cmph": 0.012462296072473655,
        "cmps": 0.519175559826176
    },
    "14": {
        "cmph": 0.011134667820762655,
        "cmps": 0.49130100951719874
    },
    "15": {
        "cmph": 0.00039000625958735924,
        "cmps": 0.3342156932717188
    },
    "16": {
        "cmph": 0.0013275154336581988,
        "cmps": 0.2442324005948014
    },
    "17": {
        "cmph": 0.0027114539599436796,
        "cmps": 0.10147233585739068
    },
    "18": {
        "cmph": 0.012066875611193266,
        "cmps": 0.13785083797254802
    },
    "19": {
        "cmph": 0.03150070591567465,
        "cmps": 0.1930765961850401
    },
    "20": {
        "cmph": 0.02383173366633242,
        "cmps": 0.13067617828978773
    },
    "21": {
        "cmph": 0.034352420621390475,
        "cmps": 0.16669647010244573
    },
    "22": {
        "cmph": 0.02801924473151726,
        "cmps": 0.16326318997861614
    },
    "23": {
        "cmph": 0.016465293089207533,
        "cmps": 0.08211233515795312
    },
    "24": {
        "cmph": 0.0270890890657491,
        "cmps": 0.05921173824127123
    },
    "25": {
        "cmph": 0.020554169411856987,
        "cmps": 0.12681472001735059
    },
    "26": {
        "cmph": 0.0012153798521079258,
        "cmps": 0.15914242126141231
    },
    "27": {
        "cmph": 0.0020616457738609887,
        "cmps": 0.26443938609241974
    },
    "28": {
        "cmph": 0.0014475956672495907,
        "cmps": 0.4154115697341298
    },
    "29": {
        "cmph": 0.007797774918519653,
        "cmps": 0.4776765483219554
    },
    "30": {
        "cmph": 0.005494258985364223,
        "cmps": 0.46872981835274447
    },
    "31": {
        "cmph": 0.0071663869578598195,
        "cmps": 0.40400460523764176
    },
    "32": {
        "cmph": 0.013381323623945103,
        "cmps": 0.31487999921155624
    },
    "final": {
        "OverThreshold": 0,
        "Ratio": 0,
        "Frame": 32
    }
}