{
    "det": {
        "frame_n": "842",
        "dist1213": [
            3.2244509603234666,
            3.296893721700932,
            3.369336483078398
        ],
        "dist111": [
            2.5506269061349003,
            2.6335779600988083,
            2.7165290140627163
        ],
        "dist89": [
            3.277371873117988,
            3.466397584906652,
            3.655423296695316
        ],
        "dist18": [
            2.5573188422436517,
            2.643289717598802,
            2.729260592953952
        ],
        "dist910": [
            3.1851893832701985,
            3.3588974886146143,
            3.53260559395903
        ],
        "dist1112": [
            3.217276340881513,
            3.3875045924124754,
            3.557732843943438
        ]
    },
    "time": "10:30"
}