{
    "det": {
        "frame_n": "718",
        "dist1213": [
            3.649390650632533,
            3.7449118744341496,
            3.840433098235766
        ],
        "dist111": [
            2.297633887519217,
            2.3631642914324704,
            2.428694695345724
        ],
        "dist89": [
            3.160520381592757,
            3.2552034105594316,
            3.3498864395261063
        ],
        "dist18": [
            2.2857622359817538,
            2.3586838256558242,
            2.4316054153298947
        ],
        "dist910": [
            3.7298430378453205,
            3.856521858612917,
            3.9832006793805137
        ],
        "dist1112": [
            3.2786358479562985,
            3.4323620331309725,
            3.5860882183056466
        ]
    },
    "time": "10:00"
}