{
    "det": {
        "frame_n": "353",
        "dist1213": [
            3.4777778512515036,
            4.498529240588291,
            5.5192806299250785
        ],
        "dist111": [
            2.256898582165995,
            2.3567751167811566,
            2.456651651396318
        ],
        "dist89": [
            3.187607613890351,
            3.3735741542708735,
            3.559540694651396
        ],
        "dist18": [
            2.232485871816858,
            2.3314577687109734,
            2.430429665605089
        ],
        "dist910": [
            3.383510182072502,
            5.099560561121851,
            6.815610940171199
        ],
        "dist1112": [
            3.080874423560965,
            3.191348394577431,
            3.3018223655938965
        ]
    },
    "time": "16:30"
}