{
    "det": {
        "frame_n": "364",
        "dist1213": [
            3.264030837595458,
            3.4289373537975374,
            3.593843869999617
        ],
        "dist111": [
            2.259163547624576,
            2.3580588835102745,
            2.456954219395973
        ],
        "dist89": [
            3.4849788826957764,
            3.774765621531113,
            4.06455236036645
        ],
        "dist18": [
            2.25859317555355,
            2.34711970299839,
            2.4356462304432296
        ],
        "dist910": [
            3.233615577054018,
            3.360106398962149,
            3.4865972208702805
        ],
        "dist1112": [
            3.4316244617534375,
            3.6106001328082873,
            3.789575803863137
        ]
    },
    "time": "11:30"
}