{
    "det": {
        "frame_n": "367",
        "dist1213": [
            3.428541220929552,
            3.5313885064673456,
            3.634235792005139
        ],
        "dist111": [
            2.239918231607767,
            2.3329505095098813,
            2.4259827874119955
        ],
        "dist89": [
            3.4282817303786053,
            3.7946365170876075,
            4.16099130379661
        ],
        "dist18": [
            2.241813360279417,
            2.3286003498271413,
            2.4153873393748655
        ],
        "dist910": [
            3.4108025091391942,
            3.557337261510458,
            3.703872013881722
        ],
        "dist1112": [
            3.340706845953778,
            3.48549890205485,
            3.630290958155922
        ]
    },
    "time": "12:00"
}