{
    "det": {
        "frame_n": "367",
        "dist1213": [
            3.464222775312279,
            4.331861168071179,
            5.199499560830079
        ],
        "dist111": [
            2.2654275742567322,
            2.3404825075315148,
            2.4155374408062973
        ],
        "dist89": [
            3.0756938902491444,
            3.164025435599824,
            3.2523569809505033
        ],
        "dist18": [
            2.2629992519130777,
            2.341085170307336,
            2.419171088701594
        ],
        "dist910": [
            -4.17576730325643,
            8.962925706981222,
            22.101618717218876
        ],
        "dist1112": [
            3.077864669576593,
            3.1634948655194295,
            3.2491250614622658
        ]
    },
    "time": "14:00"
}