{
    "det": {
        "frame_n": "712",
        "dist1213": [
            3.692449367597404,
            3.8447242539953397,
            3.9969991403932754
        ],
        "dist111": [
            2.3213803178276446,
            2.376074759096779,
            2.430769200365913
        ],
        "dist89": [
            3.2349834218114157,
            3.3629510215232057,
            3.4909186212349956
        ],
        "dist18": [
            2.312357218681875,
            2.36588821064068,
            2.419419202599485
        ],
        "dist910": [
            3.5834512817766275,
            3.684795761789372,
            3.786140241802116
        ],
        "dist1112": [
            3.162104044575196,
            3.243221135243329,
            3.3243382259114624
        ]
    },
    "time": "8:00"
}