{
    "det": {
        "frame_n": "494",
        "dist1213": [
            3.2566957758395794,
            3.418894711736964,
            3.5810936476343485
        ],
        "dist111": [
            2.531918074672091,
            2.700042510128394,
            2.868166945584697
        ],
        "dist89": [
            3.303646139231654,
            3.664469499788757,
            4.02529286034586
        ],
        "dist18": [
            2.513587781547711,
            2.6691083175785986,
            2.8246288536094863
        ],
        "dist910": [
            3.196351777526064,
            3.3674394201245863,
            3.5385270627231087
        ],
        "dist1112": [
            3.1987698387831873,
            3.4166614453958637,
            3.63455305200854
        ]
    },
    "time": "13:00"
}