{
    "det": {
        "frame_n": "434",
        "dist1213": [
            3.4109959484084245,
            3.5563138214600856,
            3.7016316945117467
        ],
        "dist111": [
            2.5463509241150377,
            2.702187503342648,
            2.858024082570258
        ],
        "dist89": [
            3.0242564626781996,
            3.2019493253358724,
            3.379642187993545
        ],
        "dist18": [
            2.541231070058784,
            2.693539471009329,
            2.8458478719598737
        ],
        "dist910": [
            3.3467143699317674,
            3.566424143245938,
            3.7861339165601082
        ],
        "dist1112": [
            3.056325604224112,
            3.286208565533039,
            3.516091526841966
        ]
    },
    "time": "13:30"
}