{
    "det": {
        "frame_n": "522",
        "dist1213": [
            3.618323443696344,
            3.795596490195917,
            3.97286953669549
        ],
        "dist111": [
            2.229808645333754,
            2.3807670828292893,
            2.531725520324825
        ],
        "dist89": [
            3.163755519523484,
            3.309697200580032,
            3.45563888163658
        ],
        "dist18": [
            2.238919269451982,
            2.366263550256657,
            2.493607831061332
        ],
        "dist910": [
            3.7232698589617432,
            3.830927149292049,
            3.9385844396223546
        ],
        "dist1112": [
            3.207032088283606,
            3.3564115921779996,
            3.505791096072393
        ]
    },
    "time": "10:00"
}