{
    "det": {
        "frame_n": "560",
        "dist1213": [
            3.468676345843174,
            3.6540340365515136,
            3.8393917272598532
        ],
        "dist111": [
            2.351491454926061,
            2.742891031735262,
            3.1342906085444633
        ],
        "dist89": [
            2.9316730751854356,
            3.2096110793032033,
            3.487549083420971
        ],
        "dist18": [
            2.4841057985316755,
            2.878482434805776,
            3.272859071079876
        ],
        "dist910": [
            3.544041335991767,
            3.7136098304745855,
            3.883178324957404
        ],
        "dist1112": [
            2.3625859915192016,
            3.775950468762394,
            5.189314946005586
        ]
    },
    "time": "9:00"
}