{
    "det": {
        "frame_n": "479",
        "dist1213": [
            3.304902180283897,
            3.508153723432863,
            3.711405266581829
        ],
        "dist111": [
            2.2572477013008556,
            2.332905243596937,
            2.4085627858930185
        ],
        "dist89": [
            3.36867308702939,
            3.587543109206067,
            3.806413131382744
        ],
        "dist18": [
            2.269530676054283,
            2.3441452839910206,
            2.4187598919277584
        ],
        "dist910": [
            -6.901059715625189,
            10.257983544605894,
            27.41702680483698
        ],
        "dist1112": [
            3.3304788648324735,
            3.495766219650296,
            3.6610535744681183
        ]
    },
    "time": "15:30"
}