{
    "det": {
        "frame_n": "438",
        "dist1213": [
            3.4119096850452655,
            3.535899276523419,
            3.6598888680015724
        ],
        "dist111": [
            2.3321509744890627,
            2.415425038385926,
            2.498699102282789
        ],
        "dist89": [
            3.1458688037416125,
            3.2680196946467466,
            3.3901705855518807
        ],
        "dist18": [
            2.3400460920939516,
            2.425939988846731,
            2.51183388559951
        ],
        "dist910": [
            -10.56356303729424,
            20.877878211101255,
            52.319319459496754
        ],
        "dist1112": [
            2.7125307067740003,
            3.8821329308223604,
            5.051735154870721
        ]
    },
    "time": "16:00"
}