{
    "det": {
        "frame_n": "571",
        "dist1213": [
            3.5046798725992465,
            3.64906812412497,
            3.7934563756506936
        ],
        "dist111": [
            2.356053943049833,
            2.4766689203360817,
            2.5972838976223303
        ],
        "dist89": [
            3.208990199335344,
            3.4563699015727183,
            3.7037496038100928
        ],
        "dist18": [
            2.34258807266694,
            2.4421082032245236,
            2.541628333782107
        ],
        "dist910": [
            3.0060842281946565,
            4.477654658370269,
            5.949225088545881
        ],
        "dist1112": [
            3.1739534913827208,
            3.406337163201657,
            3.638720835020593
        ]
    },
    "time": "16:00"
}