{
    "det": {
        "frame_n": "545",
        "dist1213": [
            3.5019607576277325,
            3.7014194622370846,
            3.9008781668464367
        ],
        "dist111": [
            2.4798828083588864,
            2.602190018224486,
            2.724497228090086
        ],
        "dist89": [
            3.0908300300598084,
            3.390622803979562,
            3.6904155778993157
        ],
        "dist18": [
            2.5334000246333708,
            2.672672223508229,
            2.8119444223830876
        ],
        "dist910": [
            -10.580885118853457,
            12.374379039098033,
            35.32964319704952
        ],
        "dist1112": [
            3.098851836831259,
            3.304204587042361,
            3.5095573372534625
        ]
    },
    "time": "14:30"
}