{
    "det": {
        "frame_n": "474",
        "dist1213": [
            3.562064786143789,
            3.84068743626996,
            4.119310086396131
        ],
        "dist111": [
            2.2954972930387743,
            2.4201208204891564,
            2.5447443479395386
        ],
        "dist89": [
            2.988324765427155,
            3.1589376609197592,
            3.3295505564123635
        ],
        "dist18": [
            2.327871291973174,
            2.458050022080675,
            2.588228752188176
        ],
        "dist910": [
            3.539297373742375,
            4.18250779544514,
            4.825718217147905
        ],
        "dist1112": [
            3.1111967668110734,
            3.295757567267571,
            3.480318367724069
        ]
    },
    "time": "8:30"
}