{
    "det": {
        "frame_n": "790",
        "dist1213": [
            3.560109713148371,
            3.8386977888031266,
            4.117285864457882
        ],
        "dist111": [
            2.206023904262759,
            2.4373044330232467,
            2.6685849617837345
        ],
        "dist89": [
            3.1963949286791333,
            3.697941237507119,
            4.199487546335105
        ],
        "dist18": [
            2.1872054450834657,
            2.413500135817698,
            2.63979482655193
        ],
        "dist910": [
            3.3569516281134857,
            3.516546744052135,
            3.6761418599907842
        ],
        "dist1112": [
            3.3323374702586865,
            3.480826461928035,
            3.6293154535973833
        ]
    },
    "time": "8:30"
}