{
    "det": {
        "frame_n": "256",
        "dist1213": [
            3.469843076296053,
            3.741582617070814,
            4.013322157845575
        ],
        "dist111": [
            2.5760380796431037,
            2.9536086054637276,
            3.3311791312843515
        ],
        "dist89": [
            3.357622622355102,
            4.061006947599011,
            4.76439127284292
        ],
        "dist18": [
            2.5714651381039157,
            2.9221555330757716,
            3.2728459280476274
        ],
        "dist910": [
            3.401181043020409,
            3.7211555807111933,
            4.041130118401978
        ],
        "dist1112": [
            3.043915618668838,
            3.376088587610076,
            3.7082615565513137
        ]
    },
    "time": "9:00"
}