{
    "det": {
        "frame_n": "472",
        "dist1213": [
            3.151623333429548,
            3.311482804400512,
            3.4713422753714758
        ],
        "dist111": [
            3.269444861845261,
            3.6078351353271803,
            3.9462254088090996
        ],
        "dist89": [
            3.6060709540974196,
            4.061291669208554,
            4.516512384319689
        ],
        "dist18": [
            3.341801423303989,
            3.6989715493928292,
            4.056141675481669
        ],
        "dist910": [
            2.881299019871111,
            4.12109747078492,
            5.360895921698729
        ],
        "dist1112": [
            3.510214761569532,
            4.443079313319402,
            5.3759438650692735
        ]
    },
    "time": "15:30"
}