{
    "det": {
        "frame_n": "419",
        "dist1213": [
            3.5791062840604573,
            3.7457460762314736,
            3.91238586840249
        ],
        "dist111": [
            2.4261844135150206,
            2.667882709922753,
            2.9095810063304857
        ],
        "dist89": [
            3.203470559550784,
            3.569871160376022,
            3.9362717612012594
        ],
        "dist18": [
            2.457943223165357,
            2.6974514782336603,
            2.9369597333019635
        ],
        "dist910": [
            3.5542148502387807,
            4.224831713709748,
            4.895448577180716
        ],
        "dist1112": [
            3.215250070347464,
            3.5986810186868903,
            3.9821119670263165
        ]
    },
    "time": "14:00"
}