{
    "det": {
        "frame_n": "497",
        "dist1213": [
            3.4791645592432605,
            3.599066574450101,
            3.7189685896569413
        ],
        "dist111": [
            2.399131516255056,
            2.540809369106081,
            2.682487221957106
        ],
        "dist89": [
            3.1648282634238067,
            3.385989701095807,
            3.6071511387678075
        ],
        "dist18": [
            2.3877388928908085,
            2.534857449391305,
            2.681976005891802
        ],
        "dist910": [
            3.0727557754948664,
            4.0089640971643234,
            4.9451724188337804
        ],
        "dist1112": [
            3.1455004425939985,
            3.370933341302939,
            3.59636624001188
        ]
    },
    "time": "12:30"
}