{
    "det": {
        "frame_n": "468",
        "dist1213": [
            3.2089626594360112,
            3.318676816768841,
            3.4283909741016707
        ],
        "dist111": [
            2.298014206416239,
            2.3605350673503245,
            2.42305592828441
        ],
        "dist89": [
            3.479135577992881,
            3.5388623162338706,
            3.59858905447486
        ],
        "dist18": [
            2.2965120238476473,
            2.3628285856677653,
            2.4291451474878833
        ],
        "dist910": [
            3.3138275212517128,
            3.3955095948237903,
            3.477191668395868
        ],
        "dist1112": [
            3.4450862102895408,
            3.5409846579341275,
            3.6368831055787143
        ]
    },
    "time": "17:00"
}