{
    "det": {
        "frame_n": "472",
        "dist1213": [
            3.534689783380176,
            3.757541914339432,
            3.980394045298688
        ],
        "dist111": [
            2.3768912239761573,
            2.5322668126565984,
            2.6876424013370395
        ],
        "dist89": [
            3.335367794378132,
            3.5844058358902493,
            3.8334438774023667
        ],
        "dist18": [
            2.4223502319397947,
            2.583882381340092,
            2.745414530740389
        ],
        "dist910": [
            2.7447854379821095,
            5.140888599537781,
            7.536991761093452
        ],
        "dist1112": [
            3.2491631005395085,
            3.4917123011659283,
            3.734261501792348
        ]
    },
    "time": "17:30"
}