{
    "det": {
        "frame_n": "291",
        "dist1213": [
            3.1985121653800572,
            3.392260830496769,
            3.5860094956134807
        ],
        "dist111": [
            2.3046258283360674,
            2.36426445690967,
            2.4239030854832726
        ],
        "dist89": [
            3.499769411861265,
            3.545330600704085,
            3.5908917895469052
        ],
        "dist18": [
            2.260892630897146,
            2.3064552257204536,
            2.352017820543761
        ],
        "dist910": [
            3.3540604019443725,
            3.4180387516918236,
            3.4820171014392747
        ],
        "dist1112": [
            3.4307033677185337,
            3.5211417220011976,
            3.6115800762838615
        ]
    },
    "time": "9:30"
}