{
    "det": {
        "frame_n": "448",
        "dist1213": [
            -8.92298114419612,
            11.80041621645921,
            32.52381357711454
        ],
        "dist111": [
            2.237755800001641,
            2.3408066797153295,
            2.443857559429018
        ],
        "dist89": [
            3.365383376301883,
            3.6347282718873024,
            3.904073167472722
        ],
        "dist18": [
            2.317679970754701,
            2.4514399641705094,
            2.5851999575863176
        ],
        "dist910": [
            3.510535111594184,
            5.012703529748654,
            6.514871947903124
        ],
        "dist1112": [
            3.221829533705408,
            3.418934012234742,
            3.6160384907640757
        ]
    },
    "time": "15:00"
}