{
    "det": {
        "frame_n": "414",
        "dist1213": [
            3.481562577582238,
            3.5613137726118365,
            3.641064967641435
        ],
        "dist111": [
            2.243687664926548,
            2.3252451548026287,
            2.4068026446787094
        ],
        "dist89": [
            3.3989406052488156,
            3.5467587334320294,
            3.6945768616152432
        ],
        "dist18": [
            2.245652213007724,
            2.327209648827444,
            2.408767084647164
        ],
        "dist910": [
            3.5579833418974127,
            3.7678360486576468,
            3.977688755417881
        ],
        "dist1112": [
            3.4238553363731854,
            3.5687142104255383,
            3.713573084477891
        ]
    },
    "time": "11:00"
}