{
    "det": {
        "frame_n": "393",
        "dist1213": [
            3.6157985066809406,
            3.696958189584916,
            3.7781178724888917
        ],
        "dist111": [
            2.325697379302546,
            2.344248739171628,
            2.3628000990407094
        ],
        "dist89": [
            3.172415990479743,
            3.22106862379393,
            3.269721257108117
        ],
        "dist18": [
            2.3287045007714258,
            2.3515051538682292,
            2.3743058069650327
        ],
        "dist910": [
            3.623049781051424,
            3.7179609915568124,
            3.812872202062201
        ],
        "dist1112": [
            3.148054981205292,
            3.180943291882327,
            3.213831602559362
        ]
    },
    "time": "9:00"
}