{
    "det": {
        "frame_n": "482",
        "dist1213": [
            3.3121991655131455,
            3.6897984740354746,
            4.067397782557803
        ],
        "dist111": [
            2.8099952939109265,
            3.0482057614021847,
            3.286416228893443
        ],
        "dist89": [
            4.199809510555655,
            4.648228081239363,
            5.096646651923072
        ],
        "dist18": [
            3.05718333963123,
            3.324022957331632,
            3.590862575032034
        ],
        "dist910": [
            2.971774891072716,
            5.550080605737577,
            8.128386320402438
        ],
        "dist1112": [
            3.6142546205230506,
            4.307651060282288,
            5.001047500041526
        ]
    },
    "time": "9:30"
}