{
    "det": {
        "frame_n": "209",
        "dist1213": [
            1.4694235725708933,
            5.119071594807438,
            8.768719617043983
        ],
        "dist111": [
            2.6103666207766767,
            2.9650281661107827,
            3.3196897114448887
        ],
        "dist89": [
            3.284252967117834,
            3.707892625588606,
            4.131532284059378
        ],
        "dist18": [
            2.6202851125630717,
            2.970491290217266,
            3.3206974678714607
        ],
        "dist910": [
            3.6190527754490343,
            4.949446630019258,
            6.2798404845894815
        ],
        "dist1112": [
            3.265151171108221,
            3.661146965681617,
            4.0571427602550125
        ]
    },
    "time": "17:00"
}